renda_mensal,valor_solicitado,prazo_meses,taxa_juros_mensal,parcela_estimada,comprometimento_renda,score_credito,atrasos_12m,tempo_emprego_meses,reserva_meses,outros_creditos,relacao_credito_renda,finalidade,moradia,inadimplente
6281.34,4197.14,24,1.839,217.87,3.47,762,0,22,3.2,2,0.056,Crédito pessoal,Financiada,0
2728.82,19462.73,36,1.56,710.73,26.05,907,0,58,1.0,1,0.594,Crédito pessoal,Familiar,0
8280.79,2769.59,48,1.804,86.72,1.05,526,3,35,4.1,1,0.028,Financiamento de veículo,Própria,0
9316.7,18757.31,18,1.658,1213.83,13.03,531,2,21,2.8,2,0.168,Reforma ou serviços,Alugada,0
1551.18,13532.27,24,1.696,691.07,44.55,720,0,14,2.0,1,0.727,Crédito pessoal,Própria,1
2319.4,12802.92,48,1.037,339.98,14.66,668,0,49,2.8,1,0.46,Financiamento de veículo,Alugada,0
5628.93,17483.24,18,1.797,1145.48,20.35,599,2,22,0.2,0,0.259,Educação,Própria,0
4274.16,11797.06,6,3.712,2229.34,52.16,412,3,48,1.5,2,0.23,Crédito pessoal,Própria,1
5146.11,13055.12,18,0.55,763.77,14.84,874,0,50,0.7,2,0.211,Educação,Alugada,0
3064.15,11836.05,36,1.577,433.39,14.14,767,1,6,1.7,0,0.322,Reforma ou serviços,Própria,0
8970.0,16966.39,12,0.559,1465.75,16.34,859,1,27,3.3,1,0.158,Reforma ou serviços,Própria,0
8422.36,1891.48,12,1.577,174.24,2.07,902,0,49,1.9,1,0.019,Consolidação de dívidas,Própria,0
5417.3,13322.0,24,2.219,721.96,13.33,652,0,35,1.3,1,0.205,Consolidação de dívidas,Alugada,0
10459.89,24902.62,24,1.531,1247.69,11.93,793,0,159,0.6,0,0.198,Consolidação de dívidas,Financiada,0
6948.42,8324.17,48,2.389,293.28,4.22,663,0,236,2.3,1,0.1,Consolidação de dívidas,Financiada,0
3052.31,19533.87,24,0.878,906.19,29.69,711,0,46,3.5,2,0.533,Educação,Própria,0
6535.73,29199.71,48,1.258,814.02,12.45,926,0,34,0.3,0,0.372,Crédito pessoal,Financiada,0
2869.54,7635.3,24,0.714,347.31,12.1,686,0,66,3.4,0,0.222,Financiamento de veículo,Financiada,0
8964.73,15306.85,36,2.145,614.62,6.86,737,0,12,4.2,2,0.142,Consolidação de dívidas,Financiada,0
5041.5,5271.23,24,1.063,250.01,4.96,649,1,85,3.2,0,0.087,Financiamento de veículo,Própria,0
4636.89,13092.09,12,1.521,1201.82,25.92,575,1,50,4.7,1,0.235,Financiamento de veículo,Familiar,1
3409.22,9207.99,6,0.62,1568.15,46.0,868,0,83,1.0,3,0.225,Reforma ou serviços,Financiada,0
11096.55,10221.05,18,3.123,750.88,6.77,498,1,85,4.3,0,0.077,Crédito pessoal,Própria,0
4724.92,10602.74,12,3.198,1077.83,22.81,491,3,58,4.8,2,0.187,Reforma ou serviços,Alugada,0
3987.22,20344.21,36,0.55,624.46,15.66,884,0,23,0.3,2,0.425,Financiamento de veículo,Própria,0
4180.1,13302.35,48,2.109,443.36,10.61,497,1,38,2.0,4,0.265,Financiamento de veículo,Familiar,0
7233.26,19583.28,24,1.586,987.52,13.65,607,1,92,1.9,0,0.226,Educação,Alugada,0
6522.34,4521.55,12,1.785,421.94,6.47,696,0,31,5.0,1,0.058,Crédito pessoal,Alugada,0
6716.4,18981.78,12,2.897,1895.23,28.22,537,1,65,11.1,2,0.236,Crédito pessoal,Financiada,0
6792.15,4418.24,24,0.55,197.02,2.9,847,0,29,3.2,1,0.054,Educação,Própria,0
19618.64,11534.97,24,1.411,569.93,2.91,757,0,23,8.2,1,0.049,Reforma ou serviços,Financiada,0
4041.76,20626.36,60,2.04,599.19,14.82,590,0,47,0.8,1,0.425,Reforma ou serviços,Própria,0
3785.08,21056.47,48,1.37,601.5,15.89,836,0,4,2.9,2,0.464,Crédito pessoal,Financiada,0
3139.68,11285.35,60,1.97,322.28,10.26,768,0,30,1.7,2,0.3,Consolidação de dívidas,Própria,0
7618.4,7664.26,36,0.7,241.61,3.17,807,0,106,2.7,0,0.084,Educação,Alugada,0
10471.12,35639.57,48,1.303,1003.36,9.58,742,0,63,5.2,1,0.284,Educação,Financiada,0
4845.31,17509.37,48,3.105,706.48,14.58,393,1,45,3.7,0,0.301,Crédito pessoal,Própria,0
3088.73,2634.8,18,1.819,172.96,5.6,537,1,42,1.3,1,0.071,Financiamento de veículo,Financiada,0
3118.9,8581.99,36,1.847,328.49,10.53,631,0,92,1.5,1,0.229,Educação,Própria,0
7783.66,17049.58,24,1.017,804.23,10.33,710,0,29,3.5,1,0.183,Reforma ou serviços,Própria,0
8243.92,11901.99,24,2.303,651.11,7.9,533,1,36,2.7,1,0.12,Crédito pessoal,Financiada,1
7282.06,30528.86,24,0.779,1399.66,19.22,864,0,4,0.9,1,0.349,Reforma ou serviços,Própria,0
3441.97,6210.97,18,1.137,383.52,11.14,716,0,43,1.6,1,0.15,Reforma ou serviços,Financiada,0
6005.04,15868.7,36,3.32,761.98,12.69,468,3,65,4.4,1,0.22,Consolidação de dívidas,Financiada,0
5590.14,8907.2,12,0.55,769.07,13.76,964,0,31,0.6,0,0.133,Financiamento de veículo,Familiar,0
5955.09,11985.81,18,1.679,777.1,13.05,633,1,59,1.8,1,0.168,Financiamento de veículo,Alugada,0
8925.79,9422.69,48,2.535,341.58,3.83,712,0,36,1.3,1,0.088,Consolidação de dívidas,Própria,0
5973.23,14610.22,48,0.653,355.53,5.95,828,1,61,4.7,2,0.204,Educação,Alugada,0
7921.54,41515.03,60,0.892,896.42,11.32,687,1,50,11.5,4,0.437,Educação,Própria,0
5422.5,4488.67,60,0.994,99.67,1.84,897,0,25,5.8,1,0.069,Crédito pessoal,Financiada,0
6220.89,43616.73,12,1.409,3976.2,63.92,737,0,37,1.0,1,0.584,Crédito pessoal,Familiar,1
7691.05,59108.07,24,1.509,2954.14,38.41,588,1,43,1.0,1,0.64,Financiamento de veículo,Própria,0
2106.91,9750.01,12,1.648,902.16,42.82,773,0,42,4.5,0,0.386,Crédito pessoal,Própria,0
4265.09,22205.58,24,0.55,990.18,23.22,815,0,125,4.1,0,0.434,Financiamento de veículo,Própria,0
3884.63,26702.3,36,2.201,1081.75,27.85,501,0,41,1.8,1,0.573,Reforma ou serviços,Própria,0
3499.27,24363.62,60,0.994,541.01,15.46,946,0,108,0.5,0,0.58,Consolidação de dívidas,Financiada,0
4384.48,8091.74,60,0.714,166.27,3.79,695,0,19,1.9,3,0.154,Financiamento de veículo,Alugada,0
13138.18,7087.2,24,1.88,369.62,2.81,710,0,59,2.4,0,0.045,Reforma ou serviços,Financiada,1
3039.96,9924.72,24,3.302,605.28,19.91,382,3,78,9.7,1,0.272,Crédito pessoal,Financiada,1
9478.17,10304.37,24,2.306,563.84,5.95,636,1,12,4.0,0,0.091,Crédito pessoal,Alugada,0
1831.76,5775.74,24,0.777,264.71,14.45,769,0,66,0.2,2,0.263,Educação,Familiar,0
4225.04,7940.88,12,1.005,705.77,16.7,760,0,6,3.4,0,0.157,Reforma ou serviços,Financiada,0
5752.1,20866.05,24,1.352,1023.85,17.8,638,1,28,4.7,1,0.302,Financiamento de veículo,Própria,1
7479.13,42570.05,12,2.25,4087.55,54.65,522,0,47,4.2,1,0.474,Crédito pessoal,Familiar,0
8081.84,7282.71,12,2.251,699.31,8.65,721,1,127,4.0,0,0.075,Consolidação de dívidas,Própria,0
8503.98,18761.4,60,1.748,507.35,5.97,473,3,67,2.6,3,0.184,Financiamento de veículo,Financiada,0
4188.95,4980.61,18,2.045,333.52,7.96,856,0,27,1.5,0,0.099,Consolidação de dívidas,Financiada,0
3904.0,5963.99,24,2.662,339.47,8.7,454,0,91,0.5,0,0.127,Crédito pessoal,Familiar,0
8851.65,3597.12,36,0.55,110.41,1.25,843,0,15,8.7,0,0.034,Financiamento de veículo,Financiada,0
4618.41,3812.22,24,1.175,183.23,3.97,612,1,8,3.0,0,0.069,Financiamento de veículo,Familiar,0
2357.81,9040.06,48,0.55,214.8,9.11,853,0,59,1.1,2,0.32,Financiamento de veículo,Financiada,0
2575.44,9901.43,48,2.788,376.66,14.63,552,0,30,2.1,2,0.32,Crédito pessoal,Própria,0
2940.55,13532.91,18,2.77,964.96,32.82,499,2,48,0.5,1,0.384,Crédito pessoal,Própria,1
7077.34,10770.68,24,1.995,569.14,8.04,709,0,15,2.1,2,0.127,Crédito pessoal,Alugada,0
5680.06,5320.34,12,0.55,459.37,8.09,800,0,97,5.3,2,0.078,Financiamento de veículo,Familiar,0
7978.57,3873.37,60,1.221,91.44,1.15,842,0,91,3.4,1,0.04,Reforma ou serviços,Própria,0
3989.88,2701.95,12,1.946,254.66,6.38,638,0,12,4.6,2,0.056,Reforma ou serviços,Familiar,0
5737.1,10691.01,48,2.554,389.0,6.78,573,0,19,4.3,1,0.155,Crédito pessoal,Financiada,0
7663.93,17580.59,48,3.254,728.77,9.51,534,1,108,2.8,0,0.191,Consolidação de dívidas,Familiar,0
4292.48,6480.14,48,1.787,202.22,4.71,613,1,30,1.6,2,0.126,Educação,Financiada,0
6902.33,2483.83,36,3.519,122.75,1.78,415,4,16,1.3,2,0.03,Crédito pessoal,Financiada,0
3449.62,9266.81,24,0.73,422.32,12.24,625,0,52,6.4,2,0.224,Financiamento de veículo,Própria,0
4151.9,10094.69,36,1.311,353.58,8.52,807,0,31,3.1,2,0.203,Crédito pessoal,Financiada,0
4104.08,4548.56,12,0.982,403.67,9.84,704,0,15,2.9,2,0.092,Financiamento de veículo,Própria,0
2477.47,5263.35,12,1.425,480.29,19.39,716,0,129,3.1,2,0.177,Educação,Própria,0
7032.78,21853.63,36,2.121,874.14,12.43,710,0,8,1.5,2,0.259,Crédito pessoal,Financiada,0
3886.97,3086.65,24,0.555,137.72,3.54,722,0,39,2.8,3,0.066,Financiamento de veículo,Própria,0
5240.44,4627.69,60,1.966,132.04,2.52,509,0,79,1.0,0,0.074,Financiamento de veículo,Alugada,0
7005.68,28820.6,18,1.556,1848.23,26.38,663,0,102,1.2,1,0.343,Reforma ou serviços,Própria,0
6858.63,8519.05,18,1.713,554.02,8.08,785,0,68,3.5,2,0.104,Crédito pessoal,Própria,0
7855.37,12855.4,24,2.274,700.92,8.92,670,1,82,3.0,2,0.136,Educação,Financiada,0
4891.98,5331.98,12,2.848,530.82,10.85,481,2,74,0.7,0,0.091,Crédito pessoal,Financiada,0
3999.68,28546.17,36,1.731,1072.15,26.81,682,0,47,0.7,2,0.595,Reforma ou serviços,Própria,0
4949.24,11756.22,12,1.441,1073.83,21.7,803,0,22,4.3,0,0.198,Consolidação de dívidas,Própria,0
1826.7,7245.85,24,0.55,323.1,17.69,814,0,33,1.0,2,0.331,Financiamento de veículo,Financiada,0
2120.07,8503.1,12,1.483,778.74,36.73,855,0,18,1.8,3,0.334,Crédito pessoal,Própria,0
2290.08,5439.17,24,2.062,289.59,12.65,616,0,50,0.0,2,0.198,Crédito pessoal,Financiada,0
2802.09,11370.21,24,1.251,551.34,19.68,706,0,22,0.6,1,0.338,Educação,Própria,0
6662.66,6726.46,24,1.414,332.46,4.99,609,2,40,1.1,2,0.084,Financiamento de veículo,Familiar,0
2966.14,8501.15,60,2.035,246.62,8.31,680,0,37,1.3,4,0.239,Crédito pessoal,Alugada,0
4113.19,6691.94,36,0.758,213.12,5.18,930,0,56,2.9,0,0.136,Consolidação de dívidas,Alugada,0
11636.89,4943.99,24,2.36,272.17,2.34,838,0,40,0.6,5,0.035,Consolidação de dívidas,Própria,0
4169.41,21584.12,36,0.827,695.75,16.69,901,0,43,11.3,0,0.431,Crédito pessoal,Alugada,0
8214.64,17362.75,36,2.589,747.26,9.1,496,1,13,3.6,1,0.176,Crédito pessoal,Própria,0
2914.84,5978.96,60,1.171,139.29,4.78,506,1,27,1.1,0,0.171,Financiamento de veículo,Financiada,0
4578.11,42484.08,12,0.55,3668.18,80.12,787,0,1,2.4,0,0.773,Financiamento de veículo,Alugada,0
2885.35,7229.34,36,0.55,221.9,7.69,803,0,65,2.4,4,0.209,Financiamento de veículo,Própria,0
4214.19,22602.57,6,1.771,4003.95,95.01,839,1,35,0.2,3,0.447,Crédito pessoal,Própria,0
8755.22,1865.85,6,0.862,320.43,3.66,926,0,32,6.0,2,0.018,Crédito pessoal,Familiar,0
1781.97,9979.49,36,2.287,409.81,23.0,701,0,51,0.9,0,0.467,Consolidação de dívidas,Própria,0
6807.34,3232.69,24,2.385,178.47,2.62,598,0,45,1.4,3,0.04,Crédito pessoal,Própria,0
6025.83,6595.5,36,2.018,259.51,4.31,619,1,50,1.3,0,0.091,Crédito pessoal,Própria,0
3597.67,16570.3,24,0.55,738.89,20.54,937,0,56,2.0,4,0.384,Crédito pessoal,Financiada,0
2121.46,11915.65,12,0.55,1028.83,48.5,829,0,40,3.2,1,0.468,Educação,Própria,0
5437.82,7098.95,36,0.55,217.9,4.01,896,1,17,2.8,1,0.109,Financiamento de veículo,Financiada,0
3744.82,12728.33,24,2.963,748.61,19.99,427,2,15,0.7,1,0.283,Crédito pessoal,Financiada,0
6006.95,15353.71,18,1.394,970.37,16.15,868,0,25,1.1,1,0.213,Consolidação de dívidas,Familiar,0
5270.93,7787.11,24,3.326,476.13,9.03,506,2,118,3.8,1,0.123,Consolidação de dívidas,Própria,1
14037.91,20071.06,24,1.798,1037.05,7.39,771,0,44,5.5,2,0.119,Crédito pessoal,Alugada,0
4482.85,13623.73,12,1.06,1215.05,27.1,716,0,61,0.4,1,0.253,Reforma ou serviços,Financiada,0
2756.85,8352.41,36,2.622,361.29,13.11,509,2,33,0.3,2,0.252,Reforma ou serviços,Alugada,0
5811.33,32282.07,36,1.793,1224.79,21.08,761,0,37,6.6,2,0.463,Crédito pessoal,Financiada,0
5959.92,9255.58,12,2.399,896.79,15.05,588,2,23,0.5,2,0.129,Crédito pessoal,Financiada,0
12077.63,5699.06,24,1.803,294.63,2.44,618,1,63,2.3,0,0.039,Crédito pessoal,Alugada,0
8727.05,25105.61,18,1.499,1601.75,18.35,592,1,35,3.0,0,0.24,Financiamento de veículo,Financiada,0
6487.77,19356.63,48,3.136,785.44,12.11,555,2,68,0.8,4,0.249,Consolidação de dívidas,Alugada,0
12882.97,2859.32,24,1.14,136.85,1.06,791,0,5,2.6,1,0.018,Reforma ou serviços,Própria,0
2488.36,2969.68,12,0.58,256.9,10.32,770,0,70,0.8,0,0.099,Educação,Financiada,0
3497.37,17393.0,36,2.632,753.54,21.55,672,0,20,2.2,1,0.414,Crédito pessoal,Alugada,0
2927.6,7422.62,18,1.688,481.62,16.45,561,0,23,0.2,2,0.211,Reforma ou serviços,Financiada,0
4083.59,15351.61,60,1.018,343.16,8.4,618,1,82,3.8,2,0.313,Financiamento de veículo,Familiar,0
2214.69,8442.83,6,1.585,1486.22,67.11,849,0,89,0.3,0,0.318,Crédito pessoal,Própria,0
7709.49,18057.94,12,2.299,1739.1,22.56,631,1,47,6.0,5,0.195,Crédito pessoal,Própria,0
4530.72,15359.51,60,1.234,363.83,8.03,768,0,85,1.2,1,0.283,Reforma ou serviços,Financiada,0
2089.15,3189.86,60,1.396,78.86,3.77,655,1,27,1.0,1,0.127,Reforma ou serviços,Familiar,0
2770.42,5975.82,12,1.008,531.2,19.17,537,0,31,0.2,1,0.18,Financiamento de veículo,Própria,0
6315.69,17615.56,24,2.325,965.97,15.29,646,1,104,0.1,0,0.232,Crédito pessoal,Alugada,0
8743.38,16945.94,60,2.572,557.31,6.37,524,1,7,2.6,2,0.162,Crédito pessoal,Própria,1
17932.81,20368.03,18,1.449,1293.64,7.21,654,0,62,1.3,1,0.095,Financiamento de veículo,Própria,0
31666.31,65734.65,48,1.284,1842.92,5.82,773,0,39,2.3,0,0.173,Crédito pessoal,Própria,0
6723.39,21131.39,24,1.422,1045.44,15.55,793,0,51,3.1,0,0.262,Crédito pessoal,Própria,0
2815.51,13451.15,48,1.605,404.04,14.35,789,0,46,2.2,1,0.398,Crédito pessoal,Alugada,0
1500.0,5496.12,36,2.068,218.0,14.53,485,1,51,1.3,0,0.305,Educação,Financiada,1
6138.86,33188.47,48,0.937,861.71,14.04,592,0,38,2.0,0,0.451,Financiamento de veículo,Alugada,0
3141.3,9188.31,24,2.647,522.11,16.62,424,1,50,3.2,1,0.244,Reforma ou serviços,Alugada,0
4019.42,15402.07,60,1.942,436.86,10.87,836,0,62,1.1,1,0.319,Crédito pessoal,Própria,0
3557.86,9194.68,24,1.831,476.88,13.4,584,1,33,3.7,1,0.215,Reforma ou serviços,Própria,0
4765.34,17163.68,6,1.397,3002.11,63.0,712,0,39,1.8,1,0.3,Crédito pessoal,Financiada,0
10070.06,14677.48,36,1.826,559.89,5.56,673,1,49,5.7,1,0.121,Reforma ou serviços,Própria,0
5731.79,33231.98,12,0.55,2869.33,50.06,736,0,86,1.9,0,0.483,Financiamento de veículo,Alugada,0
4712.91,12898.82,12,2.165,1232.08,26.14,647,0,10,0.3,4,0.228,Consolidação de dívidas,Financiada,0
2736.15,18812.47,36,1.33,660.98,24.16,776,0,19,0.8,2,0.573,Reforma ou serviços,Alugada,0
1841.09,2976.33,36,0.813,95.7,5.2,718,0,132,1.7,0,0.135,Financiamento de veículo,Própria,0
3846.44,18131.14,36,1.095,612.11,15.91,623,2,57,11.1,0,0.393,Financiamento de veículo,Alugada,0
5029.46,9766.04,18,1.595,628.45,12.5,541,0,56,0.7,2,0.162,Reforma ou serviços,Alugada,0
15561.11,9315.83,12,2.563,911.64,5.86,686,0,177,10.5,2,0.05,Consolidação de dívidas,Financiada,0
5637.43,11797.59,18,1.231,734.69,13.03,825,0,55,4.0,0,0.174,Crédito pessoal,Financiada,0
9563.53,8477.0,36,2.477,358.57,3.75,601,1,30,4.4,1,0.074,Crédito pessoal,Própria,0
3815.59,17161.79,12,2.146,1637.44,42.91,718,0,4,3.2,0,0.375,Consolidação de dívidas,Financiada,0
2494.26,5852.33,48,2.646,216.72,8.69,458,1,38,8.5,1,0.196,Reforma ou serviços,Alugada,0
2858.47,3791.28,60,1.507,96.45,3.37,703,0,45,0.9,1,0.111,Reforma ou serviços,Alugada,0
3316.86,12536.25,48,2.328,436.43,13.16,579,2,77,3.9,1,0.315,Educação,Própria,0
19459.0,36453.44,24,0.55,1625.51,8.35,930,0,80,1.3,1,0.156,Financiamento de veículo,Alugada,0
3124.89,9545.09,24,2.352,525.0,16.8,472,1,64,0.9,0,0.255,Crédito pessoal,Financiada,1
8745.35,11510.69,24,0.858,532.71,6.09,830,0,88,5.3,0,0.11,Reforma ou serviços,Alugada,0
2970.84,11318.85,36,3.452,553.99,18.65,462,2,50,4.3,0,0.317,Consolidação de dívidas,Própria,1
9264.91,38147.19,48,0.883,978.56,10.56,768,0,11,3.1,0,0.343,Educação,Familiar,0
6601.71,27502.51,48,1.573,820.47,12.43,756,0,36,0.1,1,0.347,Reforma ou serviços,Alugada,0
4718.75,9065.91,18,0.886,547.11,11.59,700,0,36,0.7,2,0.16,Financiamento de veículo,Familiar,0
5070.23,12027.56,12,0.55,1038.49,20.48,743,0,47,0.3,2,0.198,Financiamento de veículo,Própria,0
3464.92,7922.27,24,3.005,468.03,13.51,479,0,90,1.6,0,0.191,Consolidação de dívidas,Familiar,0
6856.68,18456.0,6,1.955,3289.82,47.98,690,0,42,0.3,0,0.224,Crédito pessoal,Financiada,1
3921.87,4614.3,36,2.992,211.11,5.38,451,0,43,0.9,1,0.098,Consolidação de dívidas,Financiada,0
2432.17,6902.06,36,2.921,312.43,12.85,578,0,192,0.9,0,0.236,Consolidação de dívidas,Familiar,0
2354.52,12845.24,36,1.429,458.91,19.49,598,1,20,5.1,0,0.455,Financiamento de veículo,Alugada,0
5787.28,16253.81,18,0.55,950.9,16.43,797,0,54,1.0,1,0.234,Financiamento de veículo,Alugada,0
13841.83,13798.46,36,2.158,555.21,4.01,603,1,28,9.1,0,0.083,Reforma ou serviços,Própria,0
5742.26,11454.95,18,3.344,857.3,14.93,487,2,58,1.2,0,0.166,Crédito pessoal,Própria,0
4831.24,14350.22,24,2.912,839.33,17.37,622,1,97,3.0,3,0.248,Consolidação de dívidas,Alugada,0
6208.2,14760.47,36,0.913,482.97,7.78,901,0,71,2.3,1,0.198,Reforma ou serviços,Familiar,0
11685.86,41394.71,18,2.808,2961.02,25.34,588,1,53,3.7,2,0.295,Consolidação de dívidas,Própria,1
5957.65,19164.63,48,1.695,586.65,9.85,714,0,43,4.0,1,0.268,Crédito pessoal,Familiar,0
4030.47,10720.73,18,0.55,627.2,15.56,909,0,88,1.7,0,0.222,Financiamento de veículo,Familiar,0
10324.89,18638.03,48,1.002,491.03,4.76,967,0,74,1.2,1,0.15,Crédito pessoal,Financiada,0
6783.46,27467.7,60,1.431,685.18,10.1,846,0,44,3.4,1,0.337,Consolidação de dívidas,Familiar,0
13474.88,7078.35,24,0.55,315.63,2.34,927,1,178,0.6,1,0.044,Financiamento de veículo,Própria,0
5825.61,16820.46,12,1.78,1569.1,26.93,709,0,25,1.2,0,0.241,Crédito pessoal,Financiada,0
2433.88,4909.09,18,0.8,293.93,12.08,932,0,169,3.9,3,0.168,Reforma ou serviços,Própria,0
2226.43,6112.72,36,2.781,270.92,12.17,573,1,90,1.6,1,0.229,Consolidação de dívidas,Familiar,0
14472.26,10313.64,12,1.138,924.34,6.39,880,0,15,3.2,2,0.059,Consolidação de dívidas,Alugada,0
15139.87,9888.85,48,2.377,347.59,2.3,567,2,27,2.7,0,0.054,Reforma ou serviços,Alugada,0
4652.28,9782.07,36,0.952,322.24,6.93,911,0,53,1.0,2,0.175,Crédito pessoal,Própria,0
4100.39,12925.15,36,1.52,468.82,11.43,725,0,12,1.6,0,0.263,Consolidação de dívidas,Financiada,0
12868.13,14196.23,36,2.044,560.9,4.36,563,0,75,1.5,0,0.092,Educação,Financiada,0
2617.68,10336.41,36,2.665,450.08,17.19,471,2,42,4.5,1,0.329,Crédito pessoal,Financiada,1
2985.98,16904.5,6,2.945,3114.85,104.32,575,4,78,1.3,1,0.472,Consolidação de dívidas,Financiada,1
7748.67,13351.02,36,0.812,429.16,5.54,823,0,71,4.8,0,0.144,Educação,Alugada,0
4071.47,10164.48,36,1.756,383.33,9.41,634,0,37,1.5,0,0.208,Reforma ou serviços,Financiada,0
5183.51,37220.36,36,2.977,1699.08,32.78,506,1,27,2.9,2,0.598,Consolidação de dívidas,Financiada,0
4698.88,41159.15,48,1.046,1094.95,23.3,783,0,6,0.5,0,0.73,Educação,Própria,0
6410.61,23526.88,24,0.55,1049.1,16.37,917,0,174,4.2,1,0.306,Financiamento de veículo,Alugada,0
12444.73,12925.38,24,2.148,694.92,5.58,571,0,68,2.3,1,0.087,Crédito pessoal,Financiada,0
5500.4,18023.18,24,1.581,908.28,16.51,791,0,17,1.1,2,0.273,Crédito pessoal,Financiada,0
7751.61,7793.69,36,2.313,321.35,4.15,467,1,42,0.4,0,0.084,Educação,Própria,0
1500.0,14740.41,60,1.205,346.55,23.1,672,0,87,12.9,2,0.819,Financiamento de veículo,Própria,0
5045.28,5998.85,36,2.405,250.93,4.97,678,0,46,0.3,1,0.099,Consolidação de dívidas,Alugada,0
3082.85,15068.41,24,1.859,784.03,25.43,642,2,13,8.7,0,0.407,Crédito pessoal,Financiada,0
2442.43,17640.47,24,2.784,1017.57,41.66,404,2,74,6.7,0,0.602,Financiamento de veículo,Alugada,1
3016.82,6213.92,60,0.55,121.87,4.04,803,0,13,0.3,0,0.172,Financiamento de veículo,Alugada,0
4227.04,23784.59,12,1.372,2163.16,51.17,741,0,81,1.7,2,0.469,Reforma ou serviços,Alugada,0
9175.33,21978.89,48,0.55,522.24,5.69,787,0,59,3.1,1,0.2,Financiamento de veículo,Financiada,0
2284.84,7996.28,48,1.197,219.96,9.63,637,1,43,1.8,1,0.292,Financiamento de veículo,Própria,0
5299.7,16829.51,24,1.274,818.31,15.44,727,0,42,2.4,2,0.265,Educação,Própria,0
3851.54,36938.05,48,1.877,1174.4,30.49,647,0,36,4.9,4,0.799,Reforma ou serviços,Financiada,0
4243.98,30256.26,36,0.55,928.7,21.88,851,0,68,0.4,0,0.594,Financiamento de veículo,Alugada,0
9682.97,33414.42,60,1.535,856.14,8.84,654,1,16,3.0,1,0.288,Crédito pessoal,Financiada,0
7259.35,10708.72,24,0.55,477.52,6.58,897,0,29,1.1,0,0.123,Financiamento de veículo,Familiar,0
11915.56,7126.58,36,1.741,268.1,2.25,728,0,111,2.4,1,0.05,Crédito pessoal,Financiada,0
4724.99,13979.9,24,0.886,649.15,13.74,617,0,162,1.8,1,0.247,Financiamento de veículo,Própria,0
3377.63,15267.74,24,1.161,732.6,21.69,698,0,39,1.4,2,0.377,Reforma ou serviços,Financiada,1
4526.12,11992.86,12,2.236,1150.57,25.42,611,1,49,2.4,0,0.221,Crédito pessoal,Financiada,0
6043.64,9020.23,24,2.153,485.22,8.03,698,0,19,0.1,1,0.124,Crédito pessoal,Financiada,0
5801.6,6768.53,6,1.198,1175.85,20.27,608,0,24,4.4,0,0.097,Financiamento de veículo,Familiar,1
2654.72,7805.14,48,0.612,188.14,7.09,639,0,6,2.0,0,0.245,Financiamento de veículo,Financiada,0
5500.08,8416.01,18,0.55,492.37,8.95,773,0,10,1.3,1,0.128,Financiamento de veículo,Alugada,0
5990.41,15210.44,36,1.733,571.46,9.54,708,0,32,0.3,0,0.212,Consolidação de dívidas,Própria,0
24766.51,11284.47,60,1.427,281.19,1.14,725,0,83,3.2,0,0.038,Reforma ou serviços,Própria,0
16648.2,13060.8,24,0.55,582.4,3.5,831,0,43,3.2,1,0.065,Financiamento de veículo,Familiar,0
3063.77,5991.98,12,1.921,563.84,18.4,604,1,108,1.8,0,0.163,Reforma ou serviços,Alugada,0
4351.33,17014.09,24,2.448,945.86,21.74,697,0,29,2.1,0,0.326,Consolidação de dívidas,Própria,0
2098.71,11472.48,60,2.54,374.53,17.85,655,0,95,3.2,0,0.456,Consolidação de dívidas,Financiada,0
3605.36,6447.61,60,1.749,174.38,4.84,447,1,196,2.4,3,0.149,Financiamento de veículo,Alugada,0
6323.88,11871.36,36,1.837,453.65,7.17,563,1,58,6.3,1,0.156,Financiamento de veículo,Financiada,0
10982.33,7522.66,36,1.738,282.85,2.58,699,0,6,4.9,5,0.057,Crédito pessoal,Financiada,0
3308.94,4501.4,24,1.273,218.85,6.61,874,0,6,2.3,1,0.113,Crédito pessoal,Alugada,0
3466.3,24099.46,24,1.954,1267.54,36.57,542,0,11,1.9,0,0.579,Reforma ou serviços,Financiada,0
1500.0,6125.1,24,1.873,319.18,21.28,426,1,23,0.6,2,0.34,Financiamento de veículo,Alugada,0
4701.14,19412.1,24,2.051,1032.27,21.96,721,0,80,0.2,2,0.344,Crédito pessoal,Financiada,0
2691.13,21140.92,48,1.486,619.17,23.01,947,0,31,3.0,1,0.655,Consolidação de dívidas,Financiada,0
3744.94,7117.31,48,0.55,169.12,4.52,794,0,94,1.7,1,0.158,Financiamento de veículo,Financiada,0
3019.24,8023.59,48,2.098,266.81,8.84,575,0,27,3.2,1,0.221,Crédito pessoal,Alugada,0
4904.81,10449.07,18,1.28,653.66,13.33,654,1,191,6.0,2,0.178,Financiamento de veículo,Própria,0
1748.69,16190.65,12,1.409,1475.92,84.4,595,1,112,1.6,1,0.772,Educação,Alugada,1
2094.03,3910.19,60,0.917,85.02,4.06,766,0,30,0.3,1,0.156,Reforma ou serviços,Financiada,0
19468.38,18791.75,12,0.55,1622.53,8.33,847,0,21,4.3,3,0.08,Financiamento de veículo,Própria,0
2340.72,15095.6,24,0.88,700.5,29.93,738,0,113,1.4,1,0.537,Financiamento de veículo,Própria,0
2634.39,6972.08,12,0.55,601.99,22.85,957,0,16,0.9,1,0.221,Financiamento de veículo,Familiar,0
16241.1,3214.85,12,1.147,288.3,1.78,662,0,28,2.8,0,0.016,Reforma ou serviços,Alugada,0
31494.1,9884.84,24,1.298,482.02,1.53,837,0,16,4.0,2,0.026,Crédito pessoal,Familiar,0
2515.04,18951.35,12,1.798,1769.87,70.37,700,0,52,2.9,0,0.628,Crédito pessoal,Financiada,1
4138.54,17353.95,24,2.13,931.11,22.5,628,1,99,5.0,0,0.349,Crédito pessoal,Própria,0
6426.46,12806.65,24,1.37,629.76,9.8,607,0,30,0.5,2,0.166,Reforma ou serviços,Financiada,0
15187.17,34793.46,24,2.379,1919.46,12.64,439,2,85,1.0,2,0.191,Financiamento de veículo,Alugada,0
2820.2,14663.86,36,2.643,636.37,22.56,499,0,55,2.1,2,0.433,Crédito pessoal,Financiada,0
4466.42,15437.58,24,1.582,778.1,17.42,803,0,16,2.4,1,0.288,Consolidação de dívidas,Alugada,0
8419.98,4022.78,12,0.55,347.34,4.13,852,0,28,4.7,0,0.04,Financiamento de veículo,Familiar,0
6808.78,21330.33,36,2.18,861.27,12.65,616,0,11,4.7,1,0.261,Crédito pessoal,Financiada,0
4118.31,36164.61,36,1.547,1317.68,32.0,586,1,135,2.0,4,0.732,Financiamento de veículo,Própria,1
4785.97,6860.72,24,1.862,357.09,7.46,706,1,48,5.0,1,0.119,Crédito pessoal,Financiada,0
2217.15,10187.3,6,2.135,1827.01,82.4,434,4,43,1.7,1,0.383,Financiamento de veículo,Alugada,1
4486.13,5048.29,60,3.16,188.71,4.21,469,3,47,1.7,1,0.094,Crédito pessoal,Familiar,0
4408.34,19560.14,18,2.472,1359.5,30.84,693,0,20,1.4,1,0.37,Consolidação de dívidas,Própria,0
6005.07,12452.31,18,2.02,832.08,13.86,630,1,32,0.4,1,0.173,Crédito pessoal,Alugada,0
3685.31,15166.0,12,0.55,1309.47,35.53,818,0,57,0.2,1,0.343,Financiamento de veículo,Própria,0
6965.8,13243.59,36,0.739,420.32,6.03,741,0,8,2.1,0,0.158,Financiamento de veículo,Própria,0
9742.94,13057.85,36,1.511,472.95,4.85,706,0,4,5.4,3,0.112,Reforma ou serviços,Familiar,0
5726.04,13391.15,48,0.55,318.19,5.56,772,0,26,0.9,1,0.195,Financiamento de veículo,Financiada,0
6467.23,15815.04,36,0.723,500.56,7.74,714,0,23,4.6,0,0.204,Financiamento de veículo,Familiar,0
5374.23,14231.12,18,2.015,950.49,17.69,765,0,103,5.8,1,0.221,Consolidação de dívidas,Financiada,0
5200.27,13741.58,36,2.369,571.56,10.99,678,0,20,1.2,1,0.22,Crédito pessoal,Financiada,0
3324.41,20356.1,18,1.326,1278.61,38.46,567,0,58,0.1,2,0.51,Financiamento de veículo,Alugada,0
6327.37,28246.95,48,2.629,1042.61,16.48,498,0,23,1.4,1,0.372,Crédito pessoal,Financiada,0
4895.62,13895.93,12,0.55,1199.81,24.51,822,1,56,0.5,0,0.237,Financiamento de veículo,Própria,1
19037.73,6032.65,24,2.26,328.44,1.73,611,1,49,4.5,3,0.026,Crédito pessoal,Alugada,0
13792.69,8121.43,60,2.112,240.04,1.74,687,0,121,2.8,0,0.049,Crédito pessoal,Alugada,0
6605.37,31111.75,36,1.322,1091.66,16.53,737,0,18,0.1,0,0.393,Educação,Alugada,0
3239.97,6758.56,24,0.811,311.02,9.6,761,0,18,2.8,0,0.174,Reforma ou serviços,Alugada,0
2608.99,20335.0,36,0.55,624.17,23.92,836,0,212,4.4,0,0.65,Financiamento de veículo,Financiada,0
10882.62,9696.32,6,0.856,1664.8,15.3,665,0,96,2.3,2,0.074,Financiamento de veículo,Própria,0
6120.01,12615.6,6,1.907,2245.14,36.69,603,1,28,1.1,1,0.172,Financiamento de veículo,Alugada,1
7003.06,10711.54,24,2.331,587.82,8.39,769,0,19,2.6,2,0.127,Consolidação de dívidas,Própria,0
1763.0,3587.52,60,1.273,85.86,4.87,583,1,17,6.8,0,0.17,Financiamento de veículo,Própria,0
9241.19,46190.97,24,0.55,2059.72,22.29,823,0,93,5.9,3,0.417,Educação,Financiada,0
6892.26,36167.43,12,1.149,3243.83,47.06,704,0,24,0.4,2,0.437,Reforma ou serviços,Alugada,0
2612.2,15813.81,24,1.015,745.7,28.55,593,0,21,2.2,0,0.504,Financiamento de veículo,Alugada,0
3881.86,13668.18,48,2.575,499.31,12.86,656,0,20,0.5,1,0.293,Crédito pessoal,Alugada,0
6123.68,10065.25,24,1.637,510.51,8.34,838,0,65,1.1,0,0.137,Consolidação de dívidas,Financiada,0
5371.93,6757.16,18,1.65,436.95,8.13,514,1,35,5.4,1,0.105,Financiamento de veículo,Financiada,1
4338.43,13839.03,60,2.277,425.28,9.8,423,0,96,2.2,0,0.266,Educação,Financiada,1
4876.83,17702.03,60,2.106,522.42,10.71,633,0,154,0.6,0,0.302,Crédito pessoal,Financiada,0
4447.9,4847.99,24,0.555,216.3,4.86,721,0,49,1.3,1,0.091,Financiamento de veículo,Própria,0
5715.87,24797.8,48,0.9,638.55,11.17,768,0,53,3.5,3,0.362,Financiamento de veículo,Alugada,0
12948.55,6617.21,18,2.818,473.77,3.66,556,1,34,1.9,3,0.043,Crédito pessoal,Própria,1
1500.0,10429.88,18,2.614,733.84,48.92,502,0,47,2.3,1,0.579,Consolidação de dívidas,Alugada,1
4489.81,23911.39,24,0.637,1077.61,24.0,609,0,6,1.1,0,0.444,Financiamento de veículo,Financiada,0
5801.38,15897.51,48,3.411,677.72,11.68,398,1,56,1.2,1,0.228,Crédito pessoal,Própria,0
6247.46,14777.06,36,2.564,633.5,10.14,552,2,81,5.8,1,0.197,Reforma ou serviços,Familiar,0
4129.15,16670.18,60,0.55,326.95,7.92,849,0,16,2.1,0,0.336,Educação,Própria,0
1749.78,11217.59,36,1.738,421.83,24.11,802,0,137,3.0,0,0.534,Consolidação de dívidas,Própria,0
6372.65,9071.6,36,1.167,310.07,4.87,854,0,27,2.0,1,0.119,Reforma ou serviços,Alugada,0
15174.49,17730.69,48,0.55,421.3,2.78,808,0,113,0.6,3,0.097,Financiamento de veículo,Financiada,0
2009.06,13957.6,6,2.155,2504.86,124.68,549,1,69,0.5,0,0.579,Reforma ou serviços,Financiada,1
8883.82,15468.11,36,1.026,516.05,5.81,853,0,14,7.2,0,0.145,Reforma ou serviços,Própria,0
4241.74,26371.66,12,2.144,2515.77,59.31,710,0,92,5.3,0,0.518,Consolidação de dívidas,Própria,1
5006.0,17219.07,24,2.643,978.05,19.54,601,1,43,2.0,1,0.287,Consolidação de dívidas,Alugada,0
2707.06,6121.22,24,1.293,298.28,11.02,820,0,61,0.7,0,0.188,Reforma ou serviços,Própria,0
4226.17,9803.8,36,1.693,365.92,8.66,707,0,34,0.2,2,0.193,Crédito pessoal,Alugada,0
11642.78,13097.38,60,2.532,426.84,3.67,625,1,39,10.3,3,0.094,Consolidação de dívidas,Própria,0
7462.61,4681.35,12,1.195,421.07,5.64,709,0,8,0.4,1,0.052,Financiamento de veículo,Alugada,0
15221.24,7001.23,60,0.55,137.32,0.9,813,0,64,2.2,0,0.038,Financiamento de veículo,Própria,0
10790.37,10695.47,36,0.661,334.81,3.1,846,0,42,3.0,1,0.083,Financiamento de veículo,Alugada,0
6827.05,19695.24,36,1.195,676.34,9.91,898,0,53,0.7,2,0.24,Crédito pessoal,Própria,0
15331.32,9767.7,36,0.55,299.81,1.96,863,0,62,1.8,1,0.053,Financiamento de veículo,Financiada,0
6826.65,6387.84,12,0.644,554.87,8.13,767,0,59,8.8,3,0.078,Financiamento de veículo,Própria,0
8688.6,17941.73,12,2.07,1703.91,19.61,718,0,66,1.8,2,0.172,Crédito pessoal,Alugada,0
4326.61,4218.47,12,2.368,407.98,9.43,679,0,8,2.4,3,0.081,Crédito pessoal,Própria,0
5419.03,4331.23,24,2.359,238.42,4.4,657,0,35,3.2,0,0.067,Consolidação de dívidas,Familiar,0
3374.53,7761.0,24,1.196,373.92,11.08,649,1,14,3.9,0,0.192,Financiamento de veículo,Financiada,0
9604.2,18607.97,12,0.55,1606.66,16.73,765,0,2,3.6,0,0.161,Financiamento de veículo,Financiada,0
2504.55,7475.78,36,1.229,258.24,10.31,667,0,60,0.6,1,0.249,Educação,Alugada,0
8446.19,15013.27,24,1.542,753.2,8.92,686,0,152,3.5,0,0.148,Reforma ou serviços,Familiar,0
4620.28,24022.34,36,1.353,847.29,18.34,598,0,3,6.8,0,0.433,Financiamento de veículo,Alugada,0
10749.21,19656.21,12,1.362,1786.59,16.62,774,0,64,1.3,0,0.152,Crédito pessoal,Própria,0
8282.94,48598.57,24,0.55,2167.08,26.16,848,0,32,2.9,0,0.489,Financiamento de veículo,Própria,0
16078.12,15751.62,48,2.769,597.09,3.71,463,2,39,4.7,0,0.082,Crédito pessoal,Alugada,0
8180.38,26370.87,48,1.201,726.15,8.88,848,0,63,2.6,1,0.269,Crédito pessoal,Alugada,0
1962.06,6921.59,36,0.55,212.46,10.83,933,0,57,3.9,0,0.294,Financiamento de veículo,Própria,0
4988.56,10556.14,36,2.139,423.42,8.49,440,1,34,4.9,1,0.176,Educação,Familiar,0
2514.35,7011.69,48,2.473,251.12,9.99,534,2,27,2.6,0,0.232,Reforma ou serviços,Familiar,1
3770.94,13116.86,12,0.657,1140.29,30.24,808,0,57,3.7,1,0.29,Financiamento de veículo,Familiar,0
13271.52,5496.61,6,1.71,971.71,7.32,526,0,4,2.3,5,0.035,Educação,Alugada,0
7720.89,11980.01,36,2.123,479.31,6.21,742,0,62,0.4,0,0.129,Crédito pessoal,Própria,0
3371.38,12602.41,24,1.82,652.79,19.36,647,0,32,0.6,1,0.312,Reforma ou serviços,Financiada,0
2773.62,13983.63,12,1.301,1266.18,45.65,878,0,106,7.9,1,0.42,Consolidação de dívidas,Alugada,0
5306.77,8397.48,60,2.628,279.65,5.27,606,1,41,5.0,0,0.132,Consolidação de dívidas,Familiar,0
2445.85,14017.37,6,1.401,2452.15,100.26,604,0,102,0.6,2,0.478,Educação,Própria,1
3429.97,6954.53,36,2.09,276.81,8.07,547,1,18,0.5,0,0.169,Reforma ou serviços,Própria,1
6309.8,26136.64,24,1.943,1372.94,21.76,719,0,16,3.3,2,0.345,Crédito pessoal,Própria,0
10643.53,41654.3,24,0.55,1857.43,17.45,721,0,22,13.9,1,0.326,Financiamento de veículo,Alugada,0
7584.38,7702.91,24,1.027,363.76,4.8,656,0,119,2.0,1,0.085,Financiamento de veículo,Alugada,0
1500.0,4758.72,24,1.836,246.94,16.46,731,0,40,0.8,1,0.264,Crédito pessoal,Própria,0
6279.97,15728.23,12,1.597,1450.69,23.1,793,0,26,4.1,1,0.209,Consolidação de dívidas,Própria,0
5437.5,8224.94,36,2.487,348.47,6.41,638,2,56,5.6,0,0.126,Crédito pessoal,Própria,0
6721.23,4914.55,24,2.218,266.29,3.96,697,0,23,3.3,1,0.061,Crédito pessoal,Própria,0
14164.07,16476.46,24,1.566,828.91,5.85,770,0,56,4.2,3,0.097,Crédito pessoal,Financiada,0
1500.0,6499.76,24,1.88,339.01,22.6,760,0,40,0.5,0,0.361,Crédito pessoal,Familiar,0
3604.47,11877.44,24,0.55,529.63,14.69,953,0,25,4.1,0,0.275,Financiamento de veículo,Financiada,0
7500.88,26208.43,18,1.594,1686.32,22.48,893,0,42,3.3,3,0.291,Crédito pessoal,Alugada,0
1950.47,6699.53,12,2.308,645.54,33.1,730,0,42,1.3,0,0.286,Consolidação de dívidas,Financiada,0
12984.38,4853.9,36,1.793,184.17,1.42,481,0,76,0.7,1,0.031,Financiamento de veículo,Própria,0
6534.13,29292.27,36,1.394,1040.44,15.92,785,0,13,1.2,1,0.374,Crédito pessoal,Própria,0
8789.35,48784.86,12,1.708,4530.72,51.55,803,0,29,2.3,1,0.463,Crédito pessoal,Financiada,0
3649.8,11242.34,12,2.134,1071.83,29.37,533,1,50,3.5,0,0.257,Educação,Alugada,0
8612.31,37926.28,24,0.55,1691.19,19.64,813,0,21,5.5,1,0.367,Financiamento de veículo,Própria,0
10085.62,49930.7,36,1.863,1916.04,19.0,637,0,36,2.8,1,0.413,Educação,Própria,0
6007.71,23392.3,36,1.074,786.91,13.1,972,0,25,1.6,0,0.324,Consolidação de dívidas,Financiada,0
6013.38,13977.27,18,2.361,962.15,16.0,590,1,31,4.7,1,0.194,Reforma ou serviços,Financiada,0
6148.89,22827.71,36,0.944,750.92,12.21,889,0,16,2.6,2,0.309,Reforma ou serviços,Alugada,0
3044.65,18322.4,12,1.811,1712.53,56.25,639,0,153,3.3,3,0.501,Crédito pessoal,Financiada,0
4745.47,2780.85,24,1.339,136.25,2.87,700,1,5,1.3,0,0.049,Financiamento de veículo,Alugada,0
4730.8,12865.7,12,0.883,1134.68,23.98,629,0,25,4.7,1,0.227,Financiamento de veículo,Financiada,0
6595.34,5455.76,24,2.578,307.7,4.67,541,0,41,1.0,0,0.069,Crédito pessoal,Alugada,0
9665.37,7305.85,24,2.623,414.06,4.28,563,1,41,8.8,0,0.063,Crédito pessoal,Financiada,0
2697.61,17640.74,24,1.762,907.77,33.65,669,0,94,0.5,2,0.545,Crédito pessoal,Alugada,1
4812.19,13064.84,12,1.927,1229.87,25.56,759,0,13,2.0,0,0.226,Crédito pessoal,Própria,0
13028.78,14338.42,24,1.267,696.58,5.35,835,0,8,2.0,0,0.092,Crédito pessoal,Alugada,0
3279.31,12750.63,24,1.81,659.75,20.12,633,0,28,3.1,1,0.324,Crédito pessoal,Financiada,0
3123.22,12240.1,36,1.555,446.55,14.3,824,0,41,5.2,0,0.327,Consolidação de dívidas,Alugada,0
5894.91,13872.84,18,0.55,811.61,13.77,912,0,33,3.3,1,0.196,Financiamento de veículo,Financiada,0
8777.38,43135.41,36,1.646,1597.63,18.2,763,0,81,1.9,1,0.41,Consolidação de dívidas,Financiada,0
5236.97,22319.28,60,1.46,560.92,10.71,720,0,15,0.4,1,0.355,Educação,Alugada,0
11853.39,7134.51,36,1.563,260.64,2.2,770,0,25,1.7,1,0.05,Consolidação de dívidas,Familiar,0
8845.16,10185.78,36,1.584,373.4,4.22,511,0,62,5.0,0,0.096,Financiamento de veículo,Financiada,0
8763.43,22937.76,48,2.64,848.41,9.68,559,0,42,0.9,2,0.218,Consolidação de dívidas,Alugada,0
7331.73,11535.69,48,2.777,437.91,5.97,645,0,96,0.2,2,0.131,Consolidação de dívidas,Própria,0
22016.75,20260.52,12,2.001,1915.9,8.7,558,0,42,2.8,1,0.077,Reforma ou serviços,Própria,0
4578.9,13778.44,18,1.721,896.69,19.58,784,1,13,0.4,2,0.251,Consolidação de dívidas,Familiar,0
1501.52,10504.37,24,2.373,579.1,38.57,713,0,88,2.5,0,0.583,Consolidação de dívidas,Própria,0
14059.47,35066.63,18,0.893,2117.58,15.06,937,0,81,3.5,2,0.208,Crédito pessoal,Própria,0
3915.27,18697.61,18,2.333,1283.95,32.79,522,0,56,1.5,1,0.398,Reforma ou serviços,Financiada,0
5559.7,28479.1,48,2.405,1006.64,18.11,686,0,171,9.6,1,0.427,Consolidação de dívidas,Própria,0
11711.6,8697.29,36,0.767,277.41,2.37,621,0,43,3.7,0,0.062,Financiamento de veículo,Familiar,0
1925.64,7240.77,18,0.55,423.61,22.0,836,0,46,8.6,1,0.313,Financiamento de veículo,Alugada,0
2393.21,13739.2,18,0.55,803.79,33.59,927,0,80,2.0,3,0.478,Reforma ou serviços,Alugada,0
1926.81,11113.76,36,1.809,422.75,21.94,590,0,51,1.3,0,0.481,Reforma ou serviços,Alugada,0
3178.13,9191.06,24,2.82,532.22,16.75,453,0,46,2.4,1,0.241,Crédito pessoal,Financiada,1
6829.38,18129.0,18,1.629,1170.13,17.13,657,0,8,0.5,5,0.221,Crédito pessoal,Alugada,0
7196.93,5527.06,48,1.418,159.54,2.22,732,0,12,1.7,1,0.064,Reforma ou serviços,Financiada,0
6171.54,2916.54,60,2.364,91.47,1.48,558,0,11,4.5,2,0.039,Crédito pessoal,Financiada,0
2165.7,11432.25,24,1.287,556.73,25.71,652,0,31,1.4,1,0.44,Reforma ou serviços,Financiada,0
1500.0,4985.01,36,2.269,204.12,13.61,613,0,99,1.1,1,0.277,Consolidação de dívidas,Financiada,0
5378.22,9698.64,18,1.245,604.79,11.25,837,0,133,0.8,0,0.15,Consolidação de dívidas,Financiada,0
3881.25,12354.89,60,3.538,499.11,12.86,481,2,108,4.0,1,0.265,Crédito pessoal,Própria,0
6913.51,13188.14,24,1.895,688.98,9.97,584,0,111,2.6,0,0.159,Reforma ou serviços,Financiada,0
8035.51,24587.83,12,1.619,2271.0,28.26,802,0,19,10.1,1,0.255,Crédito pessoal,Própria,0
5665.35,22612.59,24,1.533,1133.21,20.0,734,0,42,7.6,3,0.333,Educação,Própria,0
8330.65,16622.35,18,0.97,1010.92,12.13,844,0,17,1.9,1,0.166,Financiamento de veículo,Financiada,0
5994.06,21087.5,24,2.245,1146.12,19.12,652,0,54,3.2,1,0.293,Consolidação de dívidas,Alugada,0
7223.2,6677.15,12,1.91,627.88,8.69,662,0,32,1.3,0,0.077,Crédito pessoal,Própria,0
3359.4,8157.59,36,2.532,348.02,10.36,496,1,9,1.1,1,0.202,Crédito pessoal,Alugada,0
4652.01,36092.2,36,1.931,1400.29,30.1,683,0,59,1.0,1,0.647,Crédito pessoal,Alugada,0
5874.73,15623.98,18,1.281,977.45,16.64,615,0,23,0.9,1,0.222,Reforma ou serviços,Própria,0
8648.5,26380.5,18,3.886,2064.58,23.87,404,1,39,5.0,1,0.254,Consolidação de dívidas,Familiar,1
4073.65,6123.39,18,1.564,392.96,9.65,826,0,27,1.1,3,0.125,Crédito pessoal,Alugada,0
7183.47,20798.04,24,1.777,1072.03,14.92,810,0,65,1.3,1,0.241,Consolidação de dívidas,Alugada,0
4409.84,11662.04,12,0.55,1006.93,22.83,880,0,47,2.5,4,0.22,Financiamento de veículo,Própria,0
4834.52,9543.84,24,0.743,435.66,9.01,809,0,41,2.3,1,0.165,Financiamento de veículo,Alugada,0
8696.85,34592.69,36,1.454,1241.11,14.27,786,0,105,2.6,0,0.331,Crédito pessoal,Própria,0
1511.29,11077.42,60,2.215,335.46,22.2,747,0,29,5.2,1,0.611,Crédito pessoal,Financiada,0
2327.62,13720.17,60,0.636,275.79,11.85,710,0,57,1.0,4,0.491,Financiamento de veículo,Própria,0
2074.47,12166.42,18,1.425,771.06,37.17,715,0,29,0.9,0,0.489,Reforma ou serviços,Familiar,0
1500.0,6747.75,36,0.75,214.58,14.31,742,0,194,3.3,0,0.375,Educação,Própria,0
3414.85,6159.36,36,1.749,232.04,6.79,861,1,90,3.2,0,0.15,Crédito pessoal,Própria,0
8275.57,14990.65,48,0.656,365.05,4.41,787,0,128,5.1,0,0.151,Reforma ou serviços,Financiada,0
4358.08,16622.8,12,2.839,1653.97,37.95,606,0,46,1.5,3,0.318,Consolidação de dívidas,Financiada,0
5878.42,28738.22,12,2.437,2790.98,47.48,427,2,93,1.8,2,0.407,Financiamento de veículo,Própria,0
10216.19,21540.99,18,1.565,1382.42,13.53,669,0,15,5.9,0,0.176,Crédito pessoal,Alugada,0
11844.03,6894.13,18,1.216,428.77,3.62,832,0,13,1.7,1,0.049,Reforma ou serviços,Financiada,0
4981.81,3225.37,36,1.694,120.41,2.42,861,0,35,2.0,2,0.054,Crédito pessoal,Financiada,0
12035.76,11192.22,48,0.923,289.7,2.41,689,0,53,2.2,0,0.077,Financiamento de veículo,Financiada,0
5505.66,5584.64,24,2.942,327.69,5.95,566,0,99,1.1,1,0.085,Consolidação de dívidas,Alugada,0
3094.02,13070.06,24,2.658,743.61,24.03,625,0,43,5.2,1,0.352,Consolidação de dívidas,Alugada,0
3597.11,19456.84,24,1.425,962.93,26.77,831,0,35,0.9,0,0.451,Crédito pessoal,Financiada,0
2076.59,8987.69,6,1.243,1563.79,75.31,682,0,74,3.0,2,0.361,Reforma ou serviços,Própria,1
2998.21,10227.5,24,1.99,540.14,18.02,767,0,124,0.1,0,0.284,Consolidação de dívidas,Financiada,0
4164.88,18989.1,12,2.253,1823.66,43.79,680,0,78,3.4,0,0.38,Consolidação de dívidas,Alugada,0
8558.13,38774.57,12,3.098,3918.21,45.78,559,1,60,2.0,0,0.378,Crédito pessoal,Alugada,1
15112.71,18942.78,36,1.569,692.72,4.58,784,0,92,4.8,0,0.104,Crédito pessoal,Familiar,0
2207.16,18481.73,24,2.48,1031.07,46.72,641,0,87,5.2,3,0.698,Consolidação de dívidas,Alugada,1
6634.02,9632.55,24,3.319,588.49,8.87,379,1,78,1.7,3,0.121,Crédito pessoal,Alugada,1
2727.87,15305.75,36,1.337,538.44,19.74,583,0,89,0.5,1,0.468,Financiamento de veículo,Alugada,0
6979.45,42720.58,36,2.119,1708.32,24.48,621,1,54,2.3,2,0.51,Crédito pessoal,Familiar,0
4794.09,13652.05,18,0.578,800.78,16.7,817,0,141,3.4,0,0.237,Financiamento de veículo,Própria,0
1671.12,4384.82,36,1.203,150.79,9.02,579,0,13,2.4,0,0.219,Financiamento de veículo,Financiada,0
9246.11,21203.73,18,1.008,1293.97,13.99,819,0,67,9.1,2,0.191,Educação,Alugada,0
3573.55,12762.84,12,2.219,1223.18,34.23,554,0,24,1.7,0,0.298,Crédito pessoal,Alugada,0
3734.6,22086.91,60,0.84,470.2,12.59,670,0,50,2.3,0,0.493,Financiamento de veículo,Alugada,0
2678.92,16791.25,48,1.302,472.62,17.64,850,0,14,1.3,1,0.522,Reforma ou serviços,Alugada,0
3466.01,7968.74,24,1.127,380.82,10.99,750,0,31,0.7,1,0.192,Financiamento de veículo,Familiar,0
6779.82,26410.06,12,0.732,2307.02,34.03,756,0,34,2.0,0,0.325,Financiamento de veículo,Própria,0
4624.31,36249.0,24,1.55,1820.16,39.36,713,0,62,1.7,0,0.653,Crédito pessoal,Alugada,0
6375.29,31069.93,24,1.793,1604.46,25.17,688,0,29,2.0,0,0.406,Consolidação de dívidas,Financiada,0
6508.12,41382.21,18,1.919,2740.75,42.11,747,0,37,0.5,1,0.53,Crédito pessoal,Familiar,0
11792.56,12105.39,12,2.604,1187.55,10.07,664,0,77,1.2,4,0.086,Crédito pessoal,Financiada,0
4204.4,6090.94,24,3.223,368.34,8.76,453,1,101,0.6,1,0.121,Consolidação de dívidas,Alugada,0
2081.33,5169.25,48,2.326,179.91,8.64,610,1,33,8.0,3,0.207,Crédito pessoal,Alugada,0
10077.82,63490.43,18,0.885,3831.1,38.02,688,0,112,1.5,2,0.525,Financiamento de veículo,Financiada,0
4233.95,13569.54,48,2.048,446.71,10.55,731,0,73,1.8,0,0.267,Reforma ou serviços,Familiar,0
10378.18,3795.51,24,2.126,203.55,1.96,749,0,111,7.1,0,0.03,Consolidação de dívidas,Familiar,0
6595.27,29520.54,18,2.964,2139.79,32.44,567,4,48,0.3,2,0.373,Crédito pessoal,Própria,1
4793.94,16823.18,48,2.146,564.91,11.78,612,0,36,1.0,1,0.292,Crédito pessoal,Alugada,0
6455.29,8005.03,12,2.228,767.59,11.89,717,0,42,2.5,2,0.103,Consolidação de dívidas,Financiada,0
17431.63,6306.78,36,2.468,266.42,1.53,729,0,60,3.9,0,0.03,Consolidação de dívidas,Financiada,0
18847.62,16264.01,24,0.742,742.27,3.94,789,0,47,6.1,1,0.072,Educação,Alugada,0
5428.57,25267.78,12,1.738,2351.1,43.31,729,1,48,3.1,0,0.388,Reforma ou serviços,Própria,1
5742.97,23949.46,36,1.183,820.87,14.29,846,0,73,1.0,1,0.348,Reforma ou serviços,Financiada,0
10134.32,28146.07,24,1.441,1395.48,13.77,498,1,29,8.4,2,0.231,Financiamento de veículo,Familiar,1
3078.21,5023.24,36,2.618,217.15,7.05,575,0,52,1.1,1,0.136,Crédito pessoal,Financiada,0
6392.74,6306.6,24,2.488,352.16,5.51,700,0,14,1.1,0,0.082,Crédito pessoal,Alugada,0
5117.28,14596.56,48,1.89,465.29,9.09,649,1,44,3.0,0,0.238,Crédito pessoal,Alugada,0
6317.24,18197.77,6,0.55,3091.61,48.94,804,0,34,3.4,0,0.24,Financiamento de veículo,Financiada,0
3101.76,10770.4,24,0.55,480.27,15.48,985,0,35,1.2,1,0.289,Reforma ou serviços,Alugada,0
1940.85,2827.1,24,0.55,126.06,6.5,834,0,17,5.0,0,0.121,Financiamento de veículo,Familiar,0
1500.0,10995.06,48,1.005,289.9,19.33,750,0,28,1.1,1,0.611,Reforma ou serviços,Familiar,0
2600.96,1996.97,48,3.024,79.39,3.05,414,3,62,1.9,0,0.064,Crédito pessoal,Própria,0
3912.9,10242.83,24,1.282,498.53,12.74,543,1,21,1.1,1,0.218,Financiamento de veículo,Alugada,0
4335.69,25833.62,18,1.772,1688.86,38.95,744,0,8,3.3,1,0.497,Crédito pessoal,Própria,0
17283.32,25250.26,24,0.834,1165.32,6.74,647,0,68,2.0,1,0.122,Financiamento de veículo,Financiada,0
10323.0,4446.84,36,1.72,166.7,1.61,814,0,164,2.0,0,0.036,Crédito pessoal,Familiar,0
2863.84,24938.04,12,0.633,2164.63,75.58,822,0,26,1.0,0,0.726,Financiamento de veículo,Própria,0
6451.02,39446.12,60,1.067,893.61,13.85,740,0,139,5.4,1,0.51,Reforma ou serviços,Financiada,1
4040.1,15922.89,36,2.236,648.65,16.06,640,0,7,0.6,0,0.328,Crédito pessoal,Própria,0
4359.48,12340.63,24,2.318,676.23,15.51,485,0,65,1.2,1,0.236,Reforma ou serviços,Financiada,0
5833.17,20580.41,36,3.17,966.66,16.57,559,0,24,1.2,1,0.294,Crédito pessoal,Própria,0
7633.49,8649.96,48,0.833,219.35,2.87,651,0,161,0.3,0,0.094,Financiamento de veículo,Própria,0
4213.6,30223.74,24,2.274,1647.96,39.11,727,0,39,1.9,1,0.598,Consolidação de dívidas,Alugada,0
10056.78,43898.5,18,2.359,3021.3,30.04,729,0,28,4.3,2,0.364,Crédito pessoal,Financiada,1
2561.66,10817.89,36,0.806,347.42,13.56,575,1,1,5.9,1,0.352,Financiamento de veículo,Própria,0
5220.48,12970.26,12,2.501,1264.5,24.22,686,1,80,3.8,4,0.207,Crédito pessoal,Financiada,0
26029.13,30595.42,24,1.87,1593.97,6.12,528,1,77,2.8,3,0.098,Educação,Familiar,0
5971.32,12457.3,12,2.307,1200.31,20.1,523,1,108,2.2,1,0.174,Crédito pessoal,Alugada,0
12644.87,2822.94,36,2.066,111.93,0.89,683,0,54,6.4,2,0.019,Crédito pessoal,Alugada,0
5503.59,16341.1,48,2.453,583.0,10.59,637,2,36,2.8,1,0.247,Crédito pessoal,Familiar,0
7453.92,1571.66,48,1.747,48.64,0.65,521,1,96,0.5,2,0.018,Financiamento de veículo,Financiada,0
5020.12,15883.13,12,1.421,1449.0,28.86,883,0,31,4.5,4,0.264,Crédito pessoal,Familiar,0
4678.63,22663.96,12,1.556,2085.08,44.57,785,0,13,0.8,0,0.404,Crédito pessoal,Financiada,1
3207.14,12196.01,60,2.706,413.25,12.89,622,0,64,0.4,0,0.317,Crédito pessoal,Própria,0
6789.96,29068.74,36,2.199,1177.21,17.34,727,0,88,0.2,0,0.357,Crédito pessoal,Alugada,1
3067.02,6262.53,18,1.854,412.4,13.45,748,0,10,3.5,2,0.17,Crédito pessoal,Familiar,0
7856.34,33303.77,36,1.285,1161.29,14.78,721,0,51,1.9,2,0.353,Educação,Financiada,0
10191.32,17182.86,36,0.55,527.42,5.18,930,0,81,3.7,2,0.141,Financiamento de veículo,Própria,0
6526.74,17406.48,36,2.583,748.43,11.47,530,0,29,4.7,0,0.222,Crédito pessoal,Própria,0
4354.39,10732.07,24,2.065,571.61,13.13,603,1,138,3.2,1,0.205,Crédito pessoal,Financiada,0
6890.32,11639.84,36,0.831,375.4,5.45,857,0,26,3.7,1,0.141,Reforma ou serviços,Própria,0
4294.27,21529.91,12,1.904,2023.85,47.13,561,0,26,0.1,1,0.418,Reforma ou serviços,Financiada,1
9287.76,7427.11,48,0.859,189.45,2.04,868,0,31,2.8,2,0.067,Reforma ou serviços,Alugada,0
1670.61,5707.94,48,0.55,135.63,8.12,727,0,20,5.1,4,0.285,Financiamento de veículo,Alugada,0
4223.15,8467.02,48,1.643,256.36,6.07,695,0,26,1.4,1,0.167,Crédito pessoal,Alugada,0
1513.39,7601.53,18,2.65,536.48,35.45,593,0,50,0.4,0,0.419,Crédito pessoal,Familiar,0
2057.97,7055.97,18,2.098,474.72,23.07,658,0,22,4.7,0,0.286,Crédito pessoal,Financiada,0
12112.68,15188.64,24,2.515,850.61,7.02,615,0,68,1.2,2,0.104,Consolidação de dívidas,Alugada,0
9058.23,14523.7,24,1.621,735.31,8.12,837,0,11,3.6,1,0.134,Consolidação de dívidas,Própria,0
3328.7,8361.93,12,1.289,756.58,22.73,852,0,22,1.5,1,0.209,Crédito pessoal,Financiada,0
2048.5,8924.05,36,2.201,361.5,17.65,639,0,139,0.1,2,0.363,Crédito pessoal,Própria,0
1500.0,9236.55,12,0.55,797.51,53.17,891,0,26,3.4,2,0.513,Reforma ou serviços,Alugada,0
3712.45,26856.28,6,1.479,4710.61,126.89,785,0,44,2.9,0,0.603,Crédito pessoal,Alugada,1
23320.11,18950.73,48,3.327,795.96,3.41,411,2,47,1.5,1,0.068,Crédito pessoal,Própria,0
6809.28,9515.0,12,2.14,907.48,13.33,663,1,18,6.7,1,0.116,Crédito pessoal,Própria,0
3675.63,9333.8,48,0.55,221.78,6.03,868,0,24,0.2,0,0.212,Educação,Alugada,0
6937.96,19179.2,24,2.059,1020.78,14.71,666,0,58,0.1,1,0.23,Crédito pessoal,Financiada,0
1975.58,3842.05,36,2.349,159.31,8.06,448,1,26,2.2,4,0.162,Educação,Financiada,0
4324.59,6223.37,6,1.538,1093.76,25.29,840,0,25,0.6,2,0.12,Consolidação de dívidas,Própria,0
5530.81,12264.14,24,1.352,601.82,10.88,663,0,24,1.8,2,0.185,Reforma ou serviços,Alugada,0
4929.69,12733.81,48,2.119,425.28,8.63,663,0,107,5.3,3,0.215,Crédito pessoal,Alugada,0
8490.59,23455.06,36,3.022,1077.79,12.69,544,1,93,2.3,3,0.23,Consolidação de dívidas,Própria,1
6438.78,5057.03,18,0.564,296.23,4.6,787,0,50,4.8,0,0.065,Financiamento de veículo,Alugada,0
7869.71,10153.35,6,2.149,1821.77,23.15,623,0,39,0.4,3,0.108,Educação,Familiar,0
3393.52,9806.43,12,2.289,943.83,27.81,409,2,48,1.2,0,0.241,Financiamento de veículo,Alugada,1
9073.01,11098.1,36,1.756,418.52,4.61,781,0,61,7.3,2,0.102,Consolidação de dívidas,Financiada,0
14276.28,8179.27,24,2.783,471.72,3.3,450,0,62,5.3,0,0.048,Reforma ou serviços,Alugada,0
2849.56,8857.89,24,2.149,476.29,16.71,622,0,26,0.7,1,0.259,Crédito pessoal,Alugada,0
2999.03,16793.58,48,1.06,448.17,14.94,789,0,33,2.6,2,0.467,Reforma ou serviços,Financiada,0
11903.65,11507.78,24,2.039,611.1,5.13,635,1,31,2.8,0,0.081,Crédito pessoal,Financiada,0
4618.29,10668.2,24,2.627,604.86,13.1,558,0,54,1.3,3,0.192,Crédito pessoal,Financiada,0
12416.52,5994.07,12,1.413,546.55,4.4,810,0,104,2.8,1,0.04,Crédito pessoal,Alugada,0
3952.26,37330.88,36,0.55,1145.85,28.99,884,1,44,3.0,1,0.787,Financiamento de veículo,Própria,0
12817.19,15552.77,24,0.55,693.52,5.41,805,0,47,2.9,1,0.101,Financiamento de veículo,Financiada,0
5641.67,33138.27,60,1.795,906.68,16.07,672,0,22,1.6,1,0.489,Crédito pessoal,Financiada,0
6102.88,11437.39,18,0.941,693.75,11.37,769,0,10,1.6,3,0.156,Reforma ou serviços,Própria,0
13719.03,15283.81,12,1.038,1361.18,9.92,831,0,32,4.3,3,0.093,Reforma ou serviços,Alugada,0
4155.2,20188.63,6,2.336,3645.12,87.72,514,0,71,2.0,1,0.405,Educação,Financiada,1
2901.31,12830.15,36,2.308,528.58,18.22,677,0,22,1.1,2,0.369,Crédito pessoal,Financiada,0
3937.51,15275.48,24,1.781,787.76,20.01,679,0,8,2.4,1,0.323,Educação,Alugada,0
6883.35,16604.48,18,0.567,972.97,14.14,766,0,63,2.8,1,0.201,Financiamento de veículo,Alugada,0
1969.71,11983.73,18,1.488,763.79,38.78,911,1,59,2.5,0,0.507,Crédito pessoal,Alugada,0
7720.59,13028.02,18,2.438,902.79,11.69,650,0,27,4.2,1,0.141,Crédito pessoal,Própria,0
3723.34,25892.09,24,1.35,1270.22,34.12,827,0,24,1.0,0,0.579,Educação,Familiar,0
10594.16,6964.0,18,1.568,447.04,4.22,707,0,34,1.3,0,0.055,Reforma ou serviços,Financiada,0
1500.0,7394.2,24,1.657,375.9,25.06,743,0,29,6.0,0,0.411,Crédito pessoal,Alugada,0
3193.09,17844.62,48,2.408,631.16,19.77,751,0,121,0.7,2,0.466,Consolidação de dívidas,Alugada,1
1827.68,11392.12,24,1.89,594.86,32.55,528,1,34,1.4,1,0.519,Reforma ou serviços,Financiada,1
3115.52,8261.33,36,1.282,287.92,9.24,649,0,56,0.1,2,0.221,Financiamento de veículo,Alugada,0
6063.04,16990.32,24,2.514,951.45,15.69,540,2,38,0.4,1,0.234,Educação,Própria,0
4653.12,11244.34,18,2.366,774.34,16.64,752,0,57,1.2,1,0.201,Consolidação de dívidas,Alugada,0
4444.04,13052.69,60,0.737,269.97,6.07,826,0,28,1.1,1,0.245,Reforma ou serviços,Financiada,0
4711.3,4366.15,12,1.085,390.0,8.28,669,1,27,1.5,3,0.077,Financiamento de veículo,Própria,1
5898.86,8551.43,60,2.399,270.36,4.58,658,0,44,7.2,0,0.121,Crédito pessoal,Financiada,0
2782.55,14875.39,60,1.591,386.6,13.89,828,0,24,0.1,0,0.445,Crédito pessoal,Própria,0
8059.93,20091.8,12,0.767,1758.95,21.82,707,0,32,3.1,3,0.208,Financiamento de veículo,Alugada,0
7842.14,14922.66,12,1.513,1369.25,17.46,825,0,68,1.6,2,0.159,Crédito pessoal,Familiar,0
6602.06,19115.16,18,2.801,1366.62,20.7,699,0,95,8.2,3,0.241,Crédito pessoal,Financiada,0
7342.72,11885.09,36,0.55,364.81,4.97,807,0,148,3.9,2,0.135,Financiamento de veículo,Financiada,0
6249.1,22516.25,24,0.873,1043.95,16.71,766,0,65,1.1,3,0.3,Reforma ou serviços,Alugada,0
18364.22,67551.61,48,2.328,2352.07,12.81,620,0,54,7.3,0,0.307,Consolidação de dívidas,Alugada,0
4926.65,16012.49,60,3.047,584.48,11.86,565,0,20,1.0,1,0.271,Crédito pessoal,Alugada,0
4298.5,12981.13,24,2.055,690.59,16.07,721,0,88,4.2,2,0.252,Crédito pessoal,Própria,0
3259.17,10542.15,6,0.752,1803.53,55.34,668,0,118,6.6,1,0.27,Financiamento de veículo,Própria,1
2741.91,25529.8,60,2.736,870.99,31.77,654,0,31,2.1,3,0.776,Crédito pessoal,Alugada,0
2403.88,13834.49,24,0.55,616.9,25.66,860,0,140,0.5,0,0.48,Financiamento de veículo,Alugada,0
2996.98,12850.49,24,0.944,600.93,20.05,797,0,94,0.1,0,0.357,Reforma ou serviços,Financiada,0
4977.05,12196.61,36,1.604,448.62,9.01,791,0,65,2.2,1,0.204,Consolidação de dívidas,Financiada,0
6397.59,49067.07,36,2.116,1961.18,30.65,390,1,39,4.0,3,0.639,Financiamento de veículo,Familiar,1
5367.52,19853.37,24,1.684,1012.43,18.86,799,0,15,13.8,0,0.308,Crédito pessoal,Financiada,0
3234.99,15400.55,6,2.473,2793.47,86.35,661,0,121,5.4,1,0.397,Consolidação de dívidas,Familiar,0
9086.35,18358.98,36,2.387,765.84,8.43,760,0,13,3.1,1,0.168,Consolidação de dívidas,Alugada,0
8224.31,14268.66,24,1.675,726.92,8.84,470,1,125,2.0,3,0.145,Financiamento de veículo,Própria,0
4709.95,16334.27,24,2.213,884.58,18.78,606,0,135,1.6,1,0.289,Crédito pessoal,Própria,0
3468.95,24772.54,18,0.839,1488.56,42.91,707,0,20,7.1,2,0.595,Financiamento de veículo,Própria,0
7305.91,10203.1,6,1.244,1775.35,24.3,713,0,13,9.4,2,0.116,Financiamento de veículo,Familiar,0
5842.75,5576.52,12,2.189,533.46,9.13,667,0,30,1.0,2,0.08,Crédito pessoal,Financiada,0
2118.74,10132.04,36,0.85,327.86,15.47,843,0,41,1.5,2,0.399,Reforma ou serviços,Familiar,0
4985.39,15122.51,36,1.345,532.68,10.68,643,1,28,6.2,0,0.253,Financiamento de veículo,Alugada,0
6117.3,29198.62,12,1.32,2646.97,43.27,726,0,30,5.9,0,0.398,Reforma ou serviços,Financiada,0
2976.8,12810.31,24,1.513,640.48,21.52,560,1,42,1.1,1,0.359,Financiamento de veículo,Própria,0
5849.53,10328.27,36,0.636,321.91,5.5,756,1,118,3.6,1,0.147,Financiamento de veículo,Própria,0
2109.96,9188.11,24,1.279,447.03,21.19,780,0,38,1.1,1,0.363,Crédito pessoal,Própria,0
11906.61,9089.76,36,1.935,352.91,2.96,743,0,69,5.9,1,0.064,Consolidação de dívidas,Familiar,0
11272.74,7800.63,60,2.172,233.85,2.07,749,0,15,2.8,1,0.058,Crédito pessoal,Alugada,0
4446.41,6004.22,18,0.55,351.27,7.9,814,0,46,1.3,0,0.113,Financiamento de veículo,Própria,0
6514.3,2941.22,36,0.747,93.48,1.43,720,0,32,3.9,0,0.038,Financiamento de veículo,Financiada,0
1500.0,11809.67,18,0.843,709.91,47.33,816,0,67,2.1,1,0.656,Educação,Alugada,0
2538.88,10186.31,24,2.566,573.73,22.6,635,1,14,3.8,1,0.334,Consolidação de dívidas,Alugada,1
4334.11,30881.77,48,3.067,1237.45,28.55,532,4,101,0.6,1,0.594,Crédito pessoal,Familiar,1
2674.96,4902.18,48,2.115,163.57,6.11,715,0,31,0.7,0,0.153,Consolidação de dívidas,Familiar,0
8097.74,30027.39,24,0.55,1338.97,16.54,902,0,23,2.2,1,0.309,Financiamento de veículo,Alugada,0
17939.1,12645.25,48,2.717,474.67,2.65,512,3,134,1.1,2,0.059,Crédito pessoal,Própria,1
2507.18,4495.53,24,1.285,218.87,8.73,918,0,52,1.2,0,0.149,Crédito pessoal,Alugada,0
3093.9,3316.48,36,2.559,142.07,4.59,593,2,41,1.8,0,0.089,Crédito pessoal,Alugada,0
6017.29,9586.66,24,1.184,461.23,7.67,683,0,14,1.0,0,0.133,Reforma ou serviços,Financiada,0
14119.41,27000.82,24,2.254,1468.93,10.4,625,1,20,7.3,1,0.159,Crédito pessoal,Financiada,0
2437.05,17058.96,12,0.954,1511.31,62.01,807,0,15,0.8,2,0.583,Reforma ou serviços,Financiada,1
6068.19,10790.41,48,1.832,339.84,5.6,798,0,44,1.7,1,0.148,Crédito pessoal,Familiar,0
16084.63,31797.33,18,2.328,2182.67,13.57,674,0,93,2.7,1,0.165,Consolidação de dívidas,Alugada,0
1867.44,5101.01,12,0.55,440.43,23.58,852,0,55,2.2,0,0.228,Educação,Financiada,0
2349.95,4503.75,24,1.043,213.1,9.07,875,0,46,1.3,0,0.16,Consolidação de dívidas,Financiada,0
3998.91,27362.71,12,1.476,2504.87,62.64,774,0,42,4.2,2,0.57,Crédito pessoal,Própria,0
3765.55,6632.8,6,2.027,1185.22,31.48,673,1,78,4.4,0,0.147,Reforma ou serviços,Própria,1
8606.1,6517.72,24,1.483,324.75,3.77,732,0,36,2.2,2,0.063,Reforma ou serviços,Própria,0
6040.51,11986.35,24,0.743,547.16,9.06,645,0,11,4.7,2,0.165,Financiamento de veículo,Própria,0
1730.11,3529.41,48,2.25,121.0,6.99,603,0,86,1.0,3,0.17,Crédito pessoal,Alugada,0
7157.87,8820.44,24,2.663,502.09,7.01,545,1,17,1.7,0,0.103,Crédito pessoal,Financiada,1
3634.91,3945.15,48,2.636,145.81,4.01,630,0,10,1.9,2,0.09,Crédito pessoal,Própria,0
11459.46,9057.44,36,1.953,352.65,3.08,608,1,53,2.4,1,0.066,Reforma ou serviços,Própria,0
3523.85,28601.39,24,0.55,1275.38,36.19,781,0,6,0.3,3,0.676,Financiamento de veículo,Própria,0
3504.18,13976.97,6,2.03,2497.76,71.28,789,0,43,2.1,2,0.332,Consolidação de dívidas,Alugada,0
7272.94,31321.13,48,1.601,940.11,12.93,661,0,49,0.5,0,0.359,Educação,Financiada,0
8345.09,20353.25,36,1.627,751.5,9.01,565,1,60,7.8,0,0.203,Financiamento de veículo,Alugada,0
6865.3,9426.87,12,2.294,907.57,13.22,658,0,55,1.2,0,0.114,Crédito pessoal,Alugada,0
1828.67,4625.73,18,1.869,305.01,16.68,961,0,13,3.7,0,0.211,Consolidação de dívidas,Financiada,0
7258.98,16072.02,36,2.26,657.22,9.05,587,2,78,3.5,3,0.185,Crédito pessoal,Própria,0
2738.44,11847.11,48,1.05,315.49,11.52,801,0,42,0.9,0,0.361,Reforma ou serviços,Própria,0
6016.65,15219.41,36,2.501,646.18,10.74,671,1,32,1.2,0,0.211,Consolidação de dívidas,Financiada,0
2151.02,16232.9,12,1.041,1445.99,67.22,836,0,14,1.2,0,0.629,Crédito pessoal,Própria,0
6857.74,12678.57,12,2.242,1216.8,17.74,481,2,90,2.4,1,0.154,Reforma ou serviços,Familiar,0
3153.67,10092.25,24,1.62,510.89,16.2,643,0,84,12.3,0,0.267,Reforma ou serviços,Alugada,0
2347.67,7781.83,24,0.845,359.61,15.32,785,0,28,2.3,0,0.276,Educação,Familiar,0
8094.84,6534.1,24,2.016,346.08,4.28,553,1,60,3.0,2,0.067,Reforma ou serviços,Alugada,0
6040.45,23948.35,24,1.447,1188.31,19.67,693,0,71,2.5,0,0.33,Crédito pessoal,Financiada,0
3553.71,6858.72,36,1.2,235.75,6.63,507,0,35,0.5,0,0.161,Financiamento de veículo,Financiada,0
12786.49,3626.2,24,1.668,184.58,1.44,488,2,84,2.5,1,0.024,Financiamento de veículo,Própria,0
3956.87,8607.56,18,0.55,503.57,12.73,760,0,88,6.6,0,0.181,Financiamento de veículo,Alugada,0
5304.55,17069.9,6,2.087,3056.32,57.62,769,0,8,1.5,0,0.268,Consolidação de dívidas,Própria,1
6143.44,12398.84,24,2.006,655.95,10.68,690,1,69,0.7,1,0.168,Crédito pessoal,Alugada,0
3541.2,5920.32,12,0.55,511.18,14.44,737,0,29,0.4,3,0.139,Financiamento de veículo,Financiada,0
6964.06,30980.95,24,1.829,1606.45,23.07,841,0,21,1.8,2,0.371,Consolidação de dívidas,Própria,0
3735.64,10720.57,18,1.883,707.78,18.95,728,0,6,0.4,0,0.239,Crédito pessoal,Financiada,0
4028.7,27257.39,24,1.162,1308.05,32.47,712,0,46,5.0,2,0.564,Reforma ou serviços,Familiar,0
12103.53,13553.94,18,2.055,908.49,7.51,540,1,34,3.5,1,0.093,Financiamento de veículo,Própria,0
2727.8,8398.33,18,1.251,523.98,19.21,708,0,28,1.0,0,0.257,Crédito pessoal,Alugada,0
1500.0,6171.81,12,3.058,622.18,41.48,483,1,72,7.8,1,0.343,Crédito pessoal,Financiada,0
14117.84,1534.93,36,2.583,66.0,0.47,594,0,255,3.1,1,0.009,Crédito pessoal,Familiar,0
25260.5,14357.82,36,2.424,602.35,2.38,569,3,60,2.6,0,0.047,Educação,Financiada,1
4044.64,5344.62,24,1.822,276.91,6.85,481,1,34,0.8,0,0.11,Financiamento de veículo,Financiada,1
1564.9,13666.04,60,1.855,379.49,24.25,708,0,86,3.2,1,0.728,Consolidação de dívidas,Própria,0
4289.45,27271.51,24,1.904,1426.24,33.25,729,0,18,0.5,0,0.53,Reforma ou serviços,Própria,0
4354.46,17516.02,12,2.486,1706.15,39.18,485,1,29,1.1,1,0.335,Crédito pessoal,Financiada,1
4622.36,7647.41,48,1.467,223.07,4.83,622,0,48,0.9,1,0.138,Reforma ou serviços,Alugada,0
2607.41,7106.8,24,0.646,320.63,12.3,693,0,49,2.3,0,0.227,Financiamento de veículo,Própria,0
7448.31,20856.22,24,1.07,990.01,13.29,560,1,80,0.3,1,0.233,Financiamento de veículo,Familiar,0
7198.36,18750.15,24,0.55,836.1,11.62,808,0,116,1.6,0,0.217,Educação,Própria,0
2058.81,5539.93,12,0.638,481.03,23.36,851,0,79,5.0,0,0.224,Reforma ou serviços,Própria,0
8021.78,3596.23,48,1.628,108.54,1.35,665,1,116,1.1,0,0.037,Crédito pessoal,Alugada,0
18565.84,18367.45,48,2.255,630.25,3.39,711,0,120,4.8,3,0.082,Consolidação de dívidas,Própria,0
5785.03,13803.96,48,1.858,437.15,7.56,683,0,53,4.0,1,0.199,Crédito pessoal,Alugada,0
4218.66,21132.68,24,2.247,1148.76,27.23,596,0,38,1.5,0,0.417,Crédito pessoal,Alugada,0
4761.76,13801.35,18,1.49,879.85,18.48,532,0,67,0.1,1,0.242,Financiamento de veículo,Própria,1
7614.98,12474.97,12,1.773,1163.26,15.28,429,0,9,3.3,2,0.137,Financiamento de veículo,Alugada,0
1778.27,11990.53,36,1.193,411.63,23.15,840,0,80,4.9,0,0.562,Crédito pessoal,Alugada,0
5757.95,11146.02,18,1.616,718.59,12.48,694,0,73,7.3,1,0.161,Reforma ou serviços,Financiada,0
4081.93,36220.49,18,0.987,2206.26,54.05,921,0,18,2.0,1,0.739,Crédito pessoal,Financiada,0
16351.34,11828.11,6,0.859,2031.02,12.42,617,0,109,1.2,0,0.06,Financiamento de veículo,Alugada,0
4667.72,11075.56,60,1.242,262.96,5.63,565,0,90,3.2,1,0.198,Financiamento de veículo,Financiada,0
14625.24,23576.78,48,1.729,726.89,4.97,724,0,64,1.8,2,0.134,Reforma ou serviços,Financiada,0
2623.05,7736.29,36,1.235,267.51,10.2,536,0,38,2.8,1,0.246,Financiamento de veículo,Financiada,0
7483.94,14904.29,36,1.91,576.34,7.7,840,0,112,3.7,1,0.166,Consolidação de dívidas,Financiada,0
6338.78,7547.55,48,1.513,222.3,3.51,732,0,10,5.1,1,0.099,Crédito pessoal,Alugada,0
3033.9,5446.27,18,2.412,376.57,12.41,528,4,41,1.1,3,0.15,Educação,Familiar,0
5804.56,13457.85,24,2.898,785.93,13.54,527,2,69,0.6,2,0.193,Crédito pessoal,Própria,1
11027.81,12177.38,24,1.323,595.49,5.4,622,0,95,3.9,0,0.092,Educação,Própria,0
4254.2,9760.61,6,2.083,1747.39,41.07,630,0,88,0.3,1,0.191,Crédito pessoal,Alugada,0
1821.47,5629.87,36,1.553,205.34,11.27,488,2,16,1.2,0,0.258,Financiamento de veículo,Financiada,0
5143.68,20870.37,12,1.033,1858.22,36.13,958,0,59,0.9,1,0.338,Consolidação de dívidas,Alugada,0
2971.77,24761.02,24,1.68,1262.11,42.47,523,2,49,4.4,0,0.694,Financiamento de veículo,Financiada,0
4205.56,6690.25,36,1.242,231.61,5.51,692,0,8,6.1,0,0.133,Financiamento de veículo,Própria,0
4943.5,23657.18,12,1.667,2191.56,44.33,625,0,15,3.0,2,0.399,Educação,Alugada,0
1806.07,3578.53,12,1.68,331.77,18.37,495,1,6,3.9,0,0.165,Financiamento de veículo,Própria,0
1909.71,10557.89,48,3.423,451.04,23.62,442,1,8,2.0,0,0.461,Crédito pessoal,Financiada,1
7011.42,26057.89,36,0.592,805.89,11.49,862,1,16,1.9,2,0.31,Reforma ou serviços,Familiar,0
3760.58,6672.91,36,2.691,291.7,7.76,627,1,39,0.2,2,0.148,Crédito pessoal,Financiada,0
1500.0,5340.76,12,2.952,535.0,35.67,557,2,41,2.6,3,0.297,Consolidação de dívidas,Financiada,1
8459.26,13470.93,36,2.059,533.5,6.31,683,0,58,5.2,1,0.133,Crédito pessoal,Familiar,0
6156.62,34439.17,12,0.55,2973.56,48.3,836,0,25,1.4,0,0.466,Financiamento de veículo,Alugada,0
3340.29,17250.81,24,3.152,1035.42,31.0,567,2,99,1.5,1,0.43,Consolidação de dívidas,Alugada,0
2298.42,18329.0,6,1.949,3266.57,142.12,666,0,84,0.1,0,0.665,Crédito pessoal,Própria,1
8730.82,6826.1,18,0.67,403.81,4.63,786,0,56,3.0,1,0.065,Financiamento de veículo,Própria,0
6457.59,14041.58,60,1.278,336.53,5.21,720,0,128,4.4,2,0.181,Reforma ou serviços,Financiada,0
22779.75,70133.62,36,1.859,2689.67,11.81,685,0,53,2.4,2,0.257,Crédito pessoal,Própria,0
6747.52,19676.87,6,1.289,3428.98,50.82,860,0,12,1.7,0,0.243,Crédito pessoal,Alugada,0
6612.98,4595.6,36,2.972,209.6,3.17,463,0,68,0.5,2,0.058,Crédito pessoal,Própria,0
4688.74,22102.03,24,1.291,1076.87,22.97,554,2,47,1.1,0,0.393,Financiamento de veículo,Financiada,0
8628.4,8250.53,18,1.204,512.57,5.94,912,0,31,2.1,2,0.08,Consolidação de dívidas,Própria,0
7661.53,11387.3,12,0.55,983.21,12.83,809,0,35,0.6,1,0.124,Financiamento de veículo,Financiada,0
11299.16,23980.25,24,2.531,1345.42,11.91,643,1,61,3.4,1,0.177,Consolidação de dívidas,Própria,0
3763.84,10792.26,18,2.246,735.51,19.54,692,0,55,1.1,0,0.239,Crédito pessoal,Própria,0
3969.76,9643.36,48,2.555,350.91,8.84,769,0,146,4.0,0,0.202,Crédito pessoal,Própria,0
3863.66,30477.4,36,1.639,1127.5,29.18,882,0,50,1.7,2,0.657,Consolidação de dívidas,Alugada,0
8490.57,24115.98,48,1.149,656.5,7.73,721,0,53,8.4,0,0.237,Financiamento de veículo,Própria,0
13166.17,17824.69,6,1.115,3087.82,23.45,644,1,46,1.7,0,0.113,Financiamento de veículo,Financiada,0
3912.5,35682.33,6,1.399,6241.52,159.53,576,1,46,4.9,0,0.76,Financiamento de veículo,Alugada,1
3996.02,16357.83,36,1.689,610.17,15.27,751,0,17,5.8,2,0.341,Crédito pessoal,Própria,0
6317.9,17697.75,36,3.138,827.36,13.1,534,2,28,1.0,1,0.233,Consolidação de dívidas,Financiada,0
4465.08,11193.49,36,1.531,406.74,9.11,531,1,60,1.6,0,0.209,Financiamento de veículo,Familiar,0
9383.3,6993.95,24,0.604,313.94,3.35,719,0,12,1.7,2,0.062,Financiamento de veículo,Própria,0
1500.0,5054.41,6,1.049,873.6,58.24,756,0,36,0.9,3,0.281,Financiamento de veículo,Própria,0
3114.6,12857.87,36,3.513,634.91,20.38,479,2,104,3.2,1,0.344,Consolidação de dívidas,Financiada,0
3201.31,10180.84,48,1.351,289.67,9.05,796,0,35,3.5,0,0.265,Crédito pessoal,Financiada,0
1500.0,13040.3,36,1.988,510.63,34.04,560,0,123,0.8,2,0.724,Educação,Financiada,0
2861.09,7421.64,48,2.278,255.83,8.94,680,0,35,0.8,0,0.216,Crédito pessoal,Familiar,0
2948.4,8134.42,24,2.681,463.94,15.74,504,0,88,1.8,0,0.23,Consolidação de dívidas,Própria,0
4590.43,17833.23,12,1.986,1684.9,36.7,459,0,48,1.7,1,0.324,Financiamento de veículo,Alugada,0
10367.72,6703.68,48,1.657,203.57,1.96,696,1,18,1.1,1,0.054,Educação,Alugada,0
4467.02,4788.37,36,3.073,221.73,4.96,519,0,143,3.2,1,0.089,Consolidação de dívidas,Familiar,0
2744.38,12786.36,24,3.771,819.06,29.84,456,1,16,0.2,2,0.388,Consolidação de dívidas,Financiada,0
5019.58,2903.54,12,1.314,263.12,5.24,632,0,30,0.7,0,0.048,Financiamento de veículo,Alugada,0
9965.67,16213.0,12,1.069,1446.83,14.52,723,0,155,3.9,3,0.136,Educação,Alugada,0
2839.32,16461.09,12,1.838,1541.07,54.28,464,1,52,3.2,3,0.483,Financiamento de veículo,Familiar,0
2956.78,10574.23,12,1.628,977.18,33.05,880,0,24,0.7,3,0.298,Crédito pessoal,Financiada,0
7351.9,19845.81,48,0.55,471.56,6.41,829,0,46,1.5,2,0.225,Financiamento de veículo,Familiar,0
4532.65,30536.99,24,3.033,1809.46,39.92,477,3,67,1.1,0,0.561,Crédito pessoal,Própria,1
7768.67,10706.06,18,0.672,633.48,8.15,748,0,35,0.0,0,0.115,Financiamento de veículo,Financiada,0
5156.19,5394.47,18,2.147,364.5,7.07,627,0,111,1.2,0,0.087,Crédito pessoal,Familiar,0
8034.06,29257.43,18,1.918,1937.53,24.12,584,0,25,1.7,1,0.303,Financiamento de veículo,Financiada,0
2737.13,15091.74,24,2.2,816.07,29.81,591,1,6,1.7,1,0.459,Educação,Própria,1
5161.18,7472.34,24,1.683,381.01,7.38,624,0,82,0.4,0,0.121,Financiamento de veículo,Própria,0
4563.23,4488.44,48,1.914,143.79,3.15,793,0,40,1.1,0,0.082,Crédito pessoal,Familiar,0
2446.86,5272.87,12,1.268,476.44,19.47,718,0,88,1.5,2,0.18,Educação,Financiada,0
1972.5,7991.25,48,1.579,238.71,12.1,560,1,33,1.9,0,0.338,Reforma ou serviços,Própria,0
7955.18,8042.77,18,2.269,549.26,6.9,668,1,60,1.4,2,0.084,Crédito pessoal,Financiada,0
4183.17,3146.12,60,1.9,88.32,2.11,625,0,32,4.7,1,0.063,Crédito pessoal,Financiada,0
2758.94,10734.71,36,0.55,329.5,11.94,719,0,37,2.2,0,0.324,Financiamento de veículo,Própria,0
4898.98,19078.88,48,0.676,466.8,9.53,811,0,12,3.0,2,0.325,Financiamento de veículo,Familiar,0
10464.94,6796.65,48,1.497,199.52,1.91,731,0,17,2.8,2,0.054,Crédito pessoal,Financiada,0
1500.0,7772.52,24,2.907,454.37,30.29,577,3,55,4.6,0,0.432,Consolidação de dívidas,Alugada,1
2055.96,9424.63,24,1.753,484.46,23.56,831,1,82,0.9,2,0.382,Consolidação de dívidas,Própria,0
2934.3,14948.26,12,1.16,1341.62,45.72,909,0,59,0.8,1,0.425,Crédito pessoal,Alugada,0
12866.02,37132.01,24,3.479,2307.25,17.93,413,1,20,5.4,0,0.241,Consolidação de dívidas,Alugada,0
6195.74,16294.38,18,2.834,1168.2,18.85,548,1,64,8.5,0,0.219,Crédito pessoal,Alugada,0
8367.84,6087.39,24,2.397,336.52,4.02,501,0,21,2.3,1,0.061,Reforma ou serviços,Familiar,0
2564.49,5391.46,12,0.55,465.51,18.15,940,0,55,0.7,2,0.175,Reforma ou serviços,Própria,0
2597.49,18111.45,12,2.192,1732.88,66.71,604,1,25,1.3,0,0.581,Educação,Alugada,1
6864.09,5800.99,48,0.55,137.84,2.01,952,0,39,0.1,1,0.07,Educação,Familiar,0
5391.31,7240.5,36,1.128,245.85,4.56,715,0,27,2.4,1,0.112,Reforma ou serviços,Financiada,0
7307.32,7148.06,48,1.454,207.93,2.85,650,0,65,0.2,1,0.082,Financiamento de veículo,Familiar,0
4628.82,12231.77,12,1.786,1141.49,24.66,729,0,31,0.9,2,0.22,Crédito pessoal,Familiar,1
6178.7,10680.75,60,3.277,409.1,6.62,523,3,67,1.9,0,0.144,Crédito pessoal,Familiar,0
5735.6,4162.18,18,1.395,263.08,4.59,651,2,4,2.1,1,0.06,Financiamento de veículo,Própria,0
8422.23,9211.43,12,0.776,806.9,9.58,912,0,85,10.1,1,0.091,Reforma ou serviços,Alugada,0
8576.31,13646.07,12,1.851,1278.57,14.91,756,0,20,1.2,1,0.133,Consolidação de dívidas,Alugada,0
1904.73,10623.12,12,2.01,1005.16,52.77,660,0,117,2.1,1,0.465,Crédito pessoal,Própria,1
1500.0,5391.29,18,1.9,356.46,23.76,527,0,33,0.5,1,0.3,Financiamento de veículo,Alugada,0
9676.89,7221.51,60,1.391,178.27,1.84,786,0,103,2.7,1,0.062,Crédito pessoal,Própria,0
10859.59,6173.63,36,1.639,228.37,2.1,776,0,8,4.1,0,0.047,Crédito pessoal,Financiada,0
2761.77,4298.44,24,1.38,211.62,7.66,577,0,93,0.5,0,0.13,Financiamento de veículo,Financiada,0
1641.42,2081.66,24,0.681,94.31,5.75,822,0,23,4.3,1,0.106,Educação,Financiada,0
5529.29,19041.66,36,1.978,744.43,13.46,724,0,92,2.6,1,0.287,Consolidação de dívidas,Alugada,0
9260.69,15224.96,24,1.815,788.19,8.51,743,1,44,3.1,1,0.137,Crédito pessoal,Própria,0
15849.96,18811.47,48,1.473,549.42,3.47,800,0,36,3.2,4,0.099,Crédito pessoal,Familiar,0
7161.81,16901.51,18,1.392,1068.02,14.91,817,0,104,2.8,2,0.197,Consolidação de dívidas,Alugada,0
4129.66,9599.45,12,0.726,838.21,20.3,761,1,29,0.0,0,0.194,Financiamento de veículo,Própria,0
2988.94,7157.24,18,1.094,440.22,14.73,892,0,123,0.3,1,0.2,Reforma ou serviços,Própria,0
5237.05,29936.72,36,0.55,918.89,17.55,845,0,37,1.2,0,0.476,Financiamento de veículo,Familiar,0
4319.39,22162.54,24,1.592,1118.35,25.89,659,1,47,1.9,0,0.428,Educação,Financiada,0
2771.3,12727.76,36,1.124,431.86,15.58,686,0,51,5.1,0,0.383,Crédito pessoal,Própria,0
18520.66,6796.53,24,1.878,354.4,1.91,816,0,16,3.0,1,0.031,Crédito pessoal,Alugada,0
15728.32,14929.54,24,1.187,718.54,4.57,578,1,58,1.9,2,0.079,Financiamento de veículo,Própria,0
10517.17,16053.12,18,2.0,1070.79,10.18,769,0,23,2.7,1,0.127,Consolidação de dívidas,Familiar,0
2938.01,8893.47,48,1.6,266.87,9.08,707,0,19,0.0,2,0.252,Crédito pessoal,Própria,0
8835.44,16600.31,24,2.828,962.08,10.89,697,0,19,2.4,0,0.157,Consolidação de dívidas,Própria,0
7730.91,21183.52,6,0.885,3640.75,47.09,820,0,33,1.1,1,0.228,Financiamento de veículo,Alugada,0
6841.7,19119.86,18,2.91,1379.63,20.17,422,2,107,5.6,0,0.233,Crédito pessoal,Financiada,1
11284.74,27816.68,12,2.976,2790.59,24.73,490,5,25,8.1,1,0.205,Crédito pessoal,Familiar,1
7710.54,25840.19,24,0.912,1203.69,15.61,722,0,56,2.4,2,0.279,Financiamento de veículo,Alugada,0
8227.38,28799.67,24,1.967,1517.05,18.44,579,0,101,2.2,0,0.292,Educação,Financiada,0
7717.89,9502.1,24,1.039,449.4,5.82,898,0,37,4.3,0,0.103,Crédito pessoal,Financiada,0
6423.41,24548.4,18,0.55,1436.17,22.36,822,0,50,0.3,1,0.318,Financiamento de veículo,Própria,0
1720.85,3462.15,12,2.253,332.49,19.32,453,1,113,0.7,1,0.168,Financiamento de veículo,Alugada,0
5476.71,25104.22,12,1.663,2325.04,42.45,745,0,64,3.8,1,0.382,Crédito pessoal,Alugada,0
3683.34,15255.33,24,1.672,776.9,21.09,471,1,59,0.6,1,0.345,Financiamento de veículo,Financiada,0
2351.74,4908.91,36,1.743,184.74,7.86,752,0,44,5.2,2,0.174,Crédito pessoal,Alugada,0
14752.09,6715.52,6,0.638,1144.37,7.76,624,0,121,0.6,2,0.038,Financiamento de veículo,Própria,0
15189.98,19614.07,6,3.414,3670.53,24.16,388,4,33,2.3,0,0.108,Crédito pessoal,Alugada,1
12077.88,33606.05,12,1.291,3041.02,25.18,788,0,30,1.2,0,0.232,Crédito pessoal,Familiar,0
6091.48,42836.87,24,1.182,2060.46,33.83,477,1,34,3.1,0,0.586,Financiamento de veículo,Financiada,1
12013.68,12803.37,18,1.353,806.18,6.71,546,2,68,3.3,1,0.089,Financiamento de veículo,Própria,1
5239.01,27620.05,24,3.228,1671.24,31.9,415,2,54,1.1,1,0.439,Crédito pessoal,Própria,0
5896.7,12440.01,18,2.013,830.75,14.09,529,1,21,2.8,1,0.176,Reforma ou serviços,Própria,0
2639.81,9795.41,36,2.471,413.94,15.68,666,1,74,2.1,2,0.309,Consolidação de dívidas,Financiada,0
6651.17,14650.37,18,2.866,1053.14,15.83,495,1,64,3.3,1,0.184,Consolidação de dívidas,Financiada,1
5398.37,34927.76,12,1.452,3192.66,59.14,863,0,26,2.9,1,0.539,Crédito pessoal,Alugada,0
2318.72,14839.56,36,3.751,757.95,32.69,417,4,57,0.6,0,0.533,Crédito pessoal,Própria,1
5037.53,9087.37,60,1.137,209.8,4.16,649,0,86,5.2,1,0.15,Financiamento de veículo,Própria,0
4949.2,29589.8,24,2.989,1745.14,35.26,521,0,36,0.1,0,0.498,Consolidação de dívidas,Alugada,0
15849.64,9798.38,12,1.952,923.8,5.83,610,1,8,1.4,0,0.052,Educação,Financiada,0
9052.77,17544.0,48,0.607,422.45,4.67,694,0,41,3.2,2,0.161,Financiamento de veículo,Financiada,0
5237.03,4139.09,24,1.617,209.47,4.0,718,0,34,1.7,2,0.066,Crédito pessoal,Financiada,0
6067.26,25400.38,36,0.55,779.65,12.85,779,0,6,1.5,1,0.349,Financiamento de veículo,Financiada,0
5344.51,3625.93,36,1.369,128.24,2.4,892,0,30,1.3,0,0.057,Consolidação de dívidas,Familiar,0
4585.28,9767.79,24,3.058,580.39,12.66,446,2,17,1.1,1,0.178,Reforma ou serviços,Própria,0
2657.95,5236.82,24,2.591,295.76,11.13,792,1,103,4.8,3,0.164,Consolidação de dívidas,Financiada,0
4735.12,6250.46,12,1.574,575.67,12.16,862,0,104,1.5,1,0.11,Reforma ou serviços,Alugada,0
3274.21,13647.11,24,2.928,799.58,24.42,625,1,61,1.5,1,0.347,Consolidação de dívidas,Alugada,0
2395.19,5844.66,12,2.479,569.06,23.76,610,1,39,0.8,3,0.203,Crédito pessoal,Alugada,0
7139.31,23812.09,36,0.91,778.7,10.91,648,0,33,3.0,0,0.278,Educação,Familiar,0
6627.6,11725.05,12,1.885,1100.9,16.61,676,0,81,0.3,0,0.147,Crédito pessoal,Financiada,0
1717.55,8583.71,36,2.414,359.53,20.93,515,0,37,7.3,1,0.416,Crédito pessoal,Alugada,0
4819.13,7775.24,36,1.084,262.0,5.44,698,0,43,0.6,0,0.134,Educação,Financiada,0
9640.7,23990.59,36,2.772,1061.72,11.01,637,2,52,2.3,0,0.207,Crédito pessoal,Própria,1
10027.96,15966.75,48,1.132,433.0,4.32,839,0,120,4.3,1,0.133,Educação,Própria,0
9822.52,20448.49,24,0.716,930.36,9.47,681,0,10,5.3,1,0.173,Financiamento de veículo,Familiar,0
5326.98,15489.58,24,0.55,690.7,12.97,907,0,26,1.2,1,0.242,Reforma ou serviços,Alugada,0
3079.39,18590.91,24,2.254,1011.4,32.84,595,0,14,1.0,0,0.503,Crédito pessoal,Própria,0
2655.85,13853.8,36,0.55,425.24,16.01,891,0,59,1.9,0,0.435,Educação,Alugada,0
6438.62,15868.65,24,2.17,855.21,13.28,490,2,10,0.8,0,0.205,Financiamento de veículo,Própria,0
6578.54,25204.12,12,1.099,2253.35,34.25,673,0,23,1.4,1,0.319,Financiamento de veículo,Familiar,0
11551.37,15743.76,24,1.831,816.58,7.07,722,0,49,6.1,1,0.114,Consolidação de dívidas,Alugada,0
10284.58,10395.56,6,2.056,1859.36,18.08,574,0,74,2.0,1,0.084,Crédito pessoal,Alugada,0
4790.7,27092.18,24,2.206,1466.08,30.6,744,0,41,0.1,2,0.471,Crédito pessoal,Própria,0
2404.28,8923.4,6,2.628,1626.98,67.67,607,1,23,0.7,1,0.309,Crédito pessoal,Alugada,1
4266.58,13492.18,24,2.335,740.68,17.36,520,3,34,0.3,1,0.264,Financiamento de veículo,Financiada,1
5949.71,21879.05,24,1.09,1041.0,17.5,690,0,33,2.9,1,0.306,Educação,Alugada,0
4587.65,19434.52,24,3.425,1200.76,26.17,471,1,81,1.0,3,0.353,Crédito pessoal,Própria,1
3634.11,14935.14,24,1.23,722.46,19.88,694,0,25,4.4,2,0.342,Reforma ou serviços,Própria,0
6082.69,4860.25,36,1.767,183.62,3.02,614,1,77,1.3,2,0.067,Educação,Alugada,0
3804.58,6333.7,60,0.55,124.22,3.27,896,0,40,0.3,1,0.139,Reforma ou serviços,Familiar,0
3522.81,10728.4,18,2.163,725.91,20.61,692,0,90,3.9,0,0.254,Consolidação de dívidas,Financiada,0
6307.63,14422.48,48,0.55,342.69,5.43,844,0,47,0.6,1,0.191,Financiamento de veículo,Alugada,0
4052.86,6000.87,24,2.927,351.57,8.67,500,0,28,0.1,2,0.123,Consolidação de dívidas,Financiada,0
6049.67,3101.41,12,0.918,274.14,4.53,891,0,89,2.4,0,0.043,Reforma ou serviços,Financiada,0
6159.8,13004.14,36,1.609,478.74,7.77,723,0,158,0.8,1,0.176,Crédito pessoal,Alugada,0
2565.65,14087.16,24,2.509,788.44,30.73,580,1,49,2.5,0,0.458,Crédito pessoal,Própria,0
3858.54,26098.52,18,0.803,1563.06,40.51,669,0,81,3.5,2,0.564,Financiamento de veículo,Alugada,0
12680.69,56303.09,36,2.055,2228.34,17.57,732,0,47,3.1,1,0.37,Consolidação de dívidas,Familiar,0
2529.87,5265.3,36,1.448,188.72,7.46,766,0,25,0.8,1,0.173,Reforma ou serviços,Própria,0
1500.0,3619.02,24,2.628,205.23,13.68,529,2,93,4.1,1,0.201,Crédito pessoal,Alugada,0
1639.37,4953.99,18,1.105,305.02,18.61,900,0,16,0.6,0,0.252,Crédito pessoal,Alugada,0
5294.7,5421.46,36,2.443,228.12,4.31,592,2,14,2.6,0,0.085,Crédito pessoal,Própria,0
5300.64,6930.08,36,3.284,331.02,6.24,463,0,94,3.0,1,0.109,Crédito pessoal,Financiada,0
4834.32,11547.93,36,1.348,407.01,8.42,579,1,35,1.8,2,0.199,Financiamento de veículo,Própria,0
11039.24,16039.49,48,0.55,381.12,3.45,940,0,17,3.5,4,0.121,Reforma ou serviços,Financiada,0
1500.0,8649.44,60,1.517,220.59,14.71,668,0,123,2.1,0,0.481,Reforma ou serviços,Própria,0
6646.81,21880.93,6,1.98,3903.65,58.73,630,1,71,2.4,1,0.274,Reforma ou serviços,Alugada,0
13691.16,23849.76,18,1.699,1549.02,11.31,726,0,41,4.2,2,0.145,Crédito pessoal,Financiada,0
2584.25,18991.65,48,1.124,514.12,19.89,703,0,56,2.0,0,0.612,Educação,Própria,0
4109.0,14925.36,12,1.655,1381.56,33.62,826,0,51,3.8,1,0.303,Consolidação de dívidas,Alugada,0
3260.45,5908.29,6,1.534,1038.27,31.84,536,1,70,5.0,1,0.151,Financiamento de veículo,Financiada,0
2986.69,8937.53,18,1.042,547.13,18.32,889,0,40,2.6,1,0.249,Reforma ou serviços,Financiada,0
4247.69,36035.99,36,1.329,1265.95,29.8,829,0,74,3.5,0,0.707,Crédito pessoal,Familiar,0
12600.03,31116.75,24,2.387,1718.11,13.64,344,1,49,3.8,1,0.206,Educação,Alugada,1
16245.86,20055.11,12,1.67,1858.2,11.44,746,0,7,5.5,4,0.103,Consolidação de dívidas,Financiada,0
4222.28,26918.95,12,2.486,2621.96,62.1,645,0,29,2.3,1,0.531,Reforma ou serviços,Familiar,0
16942.0,16015.04,24,0.955,749.89,4.43,772,0,65,4.8,2,0.079,Reforma ou serviços,Familiar,0
5315.97,28617.56,24,2.842,1661.12,31.25,511,1,13,0.3,2,0.449,Reforma ou serviços,Alugada,1
15424.34,47378.42,36,0.55,1454.26,9.43,831,0,49,3.8,1,0.256,Financiamento de veículo,Financiada,0
4907.74,10773.81,36,0.6,333.62,6.8,854,0,35,1.9,0,0.183,Reforma ou serviços,Financiada,0
5640.17,29187.86,6,1.926,5197.82,92.16,574,0,125,2.9,3,0.431,Reforma ou serviços,Familiar,1
6522.47,6197.96,18,2.076,416.18,6.38,703,0,76,3.2,0,0.079,Crédito pessoal,Própria,0
35000.0,7514.7,24,1.109,358.37,1.02,775,0,14,4.1,0,0.018,Reforma ou serviços,Alugada,0
8815.01,6896.74,36,1.591,253.15,2.87,602,1,67,4.2,0,0.065,Educação,Própria,0
3354.0,2978.88,18,1.662,192.84,5.75,651,0,35,1.4,1,0.074,Crédito pessoal,Própria,0
9482.4,8357.86,24,1.107,398.46,4.2,695,0,46,8.5,1,0.073,Educação,Financiada,0
4155.04,8618.22,12,1.75,802.47,19.31,602,0,35,4.4,2,0.173,Educação,Financiada,0
3838.24,11231.78,12,0.55,969.78,25.27,853,1,128,1.6,0,0.244,Educação,Alugada,0
9133.89,5587.86,48,2.283,192.82,2.11,663,0,121,1.6,1,0.051,Consolidação de dívidas,Financiada,0
5301.19,2371.96,24,0.601,106.43,2.01,761,0,25,0.5,4,0.037,Financiamento de veículo,Própria,0
6180.35,8155.83,24,1.1,388.53,6.29,730,1,90,0.8,0,0.11,Financiamento de veículo,Alugada,0
5245.28,7597.79,24,2.239,412.68,7.87,534,0,28,1.5,0,0.121,Crédito pessoal,Própria,0
6406.67,49272.41,60,0.972,1087.78,16.98,794,0,24,5.0,1,0.641,Financiamento de veículo,Financiada,0
6767.54,13808.22,24,1.708,706.14,10.43,649,1,49,1.4,1,0.17,Educação,Familiar,0
1564.77,10271.28,18,0.55,600.91,38.4,883,0,44,0.5,1,0.547,Reforma ou serviços,Financiada,0
7861.16,8354.34,12,0.599,723.6,9.2,753,0,21,2.9,0,0.089,Financiamento de veículo,Alugada,0
2828.67,15905.16,48,0.55,377.92,13.36,926,0,11,3.0,0,0.469,Reforma ou serviços,Financiada,0
2126.41,12830.97,60,0.55,251.65,11.83,891,0,45,1.4,1,0.503,Financiamento de veículo,Financiada,0
5015.05,7811.11,48,2.767,295.98,5.9,588,1,21,4.5,0,0.13,Consolidação de dívidas,Financiada,0
5477.93,13176.2,12,2.115,1254.72,22.91,637,0,37,4.7,0,0.2,Crédito pessoal,Familiar,1
3382.74,12069.14,36,1.71,451.77,13.36,474,0,96,0.2,0,0.297,Financiamento de veículo,Alugada,0
8705.01,11239.87,24,1.346,551.14,6.33,609,0,39,4.7,1,0.108,Educação,Própria,0
2262.59,4234.73,24,1.991,223.66,9.89,706,0,10,1.5,1,0.156,Consolidação de dívidas,Financiada,1
4040.44,11012.55,48,1.734,339.86,8.41,698,0,89,9.2,0,0.227,Reforma ou serviços,Própria,0
3618.42,11957.49,48,2.16,402.61,11.13,574,0,61,2.9,2,0.275,Reforma ou serviços,Financiada,0
5051.95,6280.18,12,1.873,589.24,11.66,710,0,80,0.9,3,0.104,Consolidação de dívidas,Alugada,0
6181.46,18541.68,6,1.168,3217.8,52.06,772,0,43,3.2,0,0.25,Crédito pessoal,Própria,0
2783.66,10899.15,12,1.239,983.07,35.32,676,0,43,0.8,0,0.326,Reforma ou serviços,Própria,1
8147.52,23780.24,48,2.8,906.66,11.13,551,0,164,4.0,1,0.243,Crédito pessoal,Familiar,0
5407.14,11350.31,48,0.996,298.66,5.52,819,0,62,0.6,1,0.175,Consolidação de dívidas,Financiada,0
1609.06,13545.12,36,1.832,517.17,32.14,769,0,88,1.2,0,0.702,Consolidação de dívidas,Financiada,0
1543.93,8017.43,6,2.62,1461.43,94.66,674,0,253,4.4,2,0.433,Consolidação de dívidas,Própria,1
5160.43,19800.66,24,1.315,967.44,18.75,601,1,161,6.5,1,0.32,Financiamento de veículo,Alugada,0
4534.25,13835.42,24,0.55,616.94,13.61,954,0,16,2.3,1,0.254,Reforma ou serviços,Alugada,0
4877.04,34427.49,36,0.73,1090.91,22.37,775,0,20,3.5,2,0.588,Financiamento de veículo,Própria,0
5110.56,17478.53,36,2.805,777.42,15.21,543,0,14,1.0,2,0.285,Consolidação de dívidas,Alugada,0
5980.51,41506.96,12,0.55,3583.81,59.92,719,0,42,0.5,0,0.578,Financiamento de veículo,Própria,0
9357.72,12657.81,18,0.859,761.95,8.14,729,0,185,2.3,3,0.113,Financiamento de veículo,Própria,0
2611.11,7911.66,12,1.901,743.56,28.48,673,0,1,2.0,0,0.253,Educação,Alugada,0
2514.41,8306.71,24,1.55,417.13,16.59,719,0,28,1.5,1,0.275,Consolidação de dívidas,Própria,0
2640.05,8334.81,12,1.721,774.7,29.34,523,0,43,1.4,4,0.263,Educação,Própria,0
6220.11,7795.15,36,0.922,255.43,4.11,636,0,18,2.9,0,0.104,Financiamento de veículo,Familiar,0
11251.78,41816.98,24,0.55,1864.68,16.57,757,0,36,2.2,0,0.31,Financiamento de veículo,Financiada,0
3979.79,11642.82,24,0.55,519.17,13.05,846,0,38,0.7,2,0.244,Financiamento de veículo,Alugada,0
1500.0,4099.72,48,2.045,134.89,8.99,578,1,12,2.5,2,0.228,Reforma ou serviços,Familiar,1
1807.93,4308.73,24,0.692,195.48,10.81,811,0,78,0.3,2,0.199,Reforma ou serviços,Alugada,0
3102.4,14050.33,36,1.127,476.94,15.37,829,0,36,2.8,2,0.377,Reforma ou serviços,Financiada,0
3679.83,2602.97,60,0.55,51.05,1.39,861,0,17,1.1,2,0.059,Financiamento de veículo,Familiar,0
4036.82,18144.73,12,1.666,1680.72,41.63,738,0,44,3.4,0,0.375,Reforma ou serviços,Própria,0
5325.89,9593.25,12,0.565,829.11,15.57,959,0,76,5.2,1,0.15,Educação,Alugada,0
4286.09,9645.55,12,2.239,925.51,21.59,599,0,41,0.7,0,0.188,Crédito pessoal,Alugada,0
9966.7,25521.94,36,0.983,845.21,8.48,681,0,19,2.0,0,0.213,Financiamento de veículo,Alugada,0
3419.61,19955.41,36,1.631,737.21,21.56,606,0,50,4.2,2,0.486,Crédito pessoal,Própria,0
3046.59,7493.48,36,0.851,242.52,7.96,683,1,154,2.3,0,0.205,Educação,Financiada,0
6997.56,18272.7,36,1.884,703.55,10.05,670,0,27,6.6,2,0.218,Reforma ou serviços,Alugada,0
2006.84,16143.7,24,1.534,809.17,40.32,520,1,21,2.4,1,0.67,Financiamento de veículo,Própria,0
6621.14,8145.51,18,1.967,541.75,8.18,869,0,31,5.0,0,0.103,Consolidação de dívidas,Alugada,0
5541.37,7692.33,12,1.463,703.59,12.7,897,0,22,0.4,2,0.116,Crédito pessoal,Financiada,0
4745.73,9683.87,60,0.55,189.93,4.0,726,0,23,0.7,1,0.17,Financiamento de veículo,Familiar,0
13920.88,16851.22,18,1.351,1060.92,7.62,594,0,15,7.2,1,0.101,Financiamento de veículo,Própria,0
3535.62,21539.95,24,0.55,960.5,27.17,820,0,88,0.7,3,0.508,Financiamento de veículo,Financiada,0
18653.68,20813.53,36,0.83,671.17,3.6,660,0,71,7.8,1,0.093,Financiamento de veículo,Familiar,0
4521.71,16661.64,36,1.26,578.59,12.8,808,1,34,0.8,0,0.307,Crédito pessoal,Alugada,0
2355.87,4751.22,24,1.656,241.53,10.25,602,2,26,0.3,1,0.168,Financiamento de veículo,Financiada,0
5430.38,44273.48,24,1.17,2126.59,39.16,629,0,58,1.5,0,0.679,Financiamento de veículo,Financiada,1
2668.15,24263.57,60,2.677,817.05,30.62,579,1,49,0.4,0,0.758,Consolidação de dívidas,Alugada,1
3262.75,9475.2,24,1.076,450.09,13.79,743,0,48,3.1,0,0.242,Reforma ou serviços,Própria,0
6651.35,32168.49,48,2.53,1164.89,17.51,687,0,107,0.0,0,0.403,Consolidação de dívidas,Familiar,0
7338.39,13874.93,60,1.63,364.22,4.96,716,0,63,7.9,0,0.158,Crédito pessoal,Financiada,0
3535.71,5981.99,12,1.355,543.49,15.37,800,0,319,2.0,1,0.141,Crédito pessoal,Alugada,0
9591.24,27407.97,36,2.242,1117.6,11.65,652,0,29,4.2,3,0.238,Consolidação de dívidas,Familiar,0
10658.03,5786.68,60,0.817,122.39,1.15,631,0,158,5.2,1,0.045,Financiamento de veículo,Financiada,0
12669.1,61534.75,24,1.672,3133.63,24.73,695,0,61,3.2,2,0.405,Reforma ou serviços,Própria,0
7220.29,6414.47,24,1.872,334.26,4.63,818,0,18,2.7,2,0.074,Consolidação de dívidas,Própria,0
12109.43,40006.12,24,0.55,1783.93,14.73,900,0,24,1.6,1,0.275,Financiamento de veículo,Própria,0
1620.22,15775.05,36,1.903,609.28,37.6,571,2,68,3.6,0,0.811,Reforma ou serviços,Financiada,1
4269.76,5488.35,36,0.55,168.46,3.95,947,0,14,6.8,1,0.107,Financiamento de veículo,Própria,0
3037.74,5117.32,24,1.065,242.77,7.99,783,0,41,1.2,2,0.14,Reforma ou serviços,Financiada,0
5598.95,21035.83,36,1.388,746.36,13.33,594,0,196,4.0,1,0.313,Financiamento de veículo,Familiar,0
3648.66,35877.02,36,1.327,1259.96,34.53,682,0,2,4.6,1,0.819,Reforma ou serviços,Financiada,0
4690.98,20184.89,18,1.763,1318.45,28.11,533,2,40,1.2,1,0.359,Financiamento de veículo,Própria,0
16703.31,8082.99,6,2.112,1448.47,8.67,661,1,24,3.4,0,0.04,Crédito pessoal,Financiada,0
4680.63,24464.74,6,1.855,4346.24,92.86,827,0,162,1.7,1,0.436,Consolidação de dívidas,Alugada,1
6720.82,37989.29,24,2.057,2021.5,30.08,871,0,38,1.5,1,0.471,Consolidação de dívidas,Própria,0
4502.58,7439.03,36,1.584,272.69,6.06,498,1,21,0.9,0,0.138,Financiamento de veículo,Alugada,0
5449.92,19441.39,48,3.354,820.5,15.06,483,0,14,1.8,0,0.297,Crédito pessoal,Própria,0
5219.43,19494.22,48,1.379,557.98,10.69,654,0,16,1.4,1,0.311,Educação,Própria,0
6866.26,12083.64,24,1.781,623.13,9.08,658,0,146,5.4,0,0.147,Crédito pessoal,Financiada,0
10709.69,7748.11,24,2.313,424.32,3.96,801,0,4,2.7,1,0.06,Consolidação de dívidas,Alugada,0
14440.59,6871.55,24,3.561,430.67,2.98,466,2,62,1.8,1,0.04,Crédito pessoal,Alugada,1
6300.46,4112.16,12,0.998,365.32,5.8,752,0,113,5.6,1,0.054,Reforma ou serviços,Alugada,0
7494.56,27527.96,12,0.602,2384.78,31.82,866,0,40,4.8,1,0.306,Reforma ou serviços,Própria,0
2547.53,8649.78,48,0.55,205.53,8.07,953,0,16,1.5,0,0.283,Financiamento de veículo,Alugada,0
4924.27,16253.18,12,1.741,1512.54,30.72,786,0,62,2.2,2,0.275,Crédito pessoal,Alugada,0
9315.11,21850.88,12,1.913,2055.2,22.06,524,0,20,6.3,0,0.195,Reforma ou serviços,Alugada,0
8895.62,13892.03,18,1.978,924.86,10.4,617,0,26,4.4,0,0.13,Crédito pessoal,Financiada,0
5929.01,35294.61,24,2.408,1953.35,32.95,592,0,22,0.2,1,0.496,Crédito pessoal,Financiada,1
9008.99,13957.29,6,1.819,2476.53,27.49,714,0,23,2.2,0,0.129,Crédito pessoal,Familiar,0
7049.34,9812.7,24,1.214,473.75,6.72,923,0,84,1.1,0,0.116,Crédito pessoal,Própria,0
10944.63,24950.82,48,2.299,863.64,7.89,641,0,36,1.7,0,0.19,Crédito pessoal,Alugada,1
6221.81,9846.87,24,2.424,545.98,8.78,664,1,65,1.7,0,0.132,Crédito pessoal,Financiada,0
4170.87,16487.24,36,3.001,755.31,18.11,362,3,65,2.6,0,0.329,Crédito pessoal,Familiar,1
6403.73,18842.69,60,1.474,475.32,7.42,864,1,43,1.7,0,0.245,Reforma ou serviços,Alugada,0
1500.0,7233.61,36,1.256,251.02,16.73,791,0,118,4.7,1,0.402,Reforma ou serviços,Alugada,0
6593.26,17380.61,36,1.325,610.2,9.25,704,0,19,1.2,2,0.22,Reforma ou serviços,Própria,0
1500.0,10264.14,60,1.459,257.93,17.2,573,2,39,4.7,0,0.57,Financiamento de veículo,Alugada,0
1786.24,4402.37,12,1.827,411.87,23.06,501,1,7,2.3,1,0.205,Financiamento de veículo,Própria,0
6880.94,9843.36,60,1.268,235.31,3.42,617,1,45,2.2,1,0.119,Financiamento de veículo,Própria,0
6991.72,6819.23,12,1.154,611.77,8.75,798,0,81,3.5,2,0.081,Reforma ou serviços,Financiada,0
2529.33,5866.9,6,1.786,1039.82,41.11,817,0,12,3.1,1,0.193,Consolidação de dívidas,Financiada,0
3343.96,8813.68,24,2.069,469.66,14.04,481,0,27,1.7,0,0.22,Financiamento de veículo,Alugada,0
12162.95,23006.8,48,1.502,676.04,5.56,831,0,23,2.1,0,0.158,Crédito pessoal,Alugada,0
3851.87,22753.91,18,2.38,1568.87,40.73,692,1,2,5.5,1,0.492,Crédito pessoal,Própria,0
20889.97,14240.4,12,2.221,1364.94,6.53,542,2,16,3.9,4,0.057,Financiamento de veículo,Própria,0
5193.81,34680.56,6,2.322,6258.82,120.51,546,0,68,2.1,1,0.556,Reforma ou serviços,Alugada,1
6696.88,8619.45,24,0.917,401.77,6.0,863,0,41,10.9,2,0.107,Reforma ou serviços,Financiada,0
14169.91,12870.77,60,1.551,331.14,2.34,660,0,54,6.4,0,0.076,Crédito pessoal,Financiada,0
5640.06,12635.56,36,3.507,623.37,11.05,349,3,81,1.6,2,0.187,Crédito pessoal,Alugada,1
2793.25,21879.17,24,1.654,1111.9,39.81,804,0,138,1.9,1,0.653,Reforma ou serviços,Alugada,0
4858.0,9158.24,12,2.317,882.97,18.18,450,0,16,0.7,2,0.157,Educação,Alugada,0
5086.45,11081.37,60,2.376,348.42,6.85,513,1,63,0.5,1,0.182,Crédito pessoal,Própria,0
2231.15,14429.64,6,2.827,2648.44,118.7,569,1,26,1.6,2,0.539,Consolidação de dívidas,Alugada,1
4437.29,16055.59,6,0.55,2727.68,61.47,834,0,18,2.9,1,0.302,Financiamento de veículo,Alugada,0
3282.15,9460.09,18,0.55,553.45,16.86,768,0,34,0.8,1,0.24,Financiamento de veículo,Financiada,0
9223.55,4312.21,24,1.075,204.82,2.22,771,0,65,4.9,1,0.039,Reforma ou serviços,Alugada,0
5312.79,10304.95,48,2.181,348.49,6.56,618,1,44,0.6,1,0.162,Crédito pessoal,Alugada,0
4363.72,13055.04,36,2.198,528.64,12.11,662,1,30,1.6,0,0.249,Crédito pessoal,Própria,0
4868.69,3985.44,24,1.283,193.99,3.98,715,0,70,3.6,1,0.068,Crédito pessoal,Própria,0
5971.48,4567.61,36,2.13,182.95,3.06,691,0,66,8.3,0,0.064,Crédito pessoal,Alugada,0
7622.34,11516.65,36,2.733,506.74,6.65,682,0,29,6.1,1,0.126,Consolidação de dívidas,Alugada,0
2797.81,7714.34,12,1.299,698.43,24.96,816,0,62,5.1,1,0.23,Consolidação de dívidas,Própria,0
2726.11,20353.58,18,2.432,1409.69,51.71,733,0,43,2.2,1,0.622,Consolidação de dívidas,Financiada,0
10314.59,16786.08,18,2.695,1189.25,11.53,666,1,23,5.1,1,0.136,Consolidação de dívidas,Financiada,0
4026.95,10552.0,48,2.104,351.34,8.72,767,0,66,1.5,0,0.218,Consolidação de dívidas,Alugada,0
2160.23,20010.11,48,0.822,506.15,23.43,870,0,67,3.4,1,0.772,Reforma ou serviços,Financiada,0
6847.08,13442.43,48,0.732,333.14,4.87,724,0,15,0.4,3,0.164,Financiamento de veículo,Alugada,0
6930.61,13238.87,36,2.055,524.01,7.56,817,0,62,2.6,4,0.159,Consolidação de dívidas,Financiada,0
2012.98,9440.88,24,1.521,472.5,23.47,817,0,88,0.4,1,0.391,Crédito pessoal,Própria,0
5995.07,3142.86,24,3.23,190.21,3.17,553,0,17,4.8,0,0.044,Crédito pessoal,Financiada,0
8204.81,7024.4,48,0.55,166.91,2.03,914,0,49,4.9,1,0.071,Financiamento de veículo,Própria,0
6558.61,20626.06,36,3.364,996.74,15.2,533,0,17,6.6,0,0.262,Consolidação de dívidas,Financiada,0
7694.36,7072.6,48,1.578,211.25,2.75,868,0,18,0.5,0,0.077,Consolidação de dívidas,Financiada,0
2177.14,7009.85,12,1.783,654.03,30.04,705,0,9,10.8,2,0.268,Crédito pessoal,Própria,0
6384.69,25501.98,24,0.849,1178.97,18.47,933,0,96,1.9,2,0.333,Reforma ou serviços,Própria,0
4310.42,8644.54,48,2.467,309.24,7.17,656,1,89,4.8,0,0.167,Consolidação de dívidas,Financiada,0
3854.84,7798.66,24,2.442,433.27,11.24,689,0,92,0.7,2,0.169,Crédito pessoal,Própria,0
8920.96,11720.84,18,0.55,685.71,7.69,872,0,31,4.0,0,0.109,Financiamento de veículo,Própria,0
13011.18,18098.08,24,1.82,937.41,7.2,699,0,81,2.0,3,0.116,Reforma ou serviços,Financiada,0
15818.31,13109.26,12,0.55,1131.89,7.16,832,0,17,5.3,2,0.069,Financiamento de veículo,Financiada,0
11749.84,25693.33,48,1.328,727.25,6.19,931,0,15,1.0,1,0.182,Consolidação de dívidas,Alugada,0
4857.98,27897.22,36,0.55,856.29,17.63,953,0,32,0.6,2,0.479,Financiamento de veículo,Alugada,0
6471.09,8502.36,48,1.556,252.77,3.91,812,0,85,5.2,3,0.109,Consolidação de dívidas,Alugada,0
8365.27,4395.35,12,1.756,409.42,4.89,510,0,50,1.4,1,0.044,Educação,Alugada,0
5605.73,12718.5,18,2.411,879.32,15.69,651,0,29,1.7,0,0.189,Crédito pessoal,Própria,0
5639.14,9225.84,24,3.31,563.14,9.99,402,2,27,1.5,3,0.136,Crédito pessoal,Financiada,1
8665.81,8389.93,12,1.485,768.48,8.87,699,0,96,2.9,0,0.081,Educação,Própria,0
5012.34,4024.64,36,1.747,151.55,3.02,754,0,72,0.8,2,0.067,Crédito pessoal,Própria,0
3308.52,10447.07,18,2.192,708.66,21.42,342,3,100,5.6,1,0.263,Financiamento de veículo,Financiada,0
4021.62,14434.42,12,3.32,1477.94,36.75,513,2,95,2.6,0,0.299,Consolidação de dívidas,Própria,0
7703.56,9149.71,24,1.29,445.72,5.79,737,0,7,6.1,0,0.099,Educação,Financiada,0
5209.66,13512.4,60,2.642,451.45,8.67,536,2,88,3.9,0,0.216,Consolidação de dívidas,Alugada,0
6421.1,22371.06,36,0.55,686.67,10.69,747,0,72,2.5,2,0.29,Financiamento de veículo,Própria,0
7878.27,36873.56,36,0.55,1131.82,14.37,733,0,19,0.0,1,0.39,Financiamento de veículo,Familiar,0
4121.66,12391.04,36,0.55,380.34,9.23,745,0,31,3.4,1,0.251,Financiamento de veículo,Familiar,0
8310.61,8773.62,48,2.107,292.27,3.52,660,0,37,4.9,0,0.088,Crédito pessoal,Financiada,0
6576.75,8162.8,36,0.55,250.55,3.81,877,0,135,6.0,0,0.103,Financiamento de veículo,Financiada,0
2418.32,5175.12,24,1.951,272.08,11.25,616,0,44,2.3,0,0.178,Educação,Financiada,0
12716.34,25192.76,12,1.433,2300.11,18.09,883,0,70,2.8,0,0.165,Crédito pessoal,Própria,0
3812.16,15980.25,36,2.431,671.18,17.61,543,0,87,3.5,1,0.349,Crédito pessoal,Própria,1
1863.58,6616.56,18,0.55,387.09,20.77,859,0,30,2.1,0,0.296,Financiamento de veículo,Alugada,0
2720.27,15949.59,12,1.12,1427.86,52.49,736,0,95,1.2,1,0.489,Financiamento de veículo,Própria,0
2761.05,9373.94,60,1.794,256.37,9.29,531,2,41,4.1,0,0.283,Financiamento de veículo,Alugada,0
5370.96,13518.05,36,2.352,560.76,10.44,433,2,198,0.1,0,0.21,Financiamento de veículo,Própria,0
4387.99,11975.71,36,1.434,428.22,9.76,812,0,19,2.1,3,0.227,Consolidação de dívidas,Alugada,0
4219.95,8340.93,36,2.298,343.13,8.13,637,2,38,1.3,0,0.165,Consolidação de dívidas,Financiada,0
7636.0,14887.41,24,2.327,816.61,10.69,653,0,89,0.6,2,0.162,Consolidação de dívidas,Financiada,0
6419.76,7458.43,48,1.613,224.43,3.5,732,0,24,2.5,1,0.097,Reforma ou serviços,Própria,0
6325.62,18813.5,24,1.624,952.83,15.06,654,2,76,6.6,0,0.248,Financiamento de veículo,Financiada,0
6704.32,4053.59,24,1.477,201.83,3.01,848,0,33,0.7,1,0.05,Consolidação de dívidas,Própria,0
7619.13,33285.49,18,0.799,1992.81,26.16,729,0,16,3.4,1,0.364,Financiamento de veículo,Alugada,0
1500.0,6471.27,60,0.661,130.99,8.73,886,0,14,2.9,0,0.36,Educação,Alugada,0
4148.33,1729.12,24,1.015,81.54,1.97,549,0,49,0.5,0,0.035,Financiamento de veículo,Alugada,0
1500.0,3832.85,6,1.39,670.24,44.68,657,0,60,2.9,0,0.213,Reforma ou serviços,Alugada,1
5317.57,13351.66,48,0.938,346.73,6.52,646,0,18,1.4,0,0.209,Financiamento de veículo,Familiar,0
5185.08,10332.09,24,2.107,552.92,10.66,502,2,64,1.0,0,0.166,Reforma ou serviços,Financiada,0
9943.2,18779.35,36,1.395,667.15,6.71,881,1,12,1.0,5,0.157,Educação,Financiada,0
10858.98,10308.23,18,0.55,603.07,5.55,700,0,30,12.2,1,0.079,Financiamento de veículo,Própria,0
5896.62,21222.04,6,1.664,3745.83,63.53,593,1,40,0.2,0,0.3,Educação,Própria,1
3813.07,12839.36,12,1.983,1212.79,31.81,539,0,38,5.0,1,0.281,Educação,Financiada,0
7024.88,22372.82,18,2.351,1538.71,21.9,694,0,47,1.6,0,0.265,Consolidação de dívidas,Própria,0
3748.48,26129.61,48,2.299,904.46,24.13,408,2,39,0.7,2,0.581,Financiamento de veículo,Alugada,1
5195.51,20170.7,60,1.741,544.51,10.48,671,0,35,1.3,0,0.324,Crédito pessoal,Financiada,0
9583.69,11298.86,12,1.027,1005.59,10.49,564,1,35,6.0,1,0.098,Financiamento de veículo,Própria,0
3679.73,31410.59,36,1.548,1144.75,31.11,633,0,25,5.5,0,0.711,Educação,Própria,0
8569.24,13336.49,60,1.317,322.97,3.77,552,2,64,2.5,2,0.13,Financiamento de veículo,Própria,1
7914.11,8295.27,18,1.182,514.33,6.5,837,0,35,2.8,0,0.087,Crédito pessoal,Familiar,0
2876.83,10304.91,48,1.349,293.02,10.19,788,0,23,2.7,1,0.299,Crédito pessoal,Própria,0
9511.23,18483.39,24,0.661,835.41,8.78,798,0,62,2.0,3,0.162,Educação,Alugada,0
8018.65,28701.39,24,2.294,1568.42,19.56,617,1,55,3.3,2,0.298,Consolidação de dívidas,Financiada,0
5539.21,17162.39,48,1.601,515.12,9.3,703,0,17,3.8,1,0.258,Crédito pessoal,Familiar,0
3241.44,14780.55,12,2.583,1448.19,44.68,499,0,107,0.6,2,0.38,Crédito pessoal,Familiar,0
3052.47,10731.38,24,2.656,610.44,20.0,680,0,30,0.2,1,0.293,Consolidação de dívidas,Alugada,0
3725.9,30607.41,12,1.862,2869.76,77.02,952,0,32,0.5,0,0.685,Consolidação de dívidas,Familiar,0
7279.54,14067.38,24,2.376,775.78,10.66,738,0,41,1.3,2,0.161,Consolidação de dívidas,Alugada,0
2875.34,9462.63,24,0.699,429.66,14.94,916,0,54,1.6,1,0.274,Reforma ou serviços,Própria,0
6820.39,3538.19,36,3.563,175.95,2.58,439,3,43,4.1,0,0.043,Crédito pessoal,Financiada,0
2407.94,7801.77,12,1.298,706.28,29.33,549,0,21,1.8,1,0.27,Financiamento de veículo,Financiada,0
4582.0,9182.58,48,1.838,289.6,6.32,738,0,8,1.3,2,0.167,Crédito pessoal,Própria,0
5565.8,6401.07,48,2.591,234.56,4.21,607,1,105,0.2,1,0.096,Crédito pessoal,Própria,0
23680.2,5570.4,48,0.55,132.36,0.56,856,0,19,6.4,1,0.02,Financiamento de veículo,Própria,0
2213.83,17769.15,24,1.304,867.08,39.17,811,0,58,0.6,2,0.669,Reforma ou serviços,Financiada,1
12952.74,15832.75,36,2.486,670.67,5.18,722,1,42,6.8,0,0.102,Consolidação de dívidas,Financiada,0
5706.24,14810.09,48,1.525,437.4,7.67,640,2,6,1.1,2,0.216,Educação,Financiada,0
6709.91,11966.74,12,1.365,1087.9,16.21,621,1,25,0.5,1,0.149,Financiamento de veículo,Própria,0
5595.9,14403.89,36,0.868,467.58,8.36,649,1,123,2.0,2,0.215,Financiamento de veículo,Própria,0
6850.96,13571.75,24,0.55,605.18,8.83,823,0,9,0.8,2,0.165,Financiamento de veículo,Alugada,0
4727.39,6062.78,36,2.508,257.68,5.45,429,1,33,1.4,0,0.107,Reforma ou serviços,Financiada,0
12809.28,25176.44,12,2.075,2391.59,18.67,564,0,54,3.7,2,0.164,Crédito pessoal,Familiar,0
3918.26,7544.6,18,1.354,475.12,12.13,475,1,19,3.7,1,0.16,Financiamento de veículo,Alugada,0
10492.33,9477.64,48,2.516,342.31,3.26,614,1,46,8.1,2,0.075,Reforma ou serviços,Alugada,0
3487.38,14738.01,12,2.591,1444.71,41.43,538,0,62,3.4,2,0.352,Consolidação de dívidas,Própria,1
5009.33,29501.51,48,0.948,767.96,15.33,720,0,57,0.3,0,0.491,Financiamento de veículo,Própria,0
2675.25,8962.87,36,1.359,316.46,11.83,625,1,46,1.2,3,0.279,Financiamento de veículo,Alugada,0
6894.84,24223.31,18,2.636,1707.55,24.77,610,1,37,1.8,0,0.293,Crédito pessoal,Própria,0
12738.6,17735.94,36,1.582,650.0,5.1,803,0,20,2.7,0,0.116,Consolidação de dívidas,Própria,0
4956.49,11939.1,48,0.809,301.14,6.08,839,0,61,2.9,2,0.201,Reforma ou serviços,Alugada,0
4602.45,11192.96,12,1.078,999.37,21.71,677,0,42,1.8,1,0.203,Educação,Alugada,0
2605.43,13069.85,36,3.31,626.65,24.05,470,2,133,1.3,1,0.418,Crédito pessoal,Financiada,1
4510.9,16501.91,60,1.746,445.96,9.89,734,0,72,0.8,3,0.305,Reforma ou serviços,Própria,0
1936.97,6067.5,18,2.285,414.91,21.42,600,0,28,4.3,2,0.261,Crédito pessoal,Financiada,0
2952.56,17274.29,48,2.421,612.53,20.75,723,0,50,5.7,1,0.488,Crédito pessoal,Própria,0
5985.06,11505.71,12,2.296,1107.87,18.51,650,1,15,0.6,2,0.16,Crédito pessoal,Alugada,0
11780.51,10117.37,36,1.584,370.89,3.15,653,0,8,7.6,2,0.072,Reforma ou serviços,Alugada,0
29676.91,15499.9,6,1.573,2727.38,9.19,886,0,28,2.8,0,0.044,Consolidação de dívidas,Própria,0
3614.58,9946.72,24,2.421,551.33,15.25,485,0,12,2.5,1,0.229,Reforma ou serviços,Financiada,0
12661.23,3891.5,12,0.979,345.3,2.73,718,0,67,2.3,2,0.026,Reforma ou serviços,Financiada,0
6048.35,29962.04,60,2.107,884.5,14.62,668,0,126,0.2,0,0.413,Crédito pessoal,Própria,0
4734.54,12775.14,48,1.476,373.36,7.89,565,2,88,2.1,1,0.225,Financiamento de veículo,Alugada,0
6799.62,12301.07,48,1.141,334.25,4.92,712,0,31,6.5,1,0.151,Educação,Financiada,0
5403.5,36993.98,48,1.053,985.7,18.24,646,1,69,2.7,0,0.571,Financiamento de veículo,Própria,0
5568.38,9677.35,36,2.241,394.55,7.09,776,0,26,1.4,3,0.145,Consolidação de dívidas,Própria,0
4036.96,19026.08,18,1.818,1248.83,30.93,724,0,95,1.1,0,0.393,Crédito pessoal,Financiada,0
2185.47,11667.91,60,1.141,269.65,12.34,817,0,62,0.5,1,0.445,Crédito pessoal,Financiada,0
1996.93,17942.49,24,1.86,933.68,46.76,718,0,41,5.0,1,0.749,Crédito pessoal,Alugada,1
7796.47,9107.36,48,1.285,255.4,3.28,845,0,39,1.8,0,0.097,Crédito pessoal,Alugada,0
4380.24,9336.38,36,0.803,299.66,6.84,689,0,62,0.3,2,0.178,Financiamento de veículo,Alugada,0
3593.34,18401.55,36,2.045,727.15,20.24,659,0,39,0.4,2,0.427,Crédito pessoal,Financiada,0
5227.49,7130.29,36,2.131,285.64,5.46,759,0,84,3.8,1,0.114,Consolidação de dívidas,Própria,0
8512.34,24186.54,6,0.55,4109.04,48.27,665,0,31,3.7,0,0.237,Financiamento de veículo,Alugada,0
5815.25,15269.78,24,0.643,688.68,11.84,631,0,36,0.8,0,0.219,Financiamento de veículo,Própria,0
3462.2,18246.94,12,1.82,1706.44,49.29,631,1,38,7.6,2,0.439,Reforma ou serviços,Financiada,0
11122.39,19551.85,60,1.767,531.22,4.78,809,0,34,0.9,2,0.146,Consolidação de dívidas,Alugada,0
13842.64,5679.48,12,0.55,490.38,3.54,829,0,21,3.0,1,0.034,Financiamento de veículo,Alugada,0
7065.92,7921.03,48,2.185,268.08,3.79,602,1,29,0.7,0,0.093,Consolidação de dívidas,Financiada,0
9509.87,11747.45,36,0.55,360.58,3.79,936,0,41,5.6,2,0.103,Financiamento de veículo,Alugada,0
11230.96,33776.92,36,1.212,1163.32,10.36,731,0,38,3.2,0,0.251,Reforma ou serviços,Familiar,0
10478.44,11250.1,24,1.569,566.19,5.4,903,0,115,4.7,0,0.089,Consolidação de dívidas,Alugada,0
7609.52,17928.03,24,1.802,926.73,12.18,610,1,54,0.4,0,0.196,Educação,Própria,0
7535.56,14575.45,36,1.931,565.51,7.5,746,0,99,0.6,0,0.161,Crédito pessoal,Alugada,0
7176.76,14701.41,24,1.413,726.6,10.12,582,0,11,5.7,1,0.171,Educação,Familiar,0
2633.49,15619.69,36,0.681,490.72,18.63,852,0,77,1.3,0,0.494,Educação,Financiada,0
8029.38,7788.56,12,1.434,711.11,8.86,677,0,54,2.1,1,0.081,Financiamento de veículo,Própria,0
2243.54,10880.04,48,0.861,277.71,12.38,691,0,38,1.7,1,0.404,Financiamento de veículo,Familiar,0
3177.22,10426.6,36,3.057,481.68,15.16,632,1,19,3.9,2,0.273,Consolidação de dívidas,Financiada,1
11668.22,13435.85,36,2.078,533.74,4.57,707,0,66,5.2,0,0.096,Crédito pessoal,Própria,0
8754.74,8589.35,24,1.223,415.16,4.74,814,0,60,4.6,2,0.082,Crédito pessoal,Própria,0
13076.88,51767.91,36,2.305,2131.93,16.3,635,1,68,3.0,1,0.33,Educação,Própria,0
4393.91,4097.21,24,1.814,212.08,4.83,740,1,29,5.0,0,0.078,Reforma ou serviços,Alugada,0
2545.34,4193.02,18,0.813,251.35,9.87,593,0,84,9.0,1,0.137,Financiamento de veículo,Própria,0
4479.84,19038.82,24,2.554,1070.83,23.9,553,1,63,1.7,1,0.354,Crédito pessoal,Familiar,1
5539.58,25336.55,24,1.027,1196.49,21.6,943,0,30,1.9,0,0.381,Reforma ou serviços,Própria,0
5461.0,26028.97,12,1.891,2444.86,44.77,635,0,107,3.5,0,0.397,Reforma ou serviços,Familiar,0
10501.74,11596.22,6,1.264,2019.13,19.23,825,0,49,10.4,0,0.092,Consolidação de dívidas,Alugada,0
4156.49,14042.17,36,1.175,480.61,11.56,573,1,9,1.7,1,0.282,Financiamento de veículo,Alugada,0
6468.34,20084.19,36,2.13,804.45,12.44,617,1,30,8.2,4,0.259,Crédito pessoal,Financiada,0
2817.11,10395.55,18,1.277,650.13,23.08,856,0,83,2.1,2,0.308,Reforma ou serviços,Financiada,0
6874.75,5449.56,60,2.577,179.42,2.61,564,0,31,0.5,1,0.066,Crédito pessoal,Financiada,0
5210.03,16091.89,12,1.629,1487.14,28.54,634,0,43,0.6,2,0.257,Reforma ou serviços,Própria,0
3266.68,22198.71,36,1.134,754.42,23.09,677,0,85,7.3,3,0.566,Educação,Própria,0
4492.66,11008.52,48,0.725,272.38,6.06,758,0,31,2.2,0,0.204,Financiamento de veículo,Própria,0
4638.86,13045.18,36,2.751,575.53,12.41,564,0,71,1.8,2,0.234,Consolidação de dívidas,Financiada,0
4398.06,9008.5,24,1.646,457.42,10.4,613,0,15,2.6,1,0.171,Educação,Própria,0
15594.06,33723.4,48,2.702,1262.26,8.09,364,4,53,2.9,1,0.18,Financiamento de veículo,Própria,0
4892.1,3932.44,36,2.297,161.73,3.31,703,0,51,1.6,2,0.067,Consolidação de dívidas,Familiar,0
4470.24,11609.12,18,2.036,776.81,17.38,660,0,56,1.5,0,0.216,Consolidação de dívidas,Familiar,1
1500.0,8873.46,36,1.215,305.79,20.39,826,0,61,1.9,4,0.493,Reforma ou serviços,Alugada,0
2986.94,10417.35,18,2.082,699.88,23.43,822,0,44,0.6,1,0.291,Consolidação de dívidas,Financiada,0
4417.41,25069.21,18,2.233,1706.64,38.63,770,0,40,0.6,0,0.473,Crédito pessoal,Familiar,0
3398.83,10361.65,24,0.658,468.17,13.77,811,0,43,0.2,1,0.254,Educação,Própria,0
12247.44,17390.95,24,2.605,983.69,8.03,527,1,104,4.3,1,0.118,Reforma ou serviços,Familiar,0
4694.53,13985.02,6,2.834,2567.45,54.69,553,0,47,2.2,3,0.248,Crédito pessoal,Financiada,1
11559.34,13481.4,18,1.654,872.15,7.54,845,0,157,1.3,0,0.097,Crédito pessoal,Própria,0
5402.79,4251.47,36,1.68,158.35,2.93,772,0,61,0.5,0,0.066,Crédito pessoal,Financiada,0
5321.42,11950.06,24,3.286,727.55,13.67,398,1,47,1.9,1,0.187,Consolidação de dívidas,Financiada,0
4921.46,20965.46,36,1.055,703.01,14.28,732,0,17,1.1,2,0.355,Educação,Financiada,0
5212.25,19004.15,36,2.503,807.18,15.49,587,1,74,1.9,1,0.304,Consolidação de dívidas,Própria,0
15094.21,10783.2,60,2.228,327.56,2.17,508,0,35,1.5,2,0.06,Crédito pessoal,Própria,0
1500.0,6060.31,24,2.829,351.3,23.42,607,0,82,2.4,1,0.337,Consolidação de dívidas,Financiada,0
1503.36,4038.83,36,1.233,139.6,9.29,906,0,24,1.6,3,0.224,Consolidação de dívidas,Alugada,0
3713.2,4544.06,36,1.682,169.3,4.56,509,2,43,3.6,0,0.102,Educação,Financiada,0
5247.05,38248.0,36,1.042,1279.6,24.39,636,0,34,0.3,2,0.607,Financiamento de veículo,Própria,0
7976.69,5734.39,24,1.399,282.95,3.55,625,1,70,1.1,1,0.06,Financiamento de veículo,Alugada,0
6972.49,11252.94,36,1.459,404.08,5.8,747,0,110,1.0,1,0.134,Reforma ou serviços,Financiada,0
4097.7,15532.95,36,2.757,685.94,16.74,440,1,42,2.9,0,0.316,Crédito pessoal,Alugada,1
9781.23,17946.43,36,0.862,582.02,5.95,630,0,32,4.4,1,0.153,Financiamento de veículo,Familiar,0
9849.1,13992.12,18,1.623,902.66,9.16,805,0,17,2.3,2,0.118,Crédito pessoal,Alugada,0
5828.59,10729.98,36,1.385,380.54,6.53,604,0,30,1.5,1,0.153,Financiamento de veículo,Financiada,0
9445.2,13012.26,24,1.09,619.15,6.56,828,0,111,3.7,1,0.115,Reforma ou serviços,Financiada,0
6157.67,31735.01,48,1.68,968.43,15.73,707,0,42,1.2,1,0.429,Reforma ou serviços,Financiada,0
3671.28,8471.25,12,0.925,749.1,20.4,645,0,59,6.6,1,0.192,Financiamento de veículo,Familiar,0
8014.92,22876.66,24,2.655,1301.09,16.23,536,0,13,1.7,1,0.238,Crédito pessoal,Alugada,1
5569.13,3466.63,36,1.46,124.5,2.24,833,0,12,0.1,2,0.052,Crédito pessoal,Familiar,0
5204.32,20446.21,48,1.711,627.94,12.07,763,0,11,0.3,0,0.327,Consolidação de dívidas,Alugada,0
12960.29,15340.83,48,1.417,442.69,3.42,791,0,93,1.5,1,0.099,Consolidação de dívidas,Própria,0
1500.0,8859.78,36,0.978,293.13,19.54,581,0,44,9.3,2,0.492,Financiamento de veículo,Alugada,0
2159.11,15784.55,36,2.681,688.98,31.91,478,1,24,0.6,1,0.609,Crédito pessoal,Própria,1
2490.98,4863.25,24,2.952,285.66,11.47,589,2,76,6.6,1,0.163,Crédito pessoal,Familiar,0
4151.36,13659.21,12,0.934,1208.56,29.11,647,0,34,2.0,2,0.274,Financiamento de veículo,Alugada,0
4440.65,32789.97,24,2.141,1761.44,39.67,374,3,82,0.6,2,0.615,Financiamento de veículo,Própria,1
2042.38,12129.63,60,1.85,336.37,16.47,793,0,42,1.3,2,0.495,Consolidação de dívidas,Alugada,0
2823.17,3409.34,24,1.28,165.9,5.88,611,1,83,3.9,1,0.101,Financiamento de veículo,Alugada,0
3049.38,15340.33,24,2.24,833.26,27.33,674,0,21,1.4,0,0.419,Consolidação de dívidas,Alugada,1
23861.39,4110.29,60,1.933,116.32,0.49,353,0,57,0.6,2,0.014,Financiamento de veículo,Alugada,0
15890.77,5914.16,12,1.889,555.45,3.5,559,0,67,2.1,2,0.031,Reforma ou serviços,Própria,0
4028.42,26503.81,12,0.55,2288.4,56.81,823,0,12,4.7,0,0.548,Financiamento de veículo,Financiada,0
4150.53,6995.0,36,0.55,214.71,5.17,943,0,44,11.5,1,0.14,Reforma ou serviços,Alugada,0
2550.15,11643.51,24,3.122,696.57,27.31,382,1,17,3.7,1,0.38,Crédito pessoal,Financiada,1
1593.0,6940.37,36,1.499,250.86,15.75,751,0,13,7.0,1,0.363,Crédito pessoal,Própria,0
4836.51,14744.02,24,1.292,718.42,14.85,617,1,36,3.6,1,0.254,Financiamento de veículo,Própria,1
2801.04,23966.44,24,0.55,1068.7,38.15,820,0,59,3.6,0,0.713,Financiamento de veículo,Familiar,0
4933.51,4493.38,60,2.224,136.38,2.76,751,0,24,2.9,1,0.076,Consolidação de dívidas,Alugada,0
1928.09,9976.92,24,2.192,539.04,27.96,572,0,37,2.5,3,0.431,Educação,Alugada,0
3242.14,4053.39,36,2.04,160.05,4.94,585,0,27,0.8,0,0.104,Crédito pessoal,Própria,0
5701.95,15941.76,60,2.25,486.83,8.54,685,0,78,1.8,0,0.233,Consolidação de dívidas,Própria,0
6525.44,7209.72,24,2.146,387.54,5.94,522,0,97,3.7,1,0.092,Crédito pessoal,Alugada,0
6736.17,20985.79,6,3.108,3887.85,57.72,402,1,176,2.5,1,0.26,Crédito pessoal,Própria,1
2293.22,6003.71,36,0.676,188.43,8.22,860,0,89,0.2,0,0.218,Financiamento de veículo,Alugada,0
8833.61,15431.65,36,0.55,473.67,5.36,881,0,63,4.7,1,0.146,Financiamento de veículo,Financiada,0
3166.18,10203.57,24,1.177,490.5,15.49,543,0,78,3.1,1,0.269,Financiamento de veículo,Alugada,0
7698.54,5223.67,36,2.096,208.11,2.7,777,0,28,4.4,2,0.057,Consolidação de dívidas,Própria,0
5165.81,31521.93,36,0.55,967.55,18.73,862,0,35,0.6,2,0.509,Financiamento de veículo,Financiada,0
2215.1,7097.86,18,2.375,489.21,22.09,588,0,51,1.4,0,0.267,Consolidação de dívidas,Alugada,0
4274.28,12858.2,12,2.514,1254.57,29.35,591,0,11,2.6,3,0.251,Crédito pessoal,Própria,0
6522.02,10908.42,36,0.55,334.83,5.13,791,0,26,6.1,2,0.139,Financiamento de veículo,Financiada,0
7604.17,23245.65,24,3.12,1390.33,18.28,325,4,160,2.3,0,0.255,Educação,Familiar,1
4764.76,27190.96,12,0.55,2347.73,49.27,924,0,36,8.3,1,0.476,Financiamento de veículo,Própria,0
13441.7,8570.36,12,3.485,886.1,6.59,395,1,9,1.6,0,0.053,Consolidação de dívidas,Alugada,1
9711.54,15476.59,6,1.737,2738.47,28.2,723,0,30,4.4,0,0.133,Reforma ou serviços,Financiada,0
4435.02,30362.55,12,0.55,2621.58,59.11,936,1,49,0.1,1,0.571,Educação,Alugada,0
8279.1,36505.99,36,1.455,1310.01,15.82,760,0,60,4.1,1,0.367,Crédito pessoal,Própria,0
17246.52,12520.44,60,0.848,267.11,1.55,694,0,42,6.8,1,0.06,Financiamento de veículo,Financiada,0
17534.3,12866.85,36,0.55,394.94,2.25,676,0,56,3.2,0,0.061,Financiamento de veículo,Financiada,0
2428.56,13922.74,24,1.927,730.03,30.06,503,1,26,0.4,1,0.478,Educação,Própria,0
2927.67,3706.53,36,1.563,135.42,4.63,853,0,99,1.8,0,0.106,Crédito pessoal,Própria,0
13056.79,26988.19,36,0.56,829.91,6.36,821,0,85,1.9,1,0.172,Educação,Financiada,0
2698.04,7874.64,18,2.082,529.03,19.61,448,1,8,1.2,1,0.243,Financiamento de veículo,Alugada,0
2290.3,5188.54,24,0.55,231.36,10.1,715,0,19,1.8,1,0.189,Financiamento de veículo,Financiada,0
3846.71,9680.41,24,2.982,570.51,14.83,662,0,76,0.4,2,0.21,Consolidação de dívidas,Alugada,0
6747.68,9042.43,18,1.949,600.45,8.9,831,0,54,2.3,1,0.112,Consolidação de dívidas,Financiada,0
4880.13,17511.13,60,1.599,456.06,9.35,533,0,52,1.2,2,0.299,Financiamento de veículo,Financiada,0
3474.01,10818.98,18,1.667,700.68,20.17,735,0,47,2.7,1,0.26,Crédito pessoal,Financiada,0
3423.44,17811.37,36,1.89,686.56,20.05,797,0,89,2.7,1,0.434,Consolidação de dívidas,Financiada,0
3343.47,8061.96,18,1.987,537.14,16.07,578,0,52,0.6,2,0.201,Financiamento de veículo,Própria,0
3014.29,6591.27,24,1.642,334.5,11.1,782,0,61,1.4,2,0.182,Consolidação de dívidas,Alugada,1
21397.43,15163.6,36,2.215,615.62,2.88,671,0,48,3.3,0,0.059,Consolidação de dívidas,Financiada,1
6253.34,13286.16,36,1.885,511.66,8.18,683,0,21,1.7,1,0.177,Crédito pessoal,Financiada,0
9011.03,41552.7,18,1.684,2695.32,29.91,603,0,80,5.7,2,0.384,Educação,Familiar,0
3839.84,13743.09,24,2.118,736.35,19.18,611,1,33,0.9,1,0.298,Reforma ou serviços,Financiada,0
4633.75,13986.62,36,0.729,443.1,9.56,927,0,33,1.3,0,0.252,Reforma ou serviços,Alugada,0
3340.95,5862.27,6,0.55,995.94,29.81,737,0,38,2.8,1,0.146,Financiamento de veículo,Familiar,0
1500.0,13836.46,36,0.657,432.82,28.85,913,0,15,1.9,0,0.769,Educação,Alugada,0
2212.88,6151.75,36,1.363,217.37,9.82,781,0,145,3.9,1,0.232,Reforma ou serviços,Financiada,0
1692.28,5584.08,36,1.101,188.71,11.15,799,0,76,2.7,0,0.275,Reforma ou serviços,Financiada,0
1500.0,7234.18,12,1.347,656.91,43.79,801,0,19,1.3,0,0.402,Crédito pessoal,Própria,0
2478.21,13356.05,24,0.677,604.8,24.4,873,0,116,2.1,1,0.449,Educação,Própria,0
11824.0,12944.36,24,0.673,585.91,4.96,885,0,29,6.1,2,0.091,Reforma ou serviços,Familiar,0
5058.69,32046.37,24,1.372,1576.27,31.16,720,0,33,0.4,2,0.528,Reforma ou serviços,Alugada,0
11574.54,6795.44,36,0.883,221.19,1.91,852,0,29,1.0,1,0.049,Reforma ou serviços,Alugada,0
6709.12,14385.79,6,1.562,2530.37,37.72,610,0,103,0.6,1,0.179,Reforma ou serviços,Alugada,0
8447.29,15304.23,24,2.969,900.67,10.66,490,2,92,1.5,0,0.151,Crédito pessoal,Financiada,0
2974.58,8026.84,12,0.55,693.06,23.3,846,0,39,1.6,0,0.225,Financiamento de veículo,Alugada,0
7195.88,30390.21,24,2.374,1675.58,23.29,629,0,42,5.3,2,0.352,Crédito pessoal,Alugada,0
8169.94,13210.36,48,0.55,313.89,3.84,915,0,74,2.2,2,0.135,Educação,Financiada,0
3636.92,6549.26,24,2.958,384.97,10.58,473,2,72,0.3,1,0.15,Crédito pessoal,Própria,1
7356.42,18528.92,60,3.627,761.85,10.36,504,1,44,4.7,0,0.21,Consolidação de dívidas,Financiada,0
7386.8,48341.02,36,1.163,1651.27,22.35,662,0,45,1.0,2,0.545,Educação,Alugada,0
3698.53,8489.95,60,1.664,224.76,6.08,544,1,77,3.4,1,0.191,Financiamento de veículo,Financiada,0
2592.29,13186.71,48,2.14,442.27,17.06,729,0,10,4.1,1,0.424,Crédito pessoal,Financiada,0
2495.52,9858.13,48,1.482,288.47,11.56,615,0,58,2.2,2,0.329,Reforma ou serviços,Própria,0
5486.51,27288.59,18,2.703,1934.62,35.26,513,1,55,1.7,1,0.414,Crédito pessoal,Alugada,1
6368.76,23805.3,48,2.798,907.3,14.25,376,4,103,0.8,0,0.311,Financiamento de veículo,Familiar,0
3181.31,15166.93,18,1.902,1003.01,31.53,595,2,62,0.7,4,0.397,Reforma ou serviços,Própria,0
5286.42,10266.94,48,3.568,449.96,8.51,350,6,66,4.2,1,0.162,Reforma ou serviços,Própria,1
7406.75,9899.65,24,1.334,484.76,6.54,611,1,26,2.6,2,0.111,Educação,Própria,0
7628.85,19628.77,6,1.526,3448.35,45.2,771,0,28,4.3,0,0.214,Crédito pessoal,Financiada,0
13610.27,8320.22,48,1.963,269.21,1.98,788,0,57,2.7,3,0.051,Crédito pessoal,Própria,0
11477.48,5145.84,36,0.55,157.95,1.38,823,0,6,6.8,0,0.037,Financiamento de veículo,Financiada,0
2795.07,9895.46,36,1.451,354.85,12.7,701,0,35,6.5,2,0.295,Crédito pessoal,Própria,0
14768.29,9591.89,48,1.308,270.35,1.83,854,0,16,0.9,1,0.054,Crédito pessoal,Própria,0
3741.38,10583.3,60,3.442,419.33,11.21,494,2,29,0.4,2,0.236,Consolidação de dívidas,Alugada,0
9939.13,20472.05,36,1.787,775.99,7.81,697,0,8,4.1,0,0.172,Crédito pessoal,Alugada,0
5423.87,14915.75,24,0.55,665.12,12.26,802,0,18,2.1,0,0.229,Financiamento de veículo,Própria,0
4027.42,11792.37,12,1.707,1095.1,27.19,638,0,96,1.5,0,0.244,Educação,Financiada,0
1695.35,5935.16,36,1.497,214.45,12.65,780,0,17,4.0,4,0.292,Reforma ou serviços,Própria,0
4675.28,10442.09,24,2.053,555.39,11.88,792,0,22,0.9,1,0.186,Consolidação de dívidas,Própria,0
1977.52,4351.95,24,2.004,230.19,11.64,628,0,31,1.0,3,0.183,Reforma ou serviços,Alugada,0
9472.42,7988.92,36,3.34,384.72,4.06,428,7,67,1.3,0,0.07,Reforma ou serviços,Alugada,0
13317.38,7819.5,36,0.58,241.3,1.81,832,0,38,6.0,1,0.049,Educação,Própria,0
3172.67,7583.49,18,0.896,458.06,14.44,856,0,11,0.4,0,0.199,Crédito pessoal,Familiar,0
6270.65,14555.81,18,1.619,938.71,14.97,676,0,7,4.1,1,0.193,Crédito pessoal,Própria,0
3316.52,11651.9,18,0.909,704.69,21.25,834,0,35,3.1,3,0.293,Reforma ou serviços,Financiada,0
3521.89,6148.75,36,2.075,244.13,6.93,583,0,38,4.2,2,0.145,Educação,Alugada,0
8405.16,4041.92,24,1.129,193.19,2.3,835,0,80,1.8,1,0.04,Crédito pessoal,Alugada,0
5077.23,14518.41,36,3.081,673.07,13.26,711,0,19,1.7,3,0.238,Consolidação de dívidas,Alugada,0
15290.63,7602.68,24,1.193,366.18,2.39,757,0,111,1.5,2,0.041,Reforma ou serviços,Alugada,0
3856.17,11358.1,48,1.757,352.2,9.13,550,0,11,6.0,0,0.245,Reforma ou serviços,Própria,0
9662.45,9883.72,36,2.156,397.55,4.11,628,1,11,2.9,1,0.085,Crédito pessoal,Própria,0
5523.74,26017.29,60,2.49,839.91,15.21,469,3,34,1.0,1,0.393,Educação,Própria,0
8516.8,17265.21,36,1.091,582.46,6.84,714,0,78,1.5,1,0.169,Financiamento de veículo,Alugada,0
3940.95,8354.11,24,0.55,372.52,9.45,954,0,51,2.2,1,0.177,Financiamento de veículo,Financiada,0
5042.65,20289.21,12,1.532,1863.87,36.96,472,2,18,1.1,2,0.335,Financiamento de veículo,Alugada,1
4840.65,5285.01,24,3.069,314.4,6.49,410,0,149,1.2,2,0.091,Reforma ou serviços,Alugada,0
3096.6,10433.57,18,0.55,610.4,19.71,912,0,50,1.6,1,0.281,Financiamento de veículo,Alugada,0
7839.3,1610.43,36,2.146,64.67,0.82,343,2,53,9.0,0,0.017,Financiamento de veículo,Própria,0
7782.0,17543.2,24,1.238,849.36,10.91,740,0,73,1.9,1,0.188,Educação,Financiada,0
7513.21,10311.38,18,0.55,603.25,8.03,912,0,54,1.0,2,0.114,Financiamento de veículo,Familiar,0
13484.99,11892.12,60,0.617,237.73,1.76,808,0,30,3.1,0,0.073,Financiamento de veículo,Própria,0
12771.96,33410.89,18,1.232,2081.02,16.29,749,0,122,2.7,0,0.218,Crédito pessoal,Financiada,1
4121.4,8158.13,48,1.519,240.59,5.84,752,0,104,6.0,1,0.165,Educação,Alugada,0
6553.18,8415.67,48,0.55,199.97,3.05,775,0,135,3.5,3,0.107,Financiamento de veículo,Própria,0
3532.57,4792.96,18,1.335,301.33,8.53,779,0,32,0.4,1,0.113,Reforma ou serviços,Familiar,0
5275.85,14485.99,24,2.471,807.33,15.3,482,2,118,3.4,0,0.229,Educação,Alugada,1
3585.2,13325.06,36,2.317,549.73,15.33,670,1,17,2.3,0,0.31,Crédito pessoal,Familiar,0
14198.02,23647.87,24,2.037,1255.54,8.84,683,1,44,4.2,2,0.139,Crédito pessoal,Financiada,0
6515.29,13642.85,6,1.467,2391.96,36.71,783,0,72,4.6,1,0.174,Reforma ou serviços,Própria,1
4542.51,17810.23,24,0.55,794.18,17.48,905,0,14,0.6,1,0.327,Educação,Própria,0
10899.34,20371.95,24,2.602,1151.88,10.57,623,0,129,2.8,2,0.156,Crédito pessoal,Alugada,0
1500.0,7396.44,18,1.553,474.16,31.61,834,1,30,2.8,0,0.411,Consolidação de dívidas,Própria,0
1500.0,8868.64,12,2.219,849.93,56.66,750,0,107,4.2,1,0.493,Crédito pessoal,Financiada,0
8517.12,20611.63,24,1.801,1065.3,12.51,634,1,15,4.6,0,0.202,Crédito pessoal,Familiar,1
5398.65,22275.08,60,2.632,742.44,13.75,729,0,43,1.6,0,0.344,Consolidação de dívidas,Financiada,0
6073.5,22033.16,48,0.55,523.53,8.62,845,1,25,4.4,1,0.302,Financiamento de veículo,Alugada,0
2284.83,12605.82,48,0.836,319.93,14.0,712,0,25,1.5,4,0.46,Financiamento de veículo,Alugada,0
5125.63,6819.69,24,1.549,342.4,6.68,762,0,17,1.2,0,0.111,Crédito pessoal,Própria,0
18008.33,20322.89,12,0.55,1754.73,9.74,854,0,16,0.9,4,0.094,Financiamento de veículo,Alugada,0
8668.21,13840.7,60,0.996,307.56,3.55,609,0,19,0.7,0,0.133,Financiamento de veículo,Familiar,0
5776.95,16176.57,48,2.062,534.07,9.24,721,0,18,1.5,1,0.233,Crédito pessoal,Própria,0
3960.8,24146.05,12,1.681,2238.7,56.52,790,0,92,0.5,0,0.508,Crédito pessoal,Própria,0
4071.55,14279.82,24,1.936,749.55,18.41,487,0,101,0.2,1,0.292,Financiamento de veículo,Própria,0
1500.0,6500.52,36,2.049,257.04,17.14,537,0,13,0.6,4,0.361,Educação,Própria,0
6100.65,9617.67,36,2.028,379.01,6.21,790,0,36,6.5,2,0.131,Consolidação de dívidas,Financiada,0
8783.35,21148.55,36,1.779,800.58,9.11,560,0,91,1.2,2,0.201,Financiamento de veículo,Alugada,0
1957.71,8009.73,60,0.55,157.1,8.02,849,0,66,4.0,0,0.341,Financiamento de veículo,Alugada,0
3450.71,6331.29,12,1.198,569.58,16.51,816,0,34,2.7,0,0.153,Crédito pessoal,Alugada,0
2537.12,11249.97,48,1.951,363.14,14.31,496,2,26,1.7,0,0.37,Educação,Alugada,0
2858.05,4944.85,18,3.412,372.16,13.02,478,1,13,3.7,2,0.144,Crédito pessoal,Financiada,0
5375.32,8087.1,24,1.335,396.06,7.37,845,0,124,2.0,1,0.125,Crédito pessoal,Familiar,0
1500.0,13645.11,24,1.673,694.95,46.33,469,0,54,6.7,1,0.758,Financiamento de veículo,Própria,1
7610.33,9443.74,36,0.55,289.87,3.81,887,0,47,2.1,1,0.103,Financiamento de veículo,Financiada,0
8298.28,18442.42,24,0.969,864.92,10.42,716,0,21,1.5,1,0.185,Reforma ou serviços,Própria,0
4450.32,7728.99,12,3.031,777.91,17.48,645,0,41,3.0,0,0.145,Consolidação de dívidas,Própria,0
1500.0,6513.72,48,1.722,200.51,13.37,523,1,92,1.9,0,0.362,Educação,Própria,0
2803.53,11589.01,12,2.031,1097.95,39.16,599,0,12,1.2,1,0.344,Crédito pessoal,Alugada,0
11168.06,24729.37,18,2.185,1676.49,15.01,491,0,21,3.5,3,0.185,Reforma ou serviços,Familiar,0
1500.0,11096.33,12,0.55,958.08,63.87,791,0,14,2.6,0,0.616,Financiamento de veículo,Familiar,0
4192.07,9995.03,24,0.55,445.69,10.63,952,0,108,1.4,1,0.199,Reforma ou serviços,Própria,0
2501.92,12549.02,36,1.402,446.34,17.84,617,1,11,1.2,2,0.418,Financiamento de veículo,Financiada,0
8563.36,14044.76,24,2.913,821.58,9.59,554,1,52,4.1,0,0.137,Crédito pessoal,Própria,0
3421.53,16503.76,12,1.979,1558.58,45.55,543,1,15,0.2,2,0.402,Educação,Alugada,0
6679.95,8489.69,48,2.237,290.27,4.35,553,1,48,1.8,0,0.106,Reforma ou serviços,Alugada,1
7383.47,7331.26,12,2.2,701.8,9.51,560,0,14,6.0,1,0.083,Crédito pessoal,Própria,0
16234.18,5059.59,60,2.536,165.03,1.02,674,0,28,1.5,1,0.026,Consolidação de dívidas,Própria,0
4585.2,9171.52,24,1.328,448.81,9.79,536,0,119,1.0,1,0.167,Financiamento de veículo,Alugada,0
6565.35,4140.33,24,0.55,184.62,2.81,881,0,59,0.1,0,0.053,Educação,Alugada,0
2070.78,5570.79,36,2.123,222.91,10.76,718,0,46,5.7,5,0.224,Crédito pessoal,Familiar,0
10877.7,11754.89,24,2.266,640.35,5.89,506,0,56,5.0,2,0.09,Crédito pessoal,Própria,0
3245.09,13151.44,48,1.801,411.54,12.68,838,1,126,5.8,2,0.338,Crédito pessoal,Financiada,0
3672.93,10972.91,36,1.577,401.8,10.94,648,1,49,4.4,0,0.249,Educação,Alugada,0
5128.77,49983.55,36,1.093,1686.95,32.89,764,0,88,1.9,1,0.812,Reforma ou serviços,Financiada,0
1973.23,14129.16,6,2.389,2555.67,129.52,538,0,90,1.0,0,0.597,Educação,Alugada,1
5992.42,16209.08,36,3.196,764.27,12.75,581,2,82,0.2,0,0.225,Consolidação de dívidas,Alugada,0
9473.4,6197.39,36,0.943,203.81,2.15,831,0,183,1.6,0,0.055,Crédito pessoal,Financiada,0
6235.62,21280.19,48,1.684,649.93,10.42,716,0,67,7.8,1,0.284,Reforma ou serviços,Alugada,0
1941.66,7639.17,24,2.769,439.92,22.66,469,2,84,1.3,1,0.328,Reforma ou serviços,Própria,0
4815.77,7075.7,24,0.55,315.52,6.55,767,0,28,1.9,1,0.122,Financiamento de veículo,Própria,0
8237.66,14403.21,24,1.39,709.9,8.62,664,0,44,1.9,0,0.146,Educação,Própria,0
1623.05,3384.27,24,1.01,159.5,9.83,879,0,42,0.3,0,0.174,Reforma ou serviços,Própria,0
2670.6,16896.61,36,0.55,518.63,19.42,803,0,21,3.9,0,0.527,Educação,Alugada,0
8954.14,25817.17,36,2.11,1030.85,11.51,799,0,23,4.5,0,0.24,Consolidação de dívidas,Alugada,0
6147.94,10974.27,36,2.205,444.87,7.24,599,0,42,0.7,1,0.149,Crédito pessoal,Financiada,0
6713.24,3956.45,36,1.319,138.75,2.07,844,0,50,1.6,3,0.049,Crédito pessoal,Própria,0
16470.08,19797.03,24,3.835,1276.53,7.75,439,2,123,3.5,2,0.1,Consolidação de dívidas,Alugada,0
6952.92,12496.82,24,1.481,622.51,8.95,850,0,21,5.6,1,0.15,Consolidação de dívidas,Própria,0
7818.94,16656.34,48,0.746,414.16,5.3,926,0,20,1.3,2,0.178,Crédito pessoal,Própria,0
27919.37,14487.59,24,0.802,666.05,2.39,874,0,12,2.4,1,0.043,Educação,Própria,0
4554.43,7951.98,18,1.373,501.62,11.01,551,0,74,4.4,2,0.145,Financiamento de veículo,Familiar,0
3170.76,14656.17,24,0.55,653.54,20.61,791,0,141,0.8,1,0.385,Financiamento de veículo,Própria,0
6779.43,8863.73,18,1.701,575.79,8.49,391,1,40,3.2,0,0.109,Financiamento de veículo,Própria,1
6826.64,6670.93,18,0.933,404.32,5.92,629,0,52,5.7,1,0.081,Financiamento de veículo,Financiada,0
3751.27,20906.66,36,3.08,969.01,25.83,386,1,40,2.0,0,0.464,Crédito pessoal,Própria,0
2741.68,7618.14,6,0.76,1303.68,47.55,866,0,69,1.1,0,0.232,Reforma ou serviços,Própria,1
21774.99,12584.26,18,1.789,823.93,3.78,617,0,17,2.6,1,0.048,Crédito pessoal,Própria,0
6368.1,7384.08,36,0.593,228.38,3.59,695,0,59,8.0,3,0.097,Financiamento de veículo,Própria,0
3302.37,11284.36,12,1.236,1017.64,30.82,737,0,40,1.9,0,0.285,Educação,Própria,0
9175.49,19917.65,60,1.975,569.56,6.21,540,1,76,3.8,0,0.181,Educação,Familiar,0
4859.76,6841.48,36,2.089,272.28,5.6,523,0,74,1.4,1,0.117,Reforma ou serviços,Financiada,0
4445.41,14059.05,36,0.55,431.54,9.71,844,0,55,0.3,0,0.264,Financiamento de veículo,Alugada,0
7368.9,14246.9,24,1.339,698.08,9.47,782,0,36,4.4,0,0.161,Crédito pessoal,Financiada,0
2334.25,15122.69,36,0.55,464.18,19.89,858,0,21,1.4,0,0.54,Financiamento de veículo,Alugada,0
6470.72,8967.41,36,0.582,276.84,4.28,875,0,73,4.8,0,0.115,Educação,Alugada,0
17025.13,8621.01,48,2.139,289.05,1.7,671,0,45,5.3,3,0.042,Consolidação de dívidas,Alugada,0
6942.69,40613.25,18,2.401,2805.35,40.41,649,2,44,2.6,1,0.487,Crédito pessoal,Financiada,1
4118.16,7343.03,24,0.564,327.98,7.96,947,0,31,6.1,1,0.149,Reforma ou serviços,Alugada,0
3797.16,6605.79,24,1.825,342.37,9.02,739,0,110,1.4,1,0.145,Consolidação de dívidas,Própria,0
4031.94,3760.03,24,1.249,182.3,4.52,844,0,113,4.3,1,0.078,Reforma ou serviços,Própria,0
4442.43,11663.07,18,0.921,706.1,15.89,599,0,33,1.9,1,0.219,Financiamento de veículo,Familiar,0
4114.09,5531.63,6,0.637,942.61,22.91,667,0,24,1.3,2,0.112,Financiamento de veículo,Financiada,0
9177.65,22346.17,24,1.189,1075.71,11.72,574,1,36,4.9,1,0.203,Financiamento de veículo,Própria,0
1775.48,5252.69,24,0.912,244.69,13.78,745,0,25,1.1,1,0.247,Reforma ou serviços,Financiada,0
8873.76,8047.73,48,2.102,267.83,3.02,555,1,59,2.2,2,0.076,Crédito pessoal,Familiar,1
4109.3,24228.04,36,0.768,772.85,18.81,776,0,44,2.3,0,0.491,Financiamento de veículo,Própria,0
6569.03,30456.09,18,1.496,1942.58,29.57,607,1,71,5.8,0,0.386,Financiamento de veículo,Própria,0
2585.52,3754.74,36,1.943,145.97,5.65,719,0,34,0.5,1,0.121,Consolidação de dívidas,Própria,0
11850.97,14108.12,12,1.282,1275.95,10.77,742,0,192,2.4,0,0.099,Educação,Alugada,0
11256.57,16601.22,18,1.183,1029.38,9.14,575,1,13,3.8,1,0.123,Financiamento de veículo,Própria,0
9427.25,6878.27,18,1.34,432.62,4.59,775,0,43,2.9,1,0.061,Crédito pessoal,Alugada,0
2033.0,7879.58,6,2.503,1430.69,70.37,505,3,168,1.2,3,0.323,Reforma ou serviços,Financiada,1
8694.7,5016.45,48,3.179,205.14,2.36,474,1,71,3.7,3,0.048,Consolidação de dívidas,Alugada,0
6683.68,4080.18,24,0.577,182.54,2.73,820,0,38,3.5,0,0.051,Financiamento de veículo,Financiada,0
1922.05,12936.13,18,0.634,762.77,39.69,743,0,56,2.6,1,0.561,Reforma ou serviços,Financiada,0
5122.25,16095.3,36,0.77,513.65,10.03,859,0,16,6.4,0,0.262,Reforma ou serviços,Própria,0
6518.67,41283.2,24,0.58,1847.65,28.34,912,0,45,2.3,1,0.528,Financiamento de veículo,Financiada,0
7340.63,12889.53,48,0.55,306.27,4.17,849,0,15,2.6,1,0.146,Reforma ou serviços,Própria,0
5804.08,42758.62,36,0.705,1349.01,23.24,674,0,9,1.9,0,0.614,Financiamento de veículo,Financiada,0
6229.04,9290.77,48,1.414,267.93,4.3,807,0,105,2.9,3,0.124,Crédito pessoal,Alugada,0
12965.57,31794.39,36,1.723,1192.66,9.2,591,0,27,2.6,1,0.204,Educação,Alugada,0
11120.6,53288.2,36,1.761,2011.32,18.09,824,1,14,4.8,1,0.399,Crédito pessoal,Própria,0
1500.0,7194.59,24,0.55,320.82,21.39,883,0,34,1.0,1,0.4,Financiamento de veículo,Própria,0
4270.99,3832.68,12,2.752,379.36,8.88,628,1,68,5.4,1,0.075,Crédito pessoal,Familiar,0
4695.36,16307.31,24,2.218,883.59,18.82,715,1,15,2.1,1,0.289,Consolidação de dívidas,Própria,0
1754.8,12461.6,24,1.825,645.84,36.8,890,0,29,7.3,0,0.592,Consolidação de dívidas,Familiar,0
5512.69,12406.84,18,1.574,796.91,14.46,777,0,74,5.3,0,0.188,Crédito pessoal,Familiar,0
11278.39,27908.08,18,0.726,1659.65,14.72,766,0,46,4.4,1,0.206,Financiamento de veículo,Própria,0
2651.13,6191.96,24,1.839,321.42,12.12,763,0,107,3.8,0,0.195,Consolidação de dívidas,Financiada,0
6405.95,12739.32,24,1.091,606.22,9.46,731,0,75,3.1,0,0.166,Reforma ou serviços,Familiar,0
2947.18,7970.97,36,2.581,342.63,11.63,430,0,63,0.5,3,0.225,Crédito pessoal,Familiar,0
3428.33,26098.22,18,3.209,1931.29,56.33,466,1,73,2.6,1,0.634,Consolidação de dívidas,Financiada,1
12996.01,24290.74,12,1.477,2223.78,17.11,853,0,12,3.2,1,0.156,Consolidação de dívidas,Financiada,0
3714.61,8349.85,18,0.55,488.49,13.15,823,0,42,1.9,2,0.187,Financiamento de veículo,Financiada,0
6925.64,14373.39,18,1.652,929.69,13.42,817,0,152,3.3,0,0.173,Crédito pessoal,Própria,0
1629.88,12285.75,36,1.031,410.27,25.17,887,0,32,2.6,1,0.628,Reforma ou serviços,Alugada,0
16498.93,5385.8,24,1.414,266.2,1.61,889,0,43,4.8,0,0.027,Crédito pessoal,Alugada,0
7555.71,43693.79,36,1.909,1689.15,22.36,871,0,27,7.0,2,0.482,Consolidação de dívidas,Própria,0
4643.69,10221.97,24,1.649,519.2,11.18,680,1,27,2.3,0,0.183,Educação,Financiada,0
7429.79,65872.05,24,1.315,3218.29,43.32,773,0,81,4.4,0,0.739,Crédito pessoal,Familiar,0
2169.66,12113.79,6,1.284,2110.66,97.28,585,0,148,2.0,2,0.465,Financiamento de veículo,Própria,1
10824.67,33948.41,36,1.437,1214.49,11.22,771,0,117,9.0,1,0.261,Crédito pessoal,Financiada,0
4253.7,14248.87,12,0.55,1230.28,28.92,763,0,8,3.7,0,0.279,Financiamento de veículo,Financiada,0
4582.0,17421.61,36,3.061,805.28,17.57,429,1,41,2.7,1,0.317,Crédito pessoal,Própria,0
3833.71,10346.79,48,0.861,264.09,6.89,524,1,32,1.2,1,0.225,Financiamento de veículo,Alugada,1
3627.9,3830.22,24,2.078,204.3,5.63,443,1,17,7.3,0,0.088,Educação,Própria,0
7999.3,20873.98,6,1.942,3719.25,46.49,539,0,83,5.0,0,0.217,Reforma ou serviços,Financiada,0
6094.1,8997.2,18,1.2,558.75,9.17,773,0,34,1.1,1,0.123,Consolidação de dívidas,Própria,0
7789.23,40121.64,12,1.146,3597.76,46.19,825,0,19,0.4,1,0.429,Educação,Própria,0
5171.72,35001.04,12,1.099,3129.32,60.51,751,0,57,1.7,0,0.564,Educação,Financiada,0
7148.07,8712.31,36,2.441,366.48,5.13,571,0,15,0.8,0,0.102,Crédito pessoal,Própria,0
4010.73,7609.67,36,1.453,272.96,6.81,725,0,96,1.9,1,0.158,Educação,Alugada,0
20719.85,9192.87,36,2.549,393.21,1.9,448,1,101,6.1,0,0.037,Educação,Financiada,0
1967.06,3535.5,12,2.036,335.06,17.03,720,0,72,5.0,2,0.15,Crédito pessoal,Financiada,1
11363.88,17935.36,12,0.964,1589.95,13.99,722,0,61,0.6,1,0.132,Financiamento de veículo,Própria,0
12143.1,35528.49,18,0.789,2125.03,17.5,845,0,40,2.1,1,0.244,Educação,Alugada,0
3065.84,7073.85,24,3.08,421.31,13.74,451,1,54,0.8,2,0.192,Crédito pessoal,Própria,1
20713.97,19611.63,18,0.55,1147.35,5.54,798,0,40,3.5,1,0.079,Financiamento de veículo,Alugada,0
9639.44,11882.1,48,2.038,390.41,4.05,662,0,12,6.1,1,0.103,Consolidação de dívidas,Alugada,0
9494.99,11937.11,6,0.55,2027.99,21.36,824,0,70,2.7,2,0.105,Reforma ou serviços,Financiada,0
5291.13,13511.26,24,0.843,624.22,11.8,659,0,111,0.3,0,0.213,Educação,Alugada,0
4544.78,17762.05,60,1.585,460.96,10.14,836,0,27,2.8,0,0.326,Crédito pessoal,Financiada,0
4566.86,8834.97,60,1.817,243.02,5.32,449,2,78,1.4,1,0.161,Financiamento de veículo,Financiada,0
6624.58,14104.37,18,1.916,933.86,14.1,770,0,44,1.4,2,0.177,Consolidação de dívidas,Financiada,0
12396.25,9070.45,36,1.622,334.61,2.7,670,0,29,4.0,0,0.061,Reforma ou serviços,Própria,0
5818.68,15336.48,48,2.525,554.88,9.54,766,1,6,3.4,1,0.22,Consolidação de dívidas,Familiar,0
2955.19,7217.55,18,1.076,443.21,15.0,965,0,71,4.8,0,0.204,Crédito pessoal,Financiada,0
8669.43,23121.2,24,1.192,1113.5,12.84,733,0,62,7.3,0,0.222,Educação,Própria,0
9205.23,10880.35,60,2.033,315.51,3.43,730,1,18,6.0,1,0.098,Crédito pessoal,Financiada,0
7803.31,5688.32,48,2.303,197.07,2.53,852,0,36,4.0,2,0.061,Consolidação de dívidas,Familiar,0
8255.4,11983.92,48,0.874,306.75,3.72,729,0,43,1.5,2,0.121,Educação,Financiada,0
4395.95,11925.75,36,1.709,446.32,10.15,586,1,56,3.7,0,0.226,Financiamento de veículo,Própria,0
2923.22,6730.76,36,2.816,299.89,10.26,589,1,89,1.9,3,0.192,Consolidação de dívidas,Financiada,0
3035.51,4383.04,18,1.002,267.34,8.81,931,0,38,5.4,0,0.12,Crédito pessoal,Alugada,0
1886.4,10257.41,48,2.718,385.12,20.42,689,2,10,1.3,1,0.453,Consolidação de dívidas,Alugada,0
6022.89,15724.29,36,1.105,531.8,8.83,607,0,45,1.8,1,0.218,Educação,Financiada,0
4937.8,18964.44,24,0.55,845.65,17.13,865,0,32,1.1,1,0.32,Educação,Financiada,0
3958.5,27959.3,48,0.649,679.73,17.17,940,0,23,1.4,3,0.589,Reforma ou serviços,Própria,0
1500.0,9378.88,18,2.446,650.4,43.36,626,1,80,6.3,0,0.521,Crédito pessoal,Própria,0
2399.65,5141.46,48,1.084,137.96,5.75,788,0,21,1.2,0,0.179,Educação,Alugada,0
10418.47,21075.69,36,1.462,757.16,7.27,869,0,14,2.4,1,0.169,Crédito pessoal,Alugada,0
3443.85,8378.75,6,2.606,1526.54,44.33,549,0,30,1.3,1,0.203,Reforma ou serviços,Alugada,0
6502.75,18496.88,24,0.74,843.98,12.98,659,0,43,2.3,1,0.237,Financiamento de veículo,Financiada,0
2195.55,7221.96,36,2.424,302.98,13.8,595,0,47,2.8,1,0.274,Crédito pessoal,Financiada,0
12687.99,12202.08,36,1.49,440.42,3.47,565,0,97,4.9,2,0.08,Financiamento de veículo,Financiada,0
4755.78,5702.29,24,0.733,259.96,5.47,917,0,26,2.1,1,0.1,Reforma ou serviços,Própria,0
6224.44,19238.4,18,3.28,1432.11,23.01,336,0,72,6.7,1,0.258,Crédito pessoal,Financiada,1
21991.19,17839.38,12,1.25,1610.18,7.32,906,0,30,1.7,1,0.068,Consolidação de dívidas,Própria,0
13314.47,23910.49,60,0.607,476.66,3.58,855,0,7,1.2,0,0.15,Educação,Própria,0
4299.88,5164.17,24,3.101,308.26,7.17,485,0,91,1.1,1,0.1,Crédito pessoal,Familiar,0
3599.74,23485.9,24,2.48,1310.26,36.4,712,0,12,0.8,2,0.544,Crédito pessoal,Familiar,1
4249.58,12313.43,12,1.832,1152.41,27.12,594,0,52,3.4,0,0.241,Crédito pessoal,Própria,1
7133.45,7341.55,24,1.949,385.91,5.41,783,0,13,1.1,0,0.086,Consolidação de dívidas,Financiada,0
4871.59,10034.62,60,0.55,196.81,4.04,931,0,59,2.6,3,0.172,Financiamento de veículo,Própria,0
4069.85,7776.04,24,1.66,395.45,9.72,627,1,16,6.8,3,0.159,Reforma ou serviços,Familiar,0
12913.99,17743.03,36,1.632,655.66,5.08,790,0,10,1.9,0,0.114,Crédito pessoal,Própria,0
4844.52,10231.79,60,0.55,200.68,4.14,711,0,36,3.3,1,0.176,Financiamento de veículo,Financiada,0
21636.98,13190.64,48,2.418,467.44,2.16,627,0,5,5.4,1,0.051,Consolidação de dívidas,Alugada,0
5500.94,10000.52,48,2.12,334.07,6.07,602,0,39,1.3,1,0.151,Crédito pessoal,Própria,0
15729.78,12783.14,48,0.55,303.74,1.93,794,0,72,3.6,0,0.068,Financiamento de veículo,Alugada,0
6489.57,6175.79,36,1.434,220.81,3.4,884,0,151,2.8,2,0.079,Consolidação de dívidas,Própria,0
9446.97,3294.41,48,3.002,130.42,1.38,502,0,49,8.6,2,0.029,Crédito pessoal,Própria,0
3318.12,13145.65,36,1.861,504.29,15.2,799,0,41,2.6,0,0.33,Consolidação de dívidas,Financiada,0
3062.8,14375.78,60,1.658,380.04,12.41,533,0,93,0.8,0,0.391,Educação,Própria,0
6914.88,23381.03,48,0.879,599.15,8.66,685,0,15,4.4,1,0.282,Educação,Própria,0
9598.07,13255.67,24,2.569,746.86,7.78,588,1,21,5.6,2,0.115,Consolidação de dívidas,Financiada,0
5331.42,13688.88,6,0.848,2349.67,44.07,961,0,70,0.7,0,0.214,Crédito pessoal,Própria,0
2342.21,11322.17,60,1.611,295.77,12.63,645,0,29,4.8,1,0.403,Educação,Familiar,0
2237.36,13250.56,24,1.219,640.16,28.61,814,0,34,3.2,0,0.494,Reforma ou serviços,Financiada,0
2146.49,14995.56,60,1.782,408.88,19.05,922,1,45,1.2,2,0.582,Consolidação de dívidas,Financiada,0
1738.0,5298.48,24,0.636,238.74,13.74,903,0,17,0.7,0,0.254,Educação,Própria,0
5565.24,6517.02,36,0.55,200.04,3.59,888,0,10,4.7,2,0.098,Financiamento de veículo,Familiar,0
10445.65,5811.18,48,1.681,177.37,1.7,825,0,20,5.1,0,0.046,Consolidação de dívidas,Familiar,0
5156.93,15051.9,12,0.55,1299.62,25.2,770,0,32,1.3,3,0.243,Financiamento de veículo,Própria,0
1500.0,5158.74,24,1.584,260.06,17.34,772,1,59,1.6,2,0.287,Crédito pessoal,Própria,1
4619.97,15035.85,48,1.375,430.02,9.31,780,0,42,3.5,1,0.271,Crédito pessoal,Financiada,0
4700.76,8288.66,24,2.685,472.99,10.06,598,0,69,4.6,1,0.147,Crédito pessoal,Própria,0
19071.17,5797.96,36,2.935,263.0,1.38,428,4,42,2.6,1,0.025,Reforma ou serviços,Familiar,1
2106.93,7443.68,24,1.008,350.75,16.65,883,1,76,3.0,0,0.294,Crédito pessoal,Própria,0
4081.39,16046.31,24,0.55,715.53,17.53,709,0,34,0.2,0,0.328,Financiamento de veículo,Financiada,0
14973.58,21010.16,24,1.951,1104.7,7.38,842,0,5,2.5,1,0.117,Crédito pessoal,Alugada,0
6873.31,27566.3,60,1.926,778.87,11.33,805,0,25,0.8,0,0.334,Consolidação de dívidas,Alugada,0
7373.65,3167.63,36,1.637,117.15,1.59,636,0,46,2.0,3,0.036,Educação,Familiar,0
5582.86,14464.1,60,0.55,283.68,5.08,784,0,64,2.2,1,0.216,Financiamento de veículo,Financiada,0
6380.35,28213.97,48,2.305,977.76,15.32,466,1,27,1.6,0,0.369,Crédito pessoal,Própria,0
8421.4,5682.63,6,0.55,965.42,11.46,836,0,49,6.2,1,0.056,Financiamento de veículo,Própria,0
3148.03,6122.03,48,0.911,158.02,5.02,795,0,30,0.2,1,0.162,Reforma ou serviços,Financiada,0
8962.55,6028.01,12,1.143,540.45,6.03,737,0,22,1.6,0,0.056,Reforma ou serviços,Própria,0
2219.75,4589.21,60,1.794,125.52,5.65,643,1,64,1.8,1,0.172,Reforma ou serviços,Própria,0
6374.12,13611.33,24,1.821,705.15,11.06,698,1,56,5.3,1,0.178,Reforma ou serviços,Alugada,0
5809.4,15779.36,18,2.958,1143.21,19.68,520,0,184,1.2,2,0.226,Consolidação de dívidas,Financiada,0
3548.61,5594.01,36,1.458,200.84,5.66,879,1,27,0.7,1,0.131,Crédito pessoal,Familiar,0
5127.37,3667.36,48,1.427,106.06,2.07,982,0,100,0.1,1,0.06,Consolidação de dívidas,Alugada,0
3534.9,7398.15,60,2.217,224.17,6.34,725,0,12,0.6,1,0.174,Crédito pessoal,Alugada,0
2675.68,22900.34,18,1.186,1420.36,53.08,703,0,100,0.1,0,0.713,Reforma ou serviços,Financiada,1
4176.27,5853.29,36,1.959,228.13,5.46,807,0,42,1.1,1,0.117,Consolidação de dívidas,Própria,0
2622.65,3854.53,12,1.488,353.11,13.46,842,0,32,3.4,1,0.122,Crédito pessoal,Própria,0
6352.15,12078.84,6,2.771,2212.83,34.84,439,2,56,2.9,0,0.158,Reforma ou serviços,Alugada,1
2548.76,5535.51,12,1.842,518.38,20.34,687,0,59,3.5,3,0.181,Crédito pessoal,Própria,0
8085.6,44472.48,36,0.615,1380.93,17.08,795,0,91,1.8,0,0.458,Educação,Alugada,1
2499.63,7848.35,12,2.881,782.86,31.32,556,1,19,0.3,1,0.262,Consolidação de dívidas,Própria,0
3660.34,9907.64,36,1.685,369.3,10.09,658,0,12,2.7,0,0.226,Reforma ou serviços,Familiar,0
3530.38,10019.11,60,1.838,277.07,7.85,626,0,56,4.2,1,0.236,Educação,Alugada,0
11825.4,8468.61,36,2.378,352.76,2.98,657,0,54,3.5,2,0.06,Consolidação de dívidas,Própria,0
6381.72,9092.61,18,2.239,619.34,9.7,558,1,90,2.9,1,0.119,Crédito pessoal,Alugada,0
4560.28,45244.21,48,1.676,1379.45,30.25,517,0,29,1.9,0,0.827,Educação,Alugada,0
7084.18,25895.98,36,0.55,794.87,11.22,719,0,25,1.3,2,0.305,Financiamento de veículo,Alugada,0
1500.0,10553.46,36,1.622,389.34,25.96,766,0,55,1.5,2,0.586,Crédito pessoal,Financiada,0
5062.78,15128.02,60,0.55,296.71,5.86,767,0,44,4.1,1,0.249,Financiamento de veículo,Alugada,0
17941.52,7546.25,12,2.717,745.36,4.15,553,1,63,3.4,0,0.035,Consolidação de dívidas,Própria,0
5644.68,26618.91,6,2.336,4806.24,85.15,704,0,23,4.1,1,0.393,Crédito pessoal,Financiada,1
5423.63,1136.39,18,2.13,76.67,1.41,659,1,99,2.3,0,0.017,Crédito pessoal,Própria,0
7304.56,8330.63,18,1.685,540.42,7.4,793,1,52,1.1,0,0.095,Crédito pessoal,Alugada,0
9060.59,5795.41,12,2.288,557.76,6.16,627,1,89,3.3,1,0.053,Consolidação de dívidas,Alugada,0
1507.16,6256.76,24,0.643,282.18,18.72,725,0,38,1.9,3,0.346,Financiamento de veículo,Financiada,0
1832.38,12254.95,12,2.066,1163.56,63.5,659,1,22,4.9,1,0.557,Consolidação de dívidas,Própria,1
5924.16,3469.19,36,0.55,106.49,1.8,848,0,57,0.8,1,0.049,Financiamento de veículo,Familiar,0
3338.21,11184.1,12,0.592,968.24,29.0,833,0,69,0.1,2,0.279,Reforma ou serviços,Financiada,0
11729.59,11926.06,24,1.206,575.25,4.9,808,0,10,4.6,3,0.085,Educação,Alugada,0
4276.99,11160.5,24,1.918,584.57,13.67,720,0,142,5.8,2,0.217,Reforma ou serviços,Financiada,0
1567.14,10078.83,12,2.854,1003.73,64.05,437,1,24,4.2,0,0.536,Crédito pessoal,Familiar,1
2369.05,11543.2,60,0.902,249.98,10.55,677,0,48,6.2,0,0.406,Educação,Alugada,0
1500.0,3608.89,12,0.55,311.6,20.77,864,0,66,7.3,2,0.2,Educação,Familiar,0
4497.41,2281.04,12,1.824,213.36,4.74,600,0,44,1.7,3,0.042,Crédito pessoal,Própria,0
4626.78,6559.92,24,0.628,295.31,6.38,837,0,46,0.6,1,0.118,Educação,Alugada,0
3996.79,2859.4,48,0.965,74.7,1.87,612,1,47,0.0,2,0.06,Financiamento de veículo,Alugada,1
10150.91,50597.56,24,3.017,2993.09,29.49,556,2,7,1.5,0,0.415,Crédito pessoal,Financiada,1
10932.51,8353.08,24,0.55,372.48,3.41,803,0,49,4.0,0,0.064,Financiamento de veículo,Própria,0
4678.69,11497.4,24,0.55,512.69,10.96,886,0,29,0.2,5,0.205,Educação,Financiada,0
1500.0,5660.2,48,2.591,207.42,13.83,676,0,88,2.5,0,0.314,Consolidação de dívidas,Alugada,0
7624.55,8895.11,24,2.568,501.09,6.57,574,0,77,3.4,2,0.097,Consolidação de dívidas,Própria,0
7337.38,9263.29,18,1.604,596.6,8.13,772,0,12,2.1,2,0.105,Reforma ou serviços,Financiada,0
6299.57,17170.06,12,1.469,1571.14,24.94,699,0,12,1.5,1,0.227,Reforma ou serviços,Própria,0
9556.07,10531.27,48,1.715,323.77,3.39,857,0,146,2.3,1,0.092,Consolidação de dívidas,Alugada,0
2525.57,7320.9,18,2.121,493.54,19.54,758,0,3,6.5,1,0.242,Consolidação de dívidas,Própria,0
18067.0,2661.65,24,0.614,119.61,0.66,896,0,25,1.6,3,0.012,Educação,Alugada,0
2868.57,24371.34,36,0.55,748.07,26.08,767,0,16,1.5,0,0.708,Financiamento de veículo,Própria,0
8274.49,8015.18,12,1.655,741.93,8.97,754,0,97,1.6,0,0.081,Crédito pessoal,Alugada,0
1826.69,5017.34,6,2.136,899.85,49.26,852,1,39,3.6,2,0.229,Consolidação de dívidas,Alugada,0
2920.91,7675.96,60,1.045,172.85,5.92,870,0,24,2.3,2,0.219,Crédito pessoal,Alugada,0
13313.88,31995.8,48,1.526,945.09,7.1,812,0,45,1.8,0,0.2,Crédito pessoal,Própria,0
4423.37,7225.22,60,2.675,243.17,5.5,534,2,138,4.0,2,0.136,Crédito pessoal,Familiar,0
8753.12,8209.12,24,1.849,426.63,4.87,762,0,61,2.1,1,0.078,Crédito pessoal,Financiada,0
6022.91,13531.25,18,3.334,1011.81,16.8,516,3,60,2.6,2,0.187,Crédito pessoal,Própria,1
4872.39,26101.48,24,1.548,1310.31,26.89,847,0,10,6.1,2,0.446,Consolidação de dívidas,Alugada,0
12112.6,11537.81,36,1.385,409.17,3.38,765,0,91,2.1,0,0.079,Crédito pessoal,Financiada,0
4490.35,12089.42,36,0.72,382.4,8.52,838,0,19,1.1,3,0.224,Reforma ou serviços,Alugada,0
1723.92,3699.55,24,3.364,227.1,13.17,420,1,58,1.7,1,0.179,Crédito pessoal,Financiada,0
3160.25,8321.11,24,1.81,430.54,13.62,658,1,22,1.7,0,0.219,Reforma ou serviços,Alugada,0
7318.44,44215.17,18,0.699,2622.8,35.84,710,0,44,2.4,2,0.503,Financiamento de veículo,Alugada,0
6645.06,6509.57,24,0.55,290.27,4.37,891,0,43,3.1,0,0.082,Financiamento de veículo,Alugada,0
1968.13,8264.83,24,1.036,390.72,19.85,876,0,212,0.7,0,0.35,Crédito pessoal,Financiada,0
3318.68,7791.05,36,1.553,284.14,8.56,739,0,31,1.9,1,0.196,Reforma ou serviços,Alugada,0
3625.5,17965.76,24,1.071,852.88,23.52,931,0,53,0.6,1,0.413,Crédito pessoal,Alugada,0
4145.68,11214.75,24,1.6,566.41,13.66,910,0,38,3.5,0,0.225,Crédito pessoal,Familiar,0
2215.75,10585.96,60,1.394,261.55,11.8,832,0,15,4.8,1,0.398,Crédito pessoal,Alugada,0
3522.14,12458.78,12,1.866,1168.39,33.17,822,0,58,1.3,0,0.295,Consolidação de dívidas,Alugada,0
3309.91,5282.05,48,1.246,146.86,4.44,839,0,80,2.2,1,0.133,Crédito pessoal,Financiada,0
8389.74,11170.83,6,1.646,1970.51,23.49,454,1,17,5.9,1,0.111,Financiamento de veículo,Própria,0
8587.55,3154.26,24,0.55,140.65,1.64,881,0,35,3.1,0,0.031,Educação,Própria,0
4750.53,13699.98,12,2.065,1300.67,27.38,661,1,45,0.6,3,0.24,Reforma ou serviços,Própria,0
4077.95,8104.99,24,0.55,361.41,8.86,955,0,74,0.3,2,0.166,Financiamento de veículo,Familiar,0
5671.26,9928.01,24,1.925,520.45,9.18,661,0,76,0.8,2,0.146,Crédito pessoal,Alugada,0
3134.23,11902.05,24,0.908,554.16,17.68,688,0,9,1.5,0,0.316,Educação,Familiar,0
2553.9,12978.34,12,2.314,1251.05,48.99,775,0,145,3.9,1,0.423,Crédito pessoal,Própria,1
2902.93,2209.8,18,0.992,134.66,4.64,779,0,62,1.4,0,0.063,Reforma ou serviços,Alugada,0
3508.1,8898.6,18,0.55,520.6,14.84,756,0,43,0.5,2,0.211,Financiamento de veículo,Própria,0
2527.69,10666.98,24,1.734,547.1,21.64,850,0,74,1.5,0,0.352,Consolidação de dívidas,Própria,0
5749.63,36300.83,24,1.376,1786.23,31.07,558,0,107,1.6,1,0.526,Financiamento de veículo,Financiada,0
8175.01,32395.59,12,1.881,3040.96,37.2,497,1,38,1.2,2,0.33,Financiamento de veículo,Financiada,1
1943.82,10747.37,36,1.757,405.36,20.85,637,0,35,1.4,0,0.461,Reforma ou serviços,Própria,0
5281.65,6901.35,24,0.55,307.74,5.83,786,0,15,2.2,2,0.109,Financiamento de veículo,Própria,0
4537.15,17429.72,18,1.266,1088.95,24.0,513,0,35,0.2,0,0.32,Financiamento de veículo,Alugada,1
6426.27,26438.06,12,2.443,2568.52,39.97,730,0,65,1.6,1,0.343,Consolidação de dívidas,Alugada,0
5158.45,19180.25,12,2.537,1874.04,36.33,605,0,35,10.7,1,0.31,Crédito pessoal,Familiar,0
2111.56,11602.37,12,3.276,1184.86,56.11,499,1,34,2.7,0,0.458,Consolidação de dívidas,Financiada,0
2377.33,14807.11,6,0.55,2515.57,105.82,986,0,126,3.9,0,0.519,Financiamento de veículo,Alugada,0
5295.73,16145.04,12,0.979,1432.53,27.05,808,0,53,5.8,1,0.254,Reforma ou serviços,Financiada,0
9840.46,7883.74,18,0.958,478.94,4.87,733,0,53,6.9,2,0.067,Financiamento de veículo,Familiar,0
1500.0,6625.51,24,1.209,319.71,21.31,734,0,65,1.1,2,0.368,Reforma ou serviços,Alugada,0
6443.1,5079.37,24,2.626,287.96,4.47,373,1,83,0.2,2,0.066,Financiamento de veículo,Financiada,0
10872.37,46988.68,48,1.704,1441.1,13.25,418,0,46,6.4,3,0.36,Financiamento de veículo,Financiada,0
4729.33,9688.27,48,1.121,262.09,5.54,821,0,21,1.6,3,0.171,Crédito pessoal,Alugada,0
7313.96,18517.02,12,0.55,1598.81,21.86,846,0,61,1.6,4,0.211,Financiamento de veículo,Alugada,0
3362.74,15187.61,48,1.543,450.27,13.39,897,0,91,3.1,1,0.376,Crédito pessoal,Alugada,0
4829.06,14146.05,24,1.391,697.34,14.44,775,0,60,2.0,2,0.244,Educação,Alugada,0
1903.5,6157.07,36,0.553,189.08,9.93,686,0,73,2.4,1,0.27,Financiamento de veículo,Alugada,0
1500.0,11003.03,36,0.55,337.73,22.52,772,0,34,2.6,1,0.611,Financiamento de veículo,Financiada,0
9329.43,14009.02,24,1.809,724.77,7.77,497,2,24,5.4,2,0.125,Reforma ou serviços,Própria,0
2823.46,6883.98,24,0.805,316.57,11.21,728,0,50,2.9,0,0.203,Educação,Financiada,0
3920.55,18483.06,36,0.55,567.33,14.47,901,0,29,0.6,2,0.393,Educação,Própria,0
2201.34,5199.53,48,1.027,137.77,6.26,740,0,109,0.5,1,0.197,Educação,Financiada,0
2169.46,9720.93,24,1.729,498.32,22.97,685,0,63,1.0,2,0.373,Consolidação de dívidas,Familiar,0
4668.69,11269.19,18,1.553,722.44,15.47,686,0,31,2.7,3,0.201,Crédito pessoal,Financiada,0
3307.92,20559.98,36,1.4,731.03,22.1,968,0,18,0.6,1,0.518,Crédito pessoal,Própria,0
6573.2,21885.72,36,2.04,864.14,13.15,633,0,89,0.6,1,0.277,Reforma ou serviços,Familiar,0
6884.22,14482.53,36,1.952,563.86,8.19,699,0,20,2.6,2,0.175,Crédito pessoal,Financiada,0
6344.48,17554.83,24,1.51,877.44,13.83,699,0,44,1.1,2,0.231,Reforma ou serviços,Financiada,0
6029.06,14897.02,12,1.389,1356.36,22.5,836,0,53,6.2,1,0.206,Crédito pessoal,Própria,0
13830.48,8824.44,24,1.153,422.98,3.06,589,0,21,2.4,0,0.053,Financiamento de veículo,Própria,0
2682.5,23066.23,18,1.054,1413.53,52.69,625,0,39,3.6,1,0.717,Financiamento de veículo,Alugada,0
5025.87,20510.65,18,1.526,1311.73,26.1,777,0,99,1.7,0,0.34,Consolidação de dívidas,Alugada,0
10495.29,32418.34,36,1.353,1143.46,10.9,918,0,12,1.7,2,0.257,Consolidação de dívidas,Própria,0
11389.29,11836.7,18,0.55,692.49,6.08,939,0,89,2.5,1,0.087,Financiamento de veículo,Própria,0
2153.65,7925.68,48,1.5,232.8,10.81,792,0,51,1.8,1,0.307,Crédito pessoal,Alugada,0
4284.48,2966.63,24,3.227,179.48,4.19,451,2,27,1.1,1,0.058,Crédito pessoal,Alugada,0
12069.65,30406.77,12,0.998,2701.23,22.38,597,0,12,7.5,0,0.21,Financiamento de veículo,Própria,0
7125.41,19987.29,24,0.834,922.39,12.95,829,0,40,0.7,0,0.234,Educação,Própria,0
5869.22,24136.45,24,0.717,1098.33,18.71,886,0,28,1.3,0,0.343,Reforma ou serviços,Alugada,0
4543.48,21398.75,18,2.185,1450.66,31.93,661,0,40,2.8,1,0.392,Crédito pessoal,Alugada,1
4098.83,15320.49,12,2.5,1493.52,36.44,664,0,66,7.8,1,0.311,Consolidação de dívidas,Alugada,0
6217.42,8301.7,18,0.55,485.68,7.81,855,0,11,3.2,0,0.111,Financiamento de veículo,Própria,0
4446.81,21016.9,36,1.194,721.63,16.23,484,0,48,2.7,2,0.394,Financiamento de veículo,Própria,0
5064.52,11739.55,36,3.321,563.8,11.13,357,1,130,4.0,1,0.193,Consolidação de dívidas,Familiar,0
5459.68,3737.1,24,3.055,221.96,4.07,492,5,31,4.9,1,0.057,Crédito pessoal,Financiada,0
3415.26,13775.72,18,2.652,972.36,28.47,566,0,60,5.8,0,0.336,Crédito pessoal,Financiada,0
7232.46,6286.99,36,2.676,274.21,3.79,554,0,6,3.2,0,0.072,Crédito pessoal,Familiar,0
31673.81,8136.33,36,3.068,376.44,1.19,456,0,11,3.2,0,0.021,Consolidação de dívidas,Própria,0
1727.93,5822.16,24,1.809,301.2,17.43,705,0,25,0.8,1,0.281,Crédito pessoal,Familiar,0
6356.94,3252.74,36,1.721,121.97,1.92,683,1,102,2.5,0,0.043,Crédito pessoal,Familiar,0
3245.73,14796.96,24,0.55,659.82,20.33,705,0,29,6.7,1,0.38,Financiamento de veículo,Própria,0
7438.34,16577.01,36,2.831,740.21,9.95,613,1,61,0.1,1,0.186,Consolidação de dívidas,Alugada,0
5352.29,29849.3,24,1.191,1437.27,26.85,687,0,28,5.3,0,0.465,Educação,Própria,0
8339.54,21364.48,18,2.466,1484.11,17.8,477,2,15,4.2,1,0.213,Reforma ou serviços,Própria,0
10777.63,23326.65,12,2.219,2235.48,20.74,760,0,37,4.9,2,0.18,Consolidação de dívidas,Alugada,0
5858.89,15006.39,12,1.722,1394.89,23.81,781,0,65,3.3,0,0.213,Crédito pessoal,Financiada,0
10491.14,39748.32,24,1.38,1956.92,18.65,821,0,89,3.1,1,0.316,Crédito pessoal,Financiada,0
1500.0,9919.09,12,2.45,964.05,64.27,647,0,40,2.3,2,0.551,Crédito pessoal,Própria,0
13939.67,6751.75,60,1.151,156.45,1.12,890,1,61,3.9,0,0.04,Crédito pessoal,Familiar,0
6561.36,7011.76,24,0.839,323.76,4.93,792,0,46,0.8,1,0.089,Reforma ou serviços,Familiar,0
10144.4,21653.32,12,1.17,1944.62,19.17,801,0,49,3.7,2,0.178,Crédito pessoal,Familiar,0
2440.82,11222.18,60,2.435,357.71,14.66,742,0,21,3.1,0,0.383,Consolidação de dívidas,Financiada,0
3106.76,8946.07,48,2.007,292.07,9.4,660,1,23,3.8,0,0.24,Crédito pessoal,Alugada,0
5692.45,29903.0,18,1.327,1878.51,33.0,853,0,17,3.5,2,0.438,Crédito pessoal,Alugada,0
5145.36,20850.11,36,3.296,997.7,19.39,599,1,30,1.5,3,0.338,Consolidação de dívidas,Alugada,0
6197.59,40911.49,36,1.675,1522.6,24.57,587,0,81,2.2,2,0.55,Reforma ou serviços,Própria,0
10186.45,16863.25,24,3.151,1012.03,9.94,448,2,119,2.0,2,0.138,Crédito pessoal,Própria,0
1740.59,10355.98,36,0.573,319.17,18.34,757,0,80,5.1,0,0.496,Financiamento de veículo,Alugada,0
9510.79,10350.8,48,1.411,298.28,3.14,834,0,59,3.1,1,0.091,Crédito pessoal,Alugada,0
5226.77,3016.51,24,0.55,134.51,2.57,849,0,45,2.2,1,0.048,Financiamento de veículo,Financiada,0
4582.82,9431.66,24,2.412,522.24,11.4,512,1,80,2.2,2,0.172,Reforma ou serviços,Familiar,0
2088.75,8182.68,36,1.831,312.37,14.95,735,0,245,1.7,1,0.326,Crédito pessoal,Alugada,1
7103.22,5251.9,60,1.985,150.54,2.12,894,0,52,3.9,5,0.062,Consolidação de dívidas,Alugada,0
1500.0,7630.17,48,0.684,187.0,12.47,742,0,65,2.2,0,0.424,Educação,Familiar,0
7773.05,26995.74,36,1.494,974.98,12.54,722,0,53,0.7,0,0.289,Crédito pessoal,Familiar,0
2061.75,9954.62,24,1.275,484.08,23.48,861,0,140,1.0,0,0.402,Crédito pessoal,Financiada,0
5375.24,18498.8,36,2.465,781.11,14.53,656,2,39,0.4,1,0.287,Crédito pessoal,Financiada,0
4829.65,9220.74,12,2.758,913.03,18.9,568,0,23,6.5,1,0.159,Consolidação de dívidas,Financiada,0
10737.82,12483.59,48,1.167,341.16,3.18,846,0,70,2.9,1,0.097,Crédito pessoal,Familiar,0
4654.77,9044.49,6,0.969,1558.93,33.49,868,0,23,7.0,1,0.162,Educação,Alugada,0
3381.41,15991.93,12,1.928,1505.49,44.52,755,0,55,2.4,1,0.394,Crédito pessoal,Alugada,0
3798.34,8849.74,6,1.148,1534.79,40.41,556,0,45,1.5,1,0.194,Financiamento de veículo,Financiada,0
11448.35,42692.45,36,2.058,1690.51,14.77,781,0,60,2.6,1,0.311,Crédito pessoal,Própria,0
7251.17,9254.19,18,1.876,610.58,8.42,679,0,47,2.4,1,0.106,Crédito pessoal,Alugada,0
4094.19,11981.69,24,1.472,596.22,14.56,795,0,8,0.8,0,0.244,Crédito pessoal,Financiada,0
4490.94,14671.46,18,0.815,879.66,19.59,575,0,66,0.5,2,0.272,Financiamento de veículo,Financiada,0
1967.98,9240.83,48,2.048,304.21,15.46,684,0,56,4.7,0,0.391,Crédito pessoal,Própria,0
6616.14,20094.8,60,1.23,475.48,7.19,718,0,94,1.4,1,0.253,Financiamento de veículo,Própria,0
1746.43,9731.1,24,0.55,433.92,24.85,900,0,25,7.1,1,0.464,Financiamento de veículo,Financiada,0
8287.7,18588.45,48,1.022,491.92,5.94,905,0,7,5.1,1,0.187,Crédito pessoal,Financiada,0
5631.66,21508.32,18,1.987,1433.04,25.45,641,0,70,1.3,0,0.318,Crédito pessoal,Familiar,0
22841.26,35783.92,36,0.55,1098.37,4.81,943,0,68,11.1,0,0.131,Reforma ou serviços,Própria,0
2628.92,8074.63,12,3.096,815.86,31.03,527,1,65,4.9,1,0.256,Crédito pessoal,Própria,0
4879.33,10023.04,48,0.55,238.16,4.88,879,0,4,0.3,2,0.171,Financiamento de veículo,Alugada,0
15856.78,12636.52,24,1.359,620.58,3.91,603,0,156,1.6,3,0.066,Financiamento de veículo,Financiada,0
10884.29,4296.4,36,1.842,164.3,1.51,600,0,2,2.6,2,0.033,Educação,Alugada,1
3377.07,8926.93,36,0.966,294.76,8.73,729,0,7,8.4,1,0.22,Financiamento de veículo,Alugada,0
5974.61,8167.68,36,2.39,340.84,5.7,638,0,15,0.2,0,0.114,Crédito pessoal,Familiar,0
5206.45,19053.82,24,0.55,849.64,16.32,886,0,75,2.8,0,0.305,Financiamento de veículo,Própria,0
6193.32,7453.1,36,1.48,268.56,4.34,707,0,99,1.7,1,0.1,Reforma ou serviços,Financiada,0
3371.9,14948.55,36,0.55,458.84,13.61,802,0,47,2.6,2,0.369,Financiamento de veículo,Financiada,0
4919.86,14130.39,12,2.258,1357.39,27.59,678,0,67,1.4,0,0.239,Crédito pessoal,Financiada,1
1930.67,8446.31,12,0.565,729.99,37.81,789,0,23,0.9,0,0.365,Financiamento de veículo,Própria,0
5654.41,9927.23,36,0.62,308.54,5.46,777,0,19,3.8,1,0.146,Financiamento de veículo,Alugada,0
6873.49,4822.56,18,2.498,335.93,4.89,665,0,10,3.9,2,0.058,Consolidação de dívidas,Alugada,0
4516.14,17030.26,36,1.306,595.94,13.2,578,0,66,3.0,0,0.314,Educação,Própria,0
1910.43,9345.12,60,1.883,261.28,13.68,610,1,94,1.2,1,0.408,Educação,Financiada,0
9597.94,30888.37,18,1.362,1946.52,20.28,514,2,13,4.3,0,0.268,Financiamento de veículo,Alugada,0
6518.63,13806.25,48,0.55,328.05,5.03,920,0,22,0.3,0,0.176,Financiamento de veículo,Própria,0
3315.24,12319.23,24,2.001,651.41,19.65,673,1,29,3.3,2,0.31,Reforma ou serviços,Familiar,1
4369.67,21698.2,36,2.174,875.2,20.03,518,1,15,0.8,2,0.414,Reforma ou serviços,Própria,0
2050.83,18819.86,18,2.09,1265.31,61.7,468,1,56,0.8,0,0.765,Reforma ou serviços,Familiar,1
2753.59,9896.42,48,0.997,260.46,9.46,776,0,33,6.8,0,0.3,Reforma ou serviços,Própria,0
3725.55,10238.79,36,2.636,443.89,11.91,597,1,105,0.0,1,0.229,Crédito pessoal,Própria,0
11137.07,13555.78,36,1.572,495.98,4.45,845,0,24,1.8,2,0.101,Consolidação de dívidas,Familiar,0
3497.91,3816.31,48,3.172,155.87,4.46,575,1,81,0.4,1,0.091,Consolidação de dívidas,Própria,0
7733.73,28381.42,12,1.255,2562.4,33.13,638,0,11,2.3,1,0.306,Financiamento de veículo,Alugada,0
3724.39,7539.9,12,1.535,692.78,18.6,702,0,26,0.9,3,0.169,Educação,Alugada,0
6064.1,9677.45,12,1.833,905.71,14.94,651,0,48,0.4,4,0.133,Reforma ou serviços,Alugada,1
4763.55,10514.05,48,0.55,249.83,5.24,822,0,56,1.4,0,0.184,Financiamento de veículo,Alugada,0
8934.8,18330.27,48,0.652,445.99,4.99,839,0,116,2.6,0,0.171,Educação,Financiada,0
3732.49,12744.5,24,0.921,594.3,15.92,872,0,55,0.7,2,0.285,Reforma ou serviços,Alugada,0
1961.46,19023.72,36,0.55,583.92,29.77,784,0,55,3.4,0,0.808,Financiamento de veículo,Familiar,0
2207.48,6232.96,48,1.786,194.46,8.81,770,0,19,0.3,1,0.235,Crédito pessoal,Própria,0
3739.29,7782.65,24,0.984,365.68,9.78,850,0,21,2.4,2,0.173,Educação,Financiada,0
2397.06,7811.63,18,1.597,502.78,20.97,583,0,29,1.7,2,0.272,Reforma ou serviços,Financiada,0
6705.92,11518.39,60,0.55,225.91,3.37,943,0,43,0.9,4,0.143,Financiamento de veículo,Própria,0
3895.73,23435.1,12,1.994,2215.15,56.86,686,0,39,3.4,0,0.501,Crédito pessoal,Alugada,1
22667.1,20596.02,24,1.845,1069.94,4.72,895,0,57,7.3,2,0.076,Crédito pessoal,Financiada,0
1770.52,15178.64,36,1.334,533.73,30.15,547,0,107,1.9,1,0.714,Financiamento de veículo,Própria,0
5899.76,11625.13,24,0.55,518.38,8.79,775,0,44,1.9,1,0.164,Financiamento de veículo,Alugada,0
2583.97,24727.61,24,0.55,1102.64,42.67,863,0,74,0.5,1,0.797,Financiamento de veículo,Própria,0
3829.56,13180.05,48,2.128,440.95,11.51,668,0,21,0.3,0,0.287,Crédito pessoal,Financiada,0
5676.52,9147.03,36,1.629,337.84,5.95,516,0,118,1.7,1,0.134,Financiamento de veículo,Financiada,0
1500.0,7747.88,36,3.107,360.57,24.04,431,0,43,0.2,0,0.43,Reforma ou serviços,Própria,0
6022.43,25131.57,18,1.163,1555.46,25.83,539,1,117,2.8,0,0.348,Financiamento de veículo,Própria,0
16919.41,41334.22,18,0.729,2458.64,14.53,763,0,35,1.2,0,0.204,Financiamento de veículo,Alugada,0
3925.63,4030.24,18,1.073,247.42,6.3,917,0,31,2.9,1,0.086,Crédito pessoal,Financiada,0
6108.86,16955.19,24,2.591,957.53,15.67,554,0,26,5.2,1,0.231,Crédito pessoal,Alugada,0
9816.95,4409.24,12,2.72,435.58,4.44,441,0,16,2.7,0,0.037,Crédito pessoal,Financiada,0
4697.39,8165.07,60,1.65,215.4,4.59,667,0,85,0.2,1,0.145,Crédito pessoal,Alugada,1
3627.21,15902.16,48,2.829,609.69,16.81,582,0,22,9.3,0,0.365,Crédito pessoal,Financiada,0
1500.0,10131.2,60,2.233,308.13,20.54,511,2,55,2.1,1,0.563,Financiamento de veículo,Familiar,0
7737.46,7797.23,18,3.19,576.06,7.45,541,1,15,1.9,0,0.084,Crédito pessoal,Própria,1
4847.65,10205.99,36,0.55,313.27,6.46,886,0,140,1.6,1,0.175,Reforma ou serviços,Própria,0
2775.4,5991.95,48,2.107,199.61,7.19,522,0,86,0.9,0,0.18,Reforma ou serviços,Alugada,0
5624.59,14821.99,24,1.813,767.19,13.64,906,0,82,0.5,0,0.22,Consolidação de dívidas,Própria,0
3621.1,7515.59,24,1.737,385.62,10.65,649,1,49,0.4,1,0.173,Reforma ou serviços,Alugada,0
3747.3,28711.34,6,0.817,4923.04,131.38,766,0,39,1.5,0,0.638,Educação,Própria,1
7572.77,24486.93,60,2.046,712.34,9.41,579,0,27,2.8,0,0.269,Reforma ou serviços,Própria,0
2267.92,10280.74,36,0.55,315.56,13.91,813,0,115,0.6,1,0.378,Financiamento de veículo,Financiada,0
9954.2,21756.83,60,1.95,618.41,6.21,558,0,11,3.9,0,0.182,Crédito pessoal,Própria,0
2186.04,11658.59,18,1.363,734.78,33.61,715,0,67,1.3,2,0.444,Financiamento de veículo,Alugada,1
3447.96,10069.75,36,1.271,350.31,10.16,546,0,23,1.7,2,0.243,Financiamento de veículo,Própria,0
17130.92,4065.07,12,1.234,366.54,2.14,668,1,15,5.5,1,0.02,Financiamento de veículo,Familiar,0
10460.63,9297.42,12,0.733,812.2,7.76,688,0,33,3.3,1,0.074,Financiamento de veículo,Alugada,0
5524.39,15649.84,48,0.55,371.86,6.73,873,0,33,3.0,1,0.236,Financiamento de veículo,Alugada,0
2902.38,6243.36,12,0.8,547.72,18.87,694,0,57,10.0,0,0.179,Financiamento de veículo,Financiada,0
3745.33,11043.85,36,0.563,339.79,9.07,825,0,92,0.6,1,0.246,Reforma ou serviços,Alugada,0
5441.69,4395.99,24,0.55,196.02,3.6,773,0,38,3.8,0,0.067,Financiamento de veículo,Própria,0
5322.39,23214.06,60,1.331,564.2,10.6,605,0,8,2.9,3,0.363,Financiamento de veículo,Alugada,0
4915.13,20766.95,24,1.825,1076.35,21.9,747,0,21,2.9,0,0.352,Crédito pessoal,Financiada,0
5101.54,6777.79,36,1.31,237.36,4.65,738,0,38,2.2,1,0.111,Reforma ou serviços,Financiada,0
4552.82,4482.32,36,0.55,137.58,3.02,825,0,30,2.7,1,0.082,Reforma ou serviços,Financiada,0
2126.83,10870.14,24,1.736,557.69,26.22,645,1,67,1.4,0,0.426,Educação,Alugada,0
3775.08,16723.95,60,1.696,446.33,11.82,637,1,56,1.9,1,0.369,Reforma ou serviços,Financiada,0
9168.06,19325.05,12,0.555,1669.08,18.21,839,0,76,4.7,0,0.176,Educação,Própria,0
2226.19,15247.44,12,0.55,1316.5,59.14,881,0,4,1.0,0,0.571,Educação,Alugada,0
4623.42,15468.64,36,2.259,632.39,13.68,561,2,87,1.1,0,0.279,Reforma ou serviços,Alugada,0
3128.05,13943.62,24,2.092,744.92,23.81,736,0,8,2.7,1,0.371,Consolidação de dívidas,Própria,0
5571.68,27792.83,24,0.55,1239.32,22.24,924,0,64,2.5,1,0.416,Financiamento de veículo,Própria,0
4086.57,20578.91,36,0.55,631.66,15.46,882,0,103,1.3,0,0.42,Financiamento de veículo,Financiada,0
12996.01,61771.52,36,1.244,2139.3,16.46,759,0,3,3.0,0,0.396,Reforma ou serviços,Própria,1
7118.81,8367.2,48,0.567,199.61,2.8,676,1,40,2.8,1,0.098,Financiamento de veículo,Própria,0
2305.6,7281.19,12,1.643,673.48,29.21,724,0,30,8.9,1,0.263,Crédito pessoal,Alugada,0
7883.88,16049.08,48,2.394,566.06,7.18,416,4,13,11.2,2,0.17,Financiamento de veículo,Alugada,1
3216.76,3538.03,36,2.728,155.55,4.84,599,2,3,2.8,1,0.092,Crédito pessoal,Financiada,0
3636.13,17255.58,48,0.55,410.01,11.28,857,0,88,4.2,3,0.395,Financiamento de veículo,Própria,0
6316.89,8366.75,36,0.878,272.07,4.31,598,0,14,2.7,3,0.11,Financiamento de veículo,Própria,1
3833.49,13988.72,48,1.711,429.68,11.21,671,0,213,1.7,1,0.304,Reforma ou serviços,Financiada,0
9045.15,6156.4,36,2.547,263.25,2.91,631,0,15,4.8,2,0.057,Consolidação de dívidas,Alugada,0
3217.04,26118.38,60,1.864,726.9,22.6,534,3,16,1.7,0,0.677,Financiamento de veículo,Alugada,0
3542.78,7343.44,36,1.681,273.53,7.72,604,2,2,2.0,0,0.173,Educação,Própria,1
3461.52,8231.48,24,0.883,382.09,11.04,729,0,14,1.9,0,0.198,Financiamento de veículo,Financiada,0
3661.83,23094.58,24,0.784,1059.37,28.93,750,0,19,1.9,0,0.526,Financiamento de veículo,Alugada,0
10279.56,17065.07,24,2.372,940.68,9.15,626,0,41,1.7,0,0.138,Crédito pessoal,Familiar,0
7679.18,22953.55,36,1.079,772.88,10.06,584,0,64,3.8,1,0.249,Financiamento de veículo,Familiar,0
15011.61,26536.13,18,2.687,1878.73,12.52,526,2,26,3.3,2,0.147,Crédito pessoal,Financiada,1
21212.66,30905.6,6,2.308,5575.0,26.28,560,3,63,1.2,1,0.121,Reforma ou serviços,Própria,0
2744.54,6606.15,12,1.789,616.6,22.47,603,0,127,1.8,0,0.201,Crédito pessoal,Alugada,1
5432.06,17994.4,36,1.035,601.24,11.07,781,0,34,0.6,0,0.276,Reforma ou serviços,Própria,0
2507.82,8969.86,48,2.097,298.25,11.89,715,0,27,2.4,2,0.298,Crédito pessoal,Financiada,0
3210.87,6395.76,12,2.263,614.58,19.14,638,0,16,4.6,2,0.166,Consolidação de dívidas,Financiada,0
3518.4,9824.59,18,1.252,613.01,17.42,703,0,42,1.4,0,0.233,Financiamento de veículo,Própria,0
2699.92,13031.63,24,0.55,581.1,21.52,806,0,114,3.8,1,0.402,Educação,Familiar,0
2708.75,11752.91,36,0.55,360.75,13.32,729,0,40,1.9,0,0.362,Financiamento de veículo,Financiada,0
4755.03,24227.38,36,0.55,743.65,15.64,819,0,65,1.5,1,0.425,Financiamento de veículo,Financiada,0
2445.61,5384.34,60,2.897,190.26,7.78,575,0,42,0.9,0,0.183,Consolidação de dívidas,Familiar,0
8765.09,57109.87,36,1.606,2101.16,23.97,453,0,39,2.6,1,0.543,Financiamento de veículo,Própria,0
2943.65,2568.52,24,2.275,140.07,4.76,408,2,190,3.9,0,0.073,Educação,Própria,0
29683.5,2024.37,48,1.46,58.96,0.2,555,0,55,4.3,0,0.006,Financiamento de veículo,Própria,0
3930.63,11698.6,18,0.55,684.41,17.41,797,0,81,0.7,0,0.248,Financiamento de veículo,Financiada,0
5437.45,23910.16,12,0.55,2064.46,37.97,724,0,61,3.0,3,0.366,Financiamento de veículo,Alugada,0
2329.25,5097.22,18,3.16,375.65,16.13,499,0,41,2.3,1,0.182,Crédito pessoal,Financiada,0
14975.8,10338.07,18,1.686,670.68,4.48,511,0,25,0.9,1,0.058,Financiamento de veículo,Financiada,0
10409.81,3565.15,24,1.017,168.16,1.62,803,0,112,2.3,3,0.029,Educação,Própria,0
6251.03,11233.16,18,1.826,737.83,11.8,677,0,7,0.4,1,0.15,Crédito pessoal,Financiada,0
2256.11,9561.9,48,1.416,275.87,12.23,752,0,22,4.1,0,0.353,Crédito pessoal,Financiada,0
5925.54,12389.93,60,1.402,306.72,5.18,936,0,23,0.6,1,0.174,Crédito pessoal,Financiada,0
2594.44,12643.21,60,1.019,282.72,10.9,748,0,85,1.5,1,0.406,Reforma ou serviços,Alugada,0
12875.4,23024.9,36,1.293,803.94,6.24,630,1,116,4.6,2,0.149,Financiamento de veículo,Financiada,0
8587.94,10230.77,36,2.309,421.59,4.91,663,0,11,2.9,1,0.099,Crédito pessoal,Financiada,0
5516.98,7579.89,12,0.55,654.47,11.86,692,0,36,2.7,1,0.114,Financiamento de veículo,Familiar,0
1500.0,14184.53,24,0.55,632.51,42.17,763,0,83,0.5,5,0.788,Financiamento de veículo,Própria,1
2826.22,13809.14,36,0.796,442.72,15.66,749,0,24,2.8,0,0.407,Educação,Financiada,0
7965.11,5790.78,48,0.608,139.47,1.75,947,0,64,1.5,1,0.061,Reforma ou serviços,Financiada,0
11030.31,18329.52,12,0.806,1608.65,14.58,627,0,35,2.2,0,0.138,Financiamento de veículo,Familiar,0
10343.35,5633.76,24,0.55,251.22,2.43,970,0,159,2.9,0,0.045,Educação,Própria,0
1937.91,14836.43,24,0.55,661.58,34.14,752,0,26,1.7,1,0.638,Financiamento de veículo,Própria,0
6269.03,9584.57,12,2.583,939.05,14.98,518,0,72,4.5,0,0.127,Crédito pessoal,Alugada,0
9759.86,6171.94,60,1.413,153.26,1.57,536,0,29,4.5,0,0.053,Educação,Financiada,0
1859.84,5229.49,48,2.375,183.75,9.88,777,0,47,14.3,2,0.234,Consolidação de dívidas,Alugada,0
5174.58,15107.9,12,2.336,1458.23,28.18,604,1,13,6.1,0,0.243,Crédito pessoal,Alugada,0
6162.24,21327.92,18,1.747,1391.11,22.57,892,0,65,0.2,1,0.288,Consolidação de dívidas,Própria,0
4315.38,8854.65,24,2.885,516.37,11.97,561,1,94,1.9,2,0.171,Consolidação de dívidas,Financiada,0
1649.25,8746.79,18,2.869,628.96,38.14,471,0,11,5.7,0,0.442,Crédito pessoal,Alugada,0
4249.18,12040.79,36,1.765,454.78,10.7,555,1,21,1.7,0,0.236,Reforma ou serviços,Financiada,0
4244.95,11479.22,48,1.41,330.75,7.79,867,0,87,1.3,0,0.225,Crédito pessoal,Alugada,0
4743.87,21165.02,24,1.864,1101.85,23.23,506,0,31,0.5,1,0.372,Reforma ou serviços,Alugada,0
3666.75,20631.36,60,0.76,429.45,11.71,797,0,38,0.4,0,0.469,Financiamento de veículo,Familiar,0
3951.09,10373.29,12,1.175,931.9,23.59,851,0,15,3.7,1,0.219,Crédito pessoal,Alugada,0
5073.55,13851.39,12,1.631,1280.3,25.23,911,0,95,2.1,0,0.228,Consolidação de dívidas,Alugada,0
6841.32,63038.06,36,0.55,1934.92,28.28,825,0,13,0.1,0,0.768,Financiamento de veículo,Própria,0
4305.59,16129.82,24,2.205,872.71,20.27,675,0,38,4.7,0,0.312,Crédito pessoal,Própria,0
4033.67,22547.62,36,0.55,692.09,17.16,770,1,25,5.3,0,0.466,Financiamento de veículo,Alugada,0
5506.44,25405.16,24,1.315,1241.25,22.54,827,0,74,1.5,0,0.384,Consolidação de dívidas,Financiada,0
1580.42,5517.35,48,1.6,165.56,10.48,854,0,192,1.9,2,0.291,Crédito pessoal,Alugada,0
6989.58,28726.41,24,1.83,1489.71,21.31,488,0,8,6.2,0,0.342,Financiamento de veículo,Alugada,0
5198.18,1966.86,12,2.608,193.0,3.71,514,1,24,1.5,0,0.032,Crédito pessoal,Financiada,0
5329.56,9568.9,36,2.314,394.62,7.4,657,0,31,0.2,0,0.15,Consolidação de dívidas,Própria,0
9433.94,11268.14,24,2.387,622.18,6.6,655,0,12,4.0,2,0.1,Consolidação de dívidas,Alugada,0
1549.47,5371.1,36,1.599,197.39,12.74,890,0,42,5.1,0,0.289,Consolidação de dívidas,Alugada,0
1529.41,7432.11,18,1.102,457.48,29.91,712,1,79,2.2,0,0.405,Financiamento de veículo,Familiar,0
6162.1,12953.59,36,0.55,397.6,6.45,731,0,51,0.6,0,0.175,Financiamento de veículo,Própria,0
5177.11,5665.47,12,0.847,498.52,9.63,743,0,66,5.7,2,0.091,Reforma ou serviços,Financiada,0
5778.64,3271.77,12,0.55,282.49,4.89,778,0,22,1.3,0,0.047,Financiamento de veículo,Financiada,0
3904.54,21435.12,6,1.156,3718.42,95.23,723,0,67,0.8,2,0.457,Reforma ou serviços,Alugada,1
7850.35,10277.75,36,2.088,408.94,5.21,837,0,50,2.2,2,0.109,Consolidação de dívidas,Própria,0
9271.03,33481.31,36,1.143,1139.61,12.29,571,0,14,1.8,2,0.301,Financiamento de veículo,Própria,0
7019.75,26733.96,24,1.449,1326.81,18.9,787,0,43,3.5,2,0.317,Reforma ou serviços,Própria,1
4423.56,10379.88,12,1.864,973.35,22.0,439,1,25,9.9,1,0.196,Financiamento de veículo,Alugada,0
1500.0,8820.65,6,1.347,1540.2,102.68,560,2,254,0.7,0,0.49,Financiamento de veículo,Alugada,1
8377.8,7362.35,18,1.569,472.67,5.64,963,0,83,4.8,1,0.073,Consolidação de dívidas,Alugada,0
11090.96,13263.58,24,0.754,606.2,5.47,773,0,47,1.9,0,0.1,Educação,Alugada,0
7754.59,21732.91,24,1.126,1038.49,13.39,901,0,106,3.5,1,0.234,Crédito pessoal,Financiada,0
3014.04,14326.01,36,1.636,529.7,17.57,743,0,68,2.3,0,0.396,Crédito pessoal,Financiada,0
7896.43,12497.59,60,1.928,353.27,4.47,725,0,14,1.2,2,0.132,Consolidação de dívidas,Própria,0
8865.67,3429.75,48,1.885,109.22,1.23,818,0,128,4.8,2,0.032,Consolidação de dívidas,Própria,0
13668.92,24365.77,24,1.963,1282.92,9.39,671,1,11,2.2,1,0.149,Crédito pessoal,Alugada,0
3020.65,27053.59,6,2.201,4862.65,160.98,623,2,118,0.8,2,0.746,Crédito pessoal,Alugada,1
4518.85,9908.98,60,1.258,236.26,5.23,555,0,50,3.8,3,0.183,Financiamento de veículo,Própria,1
8264.48,27438.13,36,0.55,842.2,10.19,756,0,41,2.2,4,0.277,Financiamento de veículo,Própria,0
5388.42,16768.34,18,2.243,1142.51,21.2,443,1,22,3.7,3,0.259,Educação,Alugada,0
2601.05,24911.27,60,1.22,587.88,22.6,749,0,53,2.0,0,0.798,Reforma ou serviços,Própria,0
6724.25,24615.75,12,0.865,2168.53,32.25,895,0,65,2.2,1,0.305,Reforma ou serviços,Financiada,0
7444.15,11305.46,24,2.359,622.33,8.36,547,0,61,0.7,2,0.127,Crédito pessoal,Própria,0
5491.47,19149.18,24,0.943,895.34,16.3,737,0,50,2.3,0,0.291,Reforma ou serviços,Familiar,0
5958.4,7376.49,18,1.915,488.34,8.2,733,0,37,1.2,0,0.103,Crédito pessoal,Familiar,0
4429.39,1585.99,12,2.362,153.33,3.46,566,1,71,6.5,0,0.03,Crédito pessoal,Financiada,0
13003.15,2121.62,12,2.307,204.42,1.57,710,0,31,0.7,0,0.014,Consolidação de dívidas,Financiada,0
2974.96,19291.71,36,0.757,614.23,20.65,778,0,40,4.9,2,0.54,Financiamento de veículo,Alugada,0
3612.93,2741.09,60,1.417,68.13,1.89,652,0,58,5.2,2,0.063,Educação,Financiada,0
5235.54,8871.27,60,1.308,214.3,4.09,789,0,43,2.9,1,0.141,Crédito pessoal,Alugada,0
8967.53,31356.29,24,0.55,1398.22,15.59,866,0,11,8.0,2,0.291,Financiamento de veículo,Familiar,0
2055.02,2293.8,36,2.105,91.52,4.45,535,2,50,1.5,3,0.093,Reforma ou serviços,Alugada,1
2307.75,7283.64,12,0.55,628.89,27.25,792,0,51,1.7,1,0.263,Financiamento de veículo,Alugada,0
1500.0,5231.31,36,1.802,198.77,13.25,696,0,47,3.1,0,0.291,Crédito pessoal,Alugada,0
5306.49,4617.09,24,1.049,218.61,4.12,714,0,38,1.6,1,0.073,Reforma ou serviços,Familiar,0
2599.47,13974.72,36,2.663,608.3,23.4,544,1,33,0.4,0,0.448,Consolidação de dívidas,Financiada,0
4096.93,8807.45,6,1.3,1535.41,37.48,787,0,44,0.5,1,0.179,Reforma ou serviços,Financiada,0
7835.88,21785.32,36,2.274,892.76,11.39,642,1,22,3.9,0,0.232,Crédito pessoal,Financiada,0
3493.49,13492.98,24,1.535,676.38,19.36,698,0,111,1.9,0,0.322,Reforma ou serviços,Alugada,0
6001.76,9844.5,24,2.573,554.86,9.24,666,0,59,3.6,0,0.137,Consolidação de dívidas,Própria,0
4319.2,18164.56,18,1.46,1154.89,26.74,770,0,54,4.1,1,0.35,Consolidação de dívidas,Financiada,0
7888.21,21431.82,24,0.587,960.01,12.17,899,0,92,1.6,0,0.226,Reforma ou serviços,Familiar,0
6981.32,37818.4,12,0.768,3311.01,47.43,803,0,20,2.5,1,0.451,Financiamento de veículo,Própria,0
3386.04,13103.52,24,1.263,636.3,18.79,818,0,29,0.4,2,0.322,Educação,Alugada,0
4683.73,25293.56,18,0.627,1490.45,31.82,680,0,27,1.0,0,0.45,Financiamento de veículo,Familiar,0
9932.18,8723.22,36,0.999,289.67,2.92,698,0,56,3.3,0,0.073,Educação,Alugada,0
6636.28,11588.67,12,2.523,1131.3,17.05,417,1,19,2.0,1,0.146,Crédito pessoal,Própria,0
2187.02,17007.68,12,1.131,1523.63,69.67,698,0,75,0.3,1,0.648,Educação,Financiada,1
7807.95,16716.61,48,0.596,401.51,5.14,779,0,55,1.5,0,0.178,Financiamento de veículo,Alugada,0
2654.35,21731.93,36,1.388,771.12,29.05,895,0,25,0.8,2,0.682,Crédito pessoal,Alugada,0
12483.61,29074.16,36,0.885,946.67,7.58,865,0,13,10.8,0,0.194,Crédito pessoal,Própria,0
9811.94,12878.89,12,3.068,1299.11,13.24,441,2,54,2.7,0,0.109,Crédito pessoal,Alugada,0
6223.84,4823.26,36,1.776,182.5,2.93,521,0,9,3.6,0,0.065,Educação,Própria,0
5732.45,7370.85,36,1.572,269.68,4.7,703,0,23,3.6,0,0.107,Crédito pessoal,Própria,0
4567.92,16266.2,24,0.994,765.16,16.75,887,0,39,2.2,2,0.297,Crédito pessoal,Própria,0
7919.62,10705.22,60,3.571,435.28,5.5,476,2,37,2.8,0,0.113,Consolidação de dívidas,Alugada,0
4132.06,5782.78,18,0.764,345.09,8.35,727,0,26,2.6,1,0.117,Financiamento de veículo,Familiar,0
6017.74,13575.79,24,1.986,716.61,11.91,700,0,72,2.6,0,0.188,Crédito pessoal,Financiada,0
8928.59,8220.8,12,1.918,773.47,8.66,788,0,21,7.0,2,0.077,Crédito pessoal,Financiada,0
3670.54,10855.03,24,0.982,509.9,13.89,757,0,26,2.0,1,0.246,Educação,Alugada,0
3548.83,27648.99,18,2.736,1965.68,55.39,559,0,47,3.7,1,0.649,Consolidação de dívidas,Própria,0
2479.74,14865.12,36,1.96,579.44,23.37,595,0,47,0.6,2,0.5,Reforma ou serviços,Alugada,1
2687.7,7180.59,36,0.55,220.4,8.2,759,0,15,1.7,1,0.223,Financiamento de veículo,Própria,0
1673.73,8947.67,48,2.5,322.17,19.25,691,0,45,1.2,2,0.445,Consolidação de dívidas,Alugada,0
8175.59,4622.15,18,1.717,300.68,3.68,788,0,28,1.6,0,0.047,Crédito pessoal,Própria,0
15961.6,31360.94,36,2.183,1266.91,7.94,681,1,27,3.5,1,0.164,Crédito pessoal,Própria,0
12583.2,15461.24,24,0.55,689.44,5.48,905,0,53,3.3,2,0.102,Financiamento de veículo,Alugada,0
1897.4,14038.75,24,2.402,776.49,40.92,706,0,19,1.6,3,0.617,Consolidação de dívidas,Financiada,0
8150.41,21700.29,18,1.676,1406.53,17.26,879,0,35,1.9,0,0.222,Crédito pessoal,Alugada,0
12558.08,10159.17,36,1.256,352.51,2.81,603,0,41,4.4,1,0.067,Financiamento de veículo,Alugada,0
3917.43,3899.66,36,0.917,127.69,3.26,612,0,53,3.2,2,0.083,Financiamento de veículo,Familiar,0
5537.57,17455.24,48,2.503,628.87,11.36,759,0,24,0.3,0,0.263,Consolidação de dívidas,Própria,0
1500.0,8569.9,36,2.159,344.87,22.99,661,0,62,0.4,1,0.476,Crédito pessoal,Própria,0
6135.15,15812.41,36,1.634,584.48,9.53,723,0,74,1.2,0,0.215,Educação,Própria,0
2689.22,10598.48,24,0.55,472.6,17.57,810,0,73,0.2,2,0.328,Educação,Própria,0
5885.15,15693.21,12,2.277,1509.28,25.65,640,0,14,0.5,0,0.222,Consolidação de dívidas,Financiada,0
1975.29,7221.02,60,2.626,240.37,12.17,449,0,71,2.3,0,0.305,Reforma ou serviços,Própria,0
7280.73,34912.26,36,1.165,1192.86,16.38,787,0,73,2.8,0,0.4,Consolidação de dívidas,Própria,0
9814.46,7569.76,24,2.521,424.21,4.32,536,1,127,2.7,0,0.064,Educação,Financiada,0
3199.8,19149.25,60,0.933,418.18,13.07,743,0,16,1.7,0,0.499,Financiamento de veículo,Própria,0
2569.64,4798.04,18,0.55,280.7,10.92,741,0,103,1.2,1,0.156,Financiamento de veículo,Própria,0
1500.0,3636.59,36,1.117,123.25,8.22,874,0,8,0.9,0,0.202,Reforma ou serviços,Própria,0
4408.27,21256.45,18,1.634,1372.68,31.14,771,0,75,3.5,3,0.402,Crédito pessoal,Própria,0
3625.78,34385.49,24,1.643,1745.31,48.14,662,1,85,3.8,0,0.79,Reforma ou serviços,Alugada,1
1987.8,7337.8,24,1.933,385.0,19.37,619,0,73,1.6,2,0.308,Crédito pessoal,Alugada,1
6886.27,13135.45,36,2.064,520.63,7.56,731,0,11,0.5,2,0.159,Crédito pessoal,Alugada,0
3934.08,18010.24,24,0.931,840.87,21.37,884,0,98,0.9,1,0.382,Reforma ou serviços,Alugada,0
2669.0,8383.09,24,1.676,427.13,16.0,868,0,181,1.8,0,0.262,Consolidação de dívidas,Própria,0
3687.04,23730.6,18,0.55,1388.32,37.65,963,0,18,1.6,0,0.536,Financiamento de veículo,Alugada,0
10103.35,17736.4,48,0.681,434.43,4.3,754,0,34,3.4,0,0.146,Financiamento de veículo,Financiada,0
7557.04,22971.95,12,1.949,2165.41,28.65,522,2,24,0.9,0,0.253,Financiamento de veículo,Financiada,0
4797.25,25289.87,24,2.771,1456.67,30.36,632,1,65,2.9,2,0.439,Crédito pessoal,Alugada,1
7633.17,6465.34,24,1.904,338.14,4.43,779,0,30,1.8,1,0.071,Consolidação de dívidas,Própria,0
2531.71,11007.7,24,0.601,493.89,19.51,763,2,68,8.9,0,0.362,Financiamento de veículo,Própria,0
5305.42,5540.14,36,2.546,236.87,4.46,487,1,37,1.7,0,0.087,Crédito pessoal,Alugada,0
5697.33,30399.93,48,0.593,729.57,12.81,878,0,47,1.0,0,0.445,Educação,Familiar,0
3885.92,25772.08,12,2.297,2481.69,63.86,658,0,42,5.5,2,0.553,Crédito pessoal,Familiar,0
6811.71,14631.02,36,2.523,623.3,9.15,681,0,9,1.6,3,0.179,Crédito pessoal,Familiar,0
3205.25,8062.0,12,2.023,763.42,23.82,796,0,45,2.8,0,0.21,Consolidação de dívidas,Alugada,0
7133.11,23089.77,6,2.208,4151.11,58.19,718,0,11,4.6,0,0.27,Crédito pessoal,Alugada,0
7321.47,17053.99,6,1.761,3020.02,41.25,693,2,13,0.9,0,0.194,Reforma ou serviços,Alugada,0
1500.0,5014.4,48,2.195,170.02,11.33,508,0,99,0.5,0,0.279,Educação,Própria,0
10876.97,17815.26,48,0.55,423.31,3.89,801,0,64,4.0,1,0.136,Financiamento de veículo,Financiada,0
1500.0,9337.56,18,1.006,569.76,37.98,654,0,60,0.8,1,0.519,Financiamento de veículo,Familiar,0
3549.15,23173.18,36,1.176,793.24,22.35,699,0,46,0.7,1,0.544,Reforma ou serviços,Financiada,0
9819.54,4395.78,12,2.346,424.54,4.32,665,0,160,2.2,2,0.037,Crédito pessoal,Familiar,0
4271.4,12890.09,36,1.843,493.03,11.54,572,0,45,1.2,0,0.251,Financiamento de veículo,Própria,0
2095.15,3262.1,60,2.171,97.77,4.67,675,1,39,0.8,3,0.13,Crédito pessoal,Alugada,0
2639.37,6957.96,60,0.573,137.39,5.21,899,0,38,3.5,0,0.22,Reforma ou serviços,Familiar,0
9829.03,8824.7,36,2.264,361.06,3.67,773,0,89,2.5,1,0.075,Reforma ou serviços,Alugada,0
1579.84,8588.55,24,0.938,401.32,25.4,738,0,43,1.1,2,0.453,Financiamento de veículo,Alugada,0
10471.25,8030.09,24,2.373,442.69,4.23,781,0,53,1.2,0,0.064,Consolidação de dívidas,Própria,0
5025.35,7766.25,18,2.18,526.25,10.47,659,0,93,3.0,1,0.129,Crédito pessoal,Própria,1
2482.77,10238.16,12,0.55,883.99,35.6,875,0,61,3.8,1,0.344,Reforma ou serviços,Própria,0
3622.37,14850.34,12,0.55,1282.22,35.4,799,0,78,1.8,1,0.342,Financiamento de veículo,Financiada,0
2767.6,11020.48,24,3.543,689.38,24.91,435,2,24,1.7,0,0.332,Consolidação de dívidas,Própria,1
8897.04,8234.95,18,1.289,515.55,5.79,950,0,16,2.9,1,0.077,Consolidação de dívidas,Alugada,0
8188.77,15464.71,36,1.558,564.54,6.89,712,0,113,3.7,1,0.157,Crédito pessoal,Alugada,0
1791.01,17806.22,36,1.77,673.02,37.58,498,2,77,3.3,0,0.829,Financiamento de veículo,Financiada,0
4048.84,9837.57,24,2.55,553.1,13.66,374,3,66,3.1,1,0.202,Educação,Própria,0
3044.95,18397.25,48,2.145,617.65,20.28,518,3,55,0.6,1,0.503,Reforma ou serviços,Alugada,1
11595.71,5504.32,48,0.55,130.79,1.13,733,0,43,2.0,1,0.04,Financiamento de veículo,Alugada,0
2251.5,7304.66,12,1.73,679.33,30.17,609,0,24,2.4,2,0.27,Reforma ou serviços,Alugada,0
14059.25,30021.69,48,0.89,771.28,5.49,949,0,24,0.8,3,0.178,Crédito pessoal,Financiada,0
5093.76,2802.35,48,0.55,66.59,1.31,847,0,16,2.7,0,0.046,Financiamento de veículo,Financiada,0
2530.1,10962.49,24,1.144,524.95,20.75,731,0,12,2.2,1,0.361,Financiamento de veículo,Própria,0
3416.95,14718.13,24,0.988,691.88,20.25,662,1,20,1.7,2,0.359,Financiamento de veículo,Alugada,0
3163.42,16689.82,12,1.264,1507.76,47.66,465,1,32,1.4,1,0.44,Financiamento de veículo,Familiar,0
2359.37,8118.56,18,1.653,525.13,22.26,741,0,113,3.7,3,0.287,Crédito pessoal,Financiada,0
5514.89,11863.49,60,2.07,347.12,6.29,729,0,11,2.9,2,0.179,Consolidação de dívidas,Alugada,0
2428.69,10649.35,60,0.55,208.87,8.6,714,0,47,0.6,1,0.365,Financiamento de veículo,Alugada,0
1500.0,6248.84,36,0.67,195.93,13.06,849,0,120,2.3,0,0.347,Educação,Alugada,0
4109.33,28887.35,6,2.189,5190.11,126.3,560,3,88,2.0,2,0.586,Reforma ou serviços,Própria,1
1700.44,10662.03,6,1.289,1858.02,109.27,552,0,44,4.7,1,0.523,Financiamento de veículo,Alugada,1
3261.93,17285.57,36,2.566,741.27,22.72,403,1,25,5.2,0,0.442,Educação,Própria,0
2959.48,13308.23,18,0.55,778.58,26.31,771,1,6,1.9,0,0.375,Financiamento de veículo,Alugada,0
3029.82,6308.96,36,0.713,199.33,6.58,698,0,48,8.5,0,0.174,Financiamento de veículo,Alugada,0
17979.92,13504.99,12,0.55,1166.05,6.49,857,0,70,1.9,0,0.063,Financiamento de veículo,Alugada,0
5385.09,6979.78,60,0.55,136.89,2.54,880,0,26,0.3,0,0.108,Financiamento de veículo,Financiada,0
6054.42,32585.18,12,1.182,2928.6,48.37,684,0,92,5.7,1,0.449,Educação,Própria,0
1728.57,7427.18,18,1.64,479.87,27.76,810,0,40,0.7,1,0.358,Crédito pessoal,Familiar,0
3466.69,5688.89,12,1.546,523.05,15.09,591,0,54,0.3,1,0.137,Reforma ou serviços,Familiar,0
5942.6,29532.13,24,1.418,1460.42,24.58,791,0,44,0.8,1,0.414,Crédito pessoal,Financiada,0
2755.09,10408.29,18,3.245,772.53,28.04,444,2,92,1.1,3,0.315,Crédito pessoal,Alugada,0
9130.84,7503.2,36,0.55,230.31,2.52,925,0,94,1.3,2,0.068,Reforma ou serviços,Familiar,0
2466.96,18600.5,48,0.55,441.97,17.92,962,0,63,1.3,2,0.628,Educação,Financiada,0
4354.07,5353.8,48,0.862,136.68,3.14,707,0,35,1.0,1,0.102,Financiamento de veículo,Alugada,0
3615.78,8493.92,36,1.967,331.46,9.17,715,0,42,1.9,0,0.196,Consolidação de dívidas,Financiada,0
5757.7,12556.17,60,3.538,507.2,8.81,543,3,165,1.5,2,0.182,Consolidação de dívidas,Familiar,0
3495.77,26111.99,6,0.55,4436.16,126.9,772,0,125,4.1,3,0.622,Financiamento de veículo,Financiada,1
4396.04,14229.71,36,0.894,464.07,10.56,767,0,45,0.3,2,0.27,Educação,Financiada,0
4491.82,21494.9,12,1.728,1998.78,44.5,667,0,17,0.8,0,0.399,Reforma ou serviços,Própria,0
3298.07,9838.68,36,0.55,301.99,9.16,835,0,82,1.1,0,0.249,Financiamento de veículo,Financiada,0
7024.59,11403.06,48,0.55,270.95,3.86,904,0,30,5.5,1,0.135,Educação,Alugada,0
6028.27,4877.47,36,1.443,174.65,2.9,685,0,109,1.4,1,0.067,Reforma ou serviços,Própria,0
4922.01,8458.88,12,1.215,761.82,15.48,695,0,25,1.2,1,0.143,Educação,Própria,0
3981.96,36736.21,12,0.751,3212.94,80.69,919,0,30,0.4,1,0.769,Crédito pessoal,Alugada,1
8520.85,5957.11,48,3.12,241.0,2.83,458,1,15,2.2,1,0.058,Crédito pessoal,Financiada,0
4492.64,12655.32,48,1.707,388.37,8.64,794,0,140,1.3,2,0.235,Consolidação de dívidas,Alugada,0
4299.53,14474.08,36,0.564,445.39,10.36,817,0,20,2.1,4,0.281,Financiamento de veículo,Financiada,0
5548.72,19008.68,18,0.766,1134.57,20.45,807,0,77,0.7,2,0.285,Reforma ou serviços,Alugada,0
14887.8,21670.67,18,1.046,1327.07,8.91,705,0,38,0.9,0,0.121,Financiamento de veículo,Própria,0
2265.14,14887.89,12,0.55,1285.46,56.75,762,0,31,0.4,0,0.548,Financiamento de veículo,Própria,0
8381.02,29765.81,24,2.548,1673.14,19.96,582,0,29,6.0,1,0.296,Crédito pessoal,Alugada,0
1607.84,5795.23,24,0.55,258.42,16.07,770,0,107,4.8,0,0.3,Financiamento de veículo,Própria,0
5949.86,18646.82,18,1.056,1142.91,19.21,760,0,226,4.2,3,0.261,Educação,Alugada,0
13807.47,14646.04,36,0.571,451.24,3.27,700,0,100,2.6,4,0.088,Financiamento de veículo,Alugada,0
7040.18,50412.1,12,2.095,4794.75,68.11,680,0,8,4.1,0,0.597,Consolidação de dívidas,Própria,0
5780.25,8020.52,12,0.894,707.86,12.25,763,0,78,3.6,0,0.116,Educação,Financiada,1
3673.63,15787.99,24,0.55,704.01,19.16,933,0,38,2.7,0,0.358,Educação,Alugada,0
5301.07,13040.55,36,1.582,477.92,9.02,917,0,40,1.3,1,0.205,Consolidação de dívidas,Alugada,0
4447.67,28650.36,12,0.55,2473.74,55.62,927,0,51,2.7,2,0.537,Financiamento de veículo,Financiada,0
3194.25,13277.62,36,2.103,529.58,16.58,661,0,44,0.4,5,0.346,Crédito pessoal,Própria,0
4344.61,10287.82,12,2.399,996.82,22.94,717,0,63,3.7,1,0.197,Crédito pessoal,Alugada,0
5880.58,20251.48,18,2.512,1412.38,24.02,510,1,37,0.1,2,0.287,Crédito pessoal,Alugada,0
3231.62,13592.64,48,1.807,425.88,13.18,574,1,83,1.3,0,0.351,Educação,Própria,1
3154.29,11510.85,12,1.125,1030.82,32.68,720,0,46,1.6,2,0.304,Crédito pessoal,Financiada,0
2237.38,7786.85,36,1.919,301.56,13.48,813,0,47,1.2,1,0.29,Consolidação de dívidas,Própria,0
6625.38,3934.57,6,1.154,682.49,10.3,590,2,43,3.8,2,0.049,Financiamento de veículo,Financiada,0
7291.86,2898.99,24,1.501,144.74,1.98,629,0,77,0.4,1,0.033,Educação,Financiada,0
6003.17,36484.76,18,0.833,2191.07,36.5,753,0,32,0.6,1,0.506,Educação,Própria,0
9459.92,16963.82,18,0.87,1022.22,10.81,654,0,63,3.9,0,0.149,Financiamento de veículo,Própria,0
5491.14,19899.38,24,2.417,1102.49,20.08,573,0,48,0.2,1,0.302,Crédito pessoal,Alugada,0
6630.67,10931.2,60,1.229,258.64,3.9,820,0,109,1.1,1,0.137,Crédito pessoal,Familiar,0
6277.91,17733.45,18,2.292,1213.48,19.33,709,0,34,5.9,4,0.235,Consolidação de dívidas,Financiada,0
4913.09,8474.27,24,1.707,433.32,8.82,716,0,84,3.7,1,0.144,Crédito pessoal,Alugada,0
3741.73,13880.56,24,1.575,699.02,18.68,825,0,56,6.8,0,0.309,Consolidação de dívidas,Alugada,0
20520.68,3853.15,36,2.156,154.99,0.76,591,1,103,2.5,0,0.016,Reforma ou serviços,Financiada,0
3929.25,3634.55,48,2.116,121.31,3.09,688,1,47,3.9,1,0.077,Crédito pessoal,Alugada,0
3441.18,5493.06,24,1.573,276.55,8.04,687,1,31,4.1,3,0.133,Crédito pessoal,Própria,0
6805.59,7632.68,48,0.679,186.86,2.75,874,0,31,0.3,1,0.093,Reforma ou serviços,Alugada,0
6078.81,31937.4,48,1.549,948.05,15.6,548,0,52,0.9,1,0.438,Educação,Financiada,0
2176.43,7606.65,48,1.392,218.31,10.03,808,0,44,1.2,0,0.291,Reforma ou serviços,Própria,0
10430.34,32115.77,18,2.203,2180.66,20.91,627,2,33,5.2,1,0.257,Crédito pessoal,Financiada,0
4905.01,1423.92,36,0.55,43.71,0.89,927,0,53,0.5,3,0.024,Financiamento de veículo,Financiada,0
2611.39,16171.91,18,2.097,1087.95,41.66,563,1,3,6.4,0,0.516,Reforma ou serviços,Familiar,0
10866.72,10669.04,12,1.455,975.38,8.98,732,0,39,2.5,0,0.082,Reforma ou serviços,Alugada,0
7664.33,4558.73,24,2.643,258.93,3.38,517,2,45,3.0,0,0.05,Crédito pessoal,Financiada,1
2374.16,21151.97,24,0.55,943.2,39.73,903,0,10,1.3,0,0.742,Educação,Própria,0
15650.64,10507.62,36,3.202,495.89,3.17,469,0,19,1.4,1,0.056,Consolidação de dívidas,Própria,0
7823.35,7031.25,18,0.55,411.35,5.26,891,0,20,6.5,0,0.075,Financiamento de veículo,Financiada,0
5167.23,9538.13,12,2.219,914.12,17.69,647,0,42,4.3,0,0.154,Crédito pessoal,Própria,0
13937.66,11115.18,18,0.911,672.34,4.82,749,0,36,3.1,0,0.066,Educação,Própria,0
5739.79,21794.1,48,1.854,689.59,12.01,626,0,37,2.6,0,0.316,Crédito pessoal,Alugada,0
5110.24,16328.66,48,3.472,703.66,13.77,449,1,10,0.9,0,0.266,Crédito pessoal,Própria,0
3453.1,8823.32,12,1.488,808.31,23.41,625,0,89,0.8,0,0.213,Reforma ou serviços,Financiada,0
7458.88,3458.8,12,2.41,335.35,4.5,710,0,106,4.3,1,0.039,Consolidação de dívidas,Própria,0
6987.71,7987.11,12,2.633,784.91,11.23,455,1,13,3.8,1,0.095,Reforma ou serviços,Financiada,0
5247.54,16780.19,24,0.909,781.38,14.89,836,0,35,8.1,2,0.266,Crédito pessoal,Alugada,0
3186.32,8294.39,12,0.55,716.16,22.48,895,0,36,3.9,0,0.217,Financiamento de veículo,Alugada,0
5636.23,15563.38,36,0.873,505.67,8.97,885,0,59,2.6,1,0.23,Crédito pessoal,Financiada,0
4979.77,14082.62,48,3.304,589.05,11.83,459,2,31,4.0,2,0.236,Crédito pessoal,Alugada,0
2274.83,7327.73,24,1.121,349.93,15.38,657,0,84,2.9,0,0.268,Financiamento de veículo,Própria,0
2087.85,9190.29,24,2.237,499.07,23.9,723,0,18,3.1,0,0.367,Crédito pessoal,Alugada,0
7382.07,26340.39,24,1.799,1361.17,18.44,744,0,70,3.6,4,0.297,Consolidação de dívidas,Alugada,1
1500.0,4589.7,18,1.967,305.25,20.35,732,0,57,4.2,1,0.255,Reforma ou serviços,Familiar,0
5906.26,45744.47,36,3.385,2217.28,37.54,472,3,15,1.7,0,0.645,Crédito pessoal,Familiar,1
3866.1,10111.7,36,2.109,403.66,10.44,645,0,34,0.1,0,0.218,Reforma ou serviços,Alugada,0
11702.14,7646.09,12,2.765,757.42,6.47,546,2,16,3.1,0,0.054,Crédito pessoal,Alugada,1
3829.4,20001.8,18,1.591,1286.66,33.6,758,0,146,0.6,1,0.435,Crédito pessoal,Própria,0
7826.68,8917.75,24,1.004,419.97,5.37,571,0,39,2.5,0,0.095,Financiamento de veículo,Alugada,1
4065.64,6400.43,48,2.43,227.36,5.59,651,0,30,1.9,0,0.131,Crédito pessoal,Alugada,0
5579.96,6262.76,12,1.542,575.69,10.32,514,1,9,1.2,0,0.094,Financiamento de veículo,Própria,0
8211.19,9787.44,12,2.367,946.5,11.53,482,1,55,2.9,1,0.099,Reforma ou serviços,Alugada,1
3903.5,11565.05,12,1.868,1084.77,27.79,879,0,33,1.0,1,0.247,Consolidação de dívidas,Própria,0
9645.8,18896.72,18,1.281,1182.19,12.26,651,1,70,2.7,0,0.163,Financiamento de veículo,Financiada,0
2808.26,14899.65,36,1.904,575.63,20.5,774,0,118,0.5,1,0.442,Consolidação de dívidas,Própria,0
6242.03,14314.05,6,0.938,2464.6,39.48,660,0,76,0.6,2,0.191,Financiamento de veículo,Financiada,0
9213.73,27734.28,6,0.962,4779.31,51.87,794,0,19,1.5,1,0.251,Educação,Própria,0
7829.37,21506.8,48,1.392,617.25,7.88,667,0,31,3.5,2,0.229,Educação,Própria,0
17062.01,7199.0,12,2.281,692.52,4.06,685,0,14,2.4,1,0.035,Crédito pessoal,Alugada,0
3239.2,6936.7,18,0.55,405.82,12.53,865,0,25,1.8,0,0.178,Financiamento de veículo,Alugada,0
2211.31,10166.17,24,0.624,457.44,20.69,840,0,87,2.9,0,0.383,Educação,Financiada,0
2807.15,2982.23,36,2.346,123.61,4.4,768,0,27,0.5,0,0.089,Consolidação de dívidas,Própria,0
7831.34,14848.54,48,1.38,425.06,5.43,622,0,70,2.2,0,0.158,Educação,Financiada,0
7080.69,11909.52,36,2.019,468.65,6.62,753,0,29,0.5,0,0.14,Consolidação de dívidas,Própria,0
5540.35,45315.36,24,2.53,2542.22,45.89,551,1,75,0.3,4,0.682,Crédito pessoal,Alugada,1
2591.99,16427.77,24,1.209,792.73,30.58,851,0,18,1.0,1,0.528,Crédito pessoal,Alugada,0
8365.5,11296.55,24,0.992,531.27,6.35,914,0,16,8.7,1,0.113,Crédito pessoal,Alugada,0
2433.53,5124.29,60,2.385,161.47,6.64,675,1,145,3.5,3,0.175,Crédito pessoal,Alugada,0
10667.56,12468.57,60,0.994,276.9,2.6,941,0,20,0.9,0,0.097,Crédito pessoal,Financiada,0
30577.68,19670.53,36,1.329,691.02,2.26,674,0,88,0.1,2,0.054,Financiamento de veículo,Financiada,0
6526.42,3489.64,48,1.651,105.84,1.62,729,0,62,0.8,0,0.045,Crédito pessoal,Alugada,0
7464.7,9377.63,24,2.564,528.05,7.07,607,1,24,1.2,1,0.105,Consolidação de dívidas,Alugada,0
3830.85,15781.63,24,0.55,703.73,18.37,954,0,24,0.4,5,0.343,Financiamento de veículo,Financiada,0
1692.7,6416.91,36,1.056,215.21,12.71,527,0,35,4.8,1,0.316,Financiamento de veículo,Própria,0
3578.6,24013.08,24,1.615,1214.88,33.95,720,0,90,2.3,1,0.559,Crédito pessoal,Própria,0
2640.75,6827.96,36,2.208,276.89,10.49,570,4,30,2.9,0,0.215,Reforma ou serviços,Alugada,0
2120.21,19988.31,24,1.524,1000.67,47.2,757,0,70,1.0,0,0.786,Crédito pessoal,Familiar,0
15127.61,16370.83,48,1.622,493.52,3.26,615,0,57,4.2,1,0.09,Educação,Financiada,0
6158.5,14201.5,24,1.782,732.42,11.89,587,1,58,1.5,0,0.192,Reforma ou serviços,Própria,0
6580.2,13512.89,36,3.285,645.54,9.81,584,1,148,0.5,2,0.171,Consolidação de dívidas,Familiar,0
4293.34,8666.84,6,1.673,1530.2,35.64,636,0,66,3.0,1,0.168,Reforma ou serviços,Alugada,0
4671.49,3112.03,36,1.222,107.37,2.3,637,0,58,2.4,2,0.056,Financiamento de veículo,Alugada,0
9456.29,6773.12,36,1.415,241.43,2.55,855,0,9,1.7,3,0.06,Consolidação de dívidas,Familiar,0
5096.78,14617.23,48,1.803,457.63,8.98,698,0,105,5.2,0,0.239,Crédito pessoal,Própria,0
7226.02,15478.35,48,1.347,439.95,6.09,750,0,77,4.4,1,0.179,Reforma ou serviços,Alugada,0
4604.97,11847.99,24,0.988,556.93,12.09,852,0,56,0.0,1,0.214,Reforma ou serviços,Familiar,0
4206.05,7787.82,36,0.55,239.04,5.68,848,0,35,3.3,0,0.154,Financiamento de veículo,Alugada,0
2173.57,9203.85,18,2.372,634.15,29.18,575,0,9,1.0,1,0.353,Consolidação de dívidas,Própria,1
1525.7,3069.85,60,2.118,90.85,5.95,667,0,65,2.9,0,0.168,Educação,Própria,0
4421.55,9100.66,36,3.444,444.94,10.06,479,2,45,6.8,1,0.172,Crédito pessoal,Própria,1
5385.37,17175.0,18,1.577,1103.41,20.49,893,0,141,2.1,1,0.266,Consolidação de dívidas,Própria,0
2342.59,8580.62,48,2.613,315.79,13.48,518,3,70,3.6,0,0.305,Reforma ou serviços,Própria,0
5090.03,19906.34,36,1.089,671.39,13.19,928,0,49,1.2,1,0.326,Crédito pessoal,Alugada,0
5376.22,21287.35,36,0.672,667.73,12.42,683,1,170,0.6,1,0.33,Financiamento de veículo,Financiada,0
1500.0,2016.39,12,0.949,178.58,11.91,881,1,44,3.1,1,0.112,Crédito pessoal,Alugada,0
2948.46,20958.31,6,0.55,3560.6,120.76,699,0,133,3.2,1,0.592,Financiamento de veículo,Financiada,1
6693.67,29702.78,36,2.348,1231.51,18.4,583,0,7,1.8,1,0.37,Consolidação de dívidas,Alugada,0
6610.34,3236.55,12,2.588,317.2,4.8,736,0,192,9.9,1,0.041,Consolidação de dívidas,Familiar,0
2543.09,11877.19,36,0.736,376.79,14.82,800,0,89,2.8,1,0.389,Educação,Alugada,0
5736.77,4324.41,36,1.427,154.44,2.69,606,0,22,0.7,4,0.063,Financiamento de veículo,Própria,0
9801.65,3018.99,18,0.55,176.62,1.8,927,0,158,4.4,1,0.026,Reforma ou serviços,Própria,0
8418.6,25097.17,24,1.787,1295.07,15.38,813,0,5,4.3,1,0.248,Consolidação de dívidas,Própria,0
4901.7,28213.91,48,0.55,670.39,13.68,877,0,16,2.7,1,0.48,Financiamento de veículo,Alugada,0
3890.41,13769.71,36,1.414,490.7,12.61,877,0,63,1.0,1,0.295,Consolidação de dívidas,Própria,0
3520.01,26751.17,18,1.993,1783.34,50.66,896,0,106,3.4,1,0.633,Consolidação de dívidas,Alugada,0
6949.76,8692.51,24,1.352,426.56,6.14,555,0,57,0.5,2,0.104,Financiamento de veículo,Alugada,0
5868.64,4929.78,24,3.029,292.0,4.98,510,0,10,7.1,0,0.07,Crédito pessoal,Própria,0
7682.07,10575.93,6,1.788,1874.61,24.4,839,0,24,1.5,1,0.115,Consolidação de dívidas,Alugada,0
5643.03,7966.47,24,2.573,449.02,7.96,630,0,30,2.0,1,0.118,Crédito pessoal,Própria,0
8639.05,19069.01,12,1.51,1749.31,20.25,511,0,61,2.1,0,0.184,Financiamento de veículo,Própria,0
5514.09,21088.54,12,1.279,1906.94,34.58,727,0,41,9.6,0,0.319,Reforma ou serviços,Financiada,0
8458.45,6098.32,18,1.537,390.4,4.62,604,1,100,1.4,1,0.06,Reforma ou serviços,Financiada,0
8922.43,5280.92,60,2.116,156.21,1.75,614,1,9,3.4,0,0.049,Reforma ou serviços,Própria,0
3157.73,10378.7,36,1.943,403.44,12.78,535,1,70,1.6,3,0.274,Financiamento de veículo,Própria,0
1694.88,10880.7,18,1.423,689.46,40.68,730,0,16,0.4,0,0.535,Educação,Alugada,1
13539.67,24531.13,12,0.55,2118.08,15.64,947,0,119,4.0,1,0.151,Financiamento de veículo,Financiada,0
6096.94,7740.62,24,2.089,413.4,6.78,711,0,71,2.2,5,0.106,Crédito pessoal,Financiada,0
1796.21,8719.16,18,0.688,516.66,28.76,771,0,41,1.1,0,0.405,Educação,Própria,0
3340.4,29290.27,48,1.432,847.9,25.38,633,0,34,3.0,0,0.731,Reforma ou serviços,Própria,0
8391.51,25290.72,24,0.55,1127.75,13.44,796,0,59,2.6,0,0.251,Financiamento de veículo,Financiada,0
4372.17,38149.25,60,1.833,1053.58,24.1,403,1,98,0.6,3,0.727,Financiamento de veículo,Alugada,0
3785.51,12041.64,18,1.427,763.34,20.16,569,0,57,2.9,1,0.265,Financiamento de veículo,Familiar,0
12393.91,35558.77,12,0.55,3070.23,24.77,819,0,41,1.4,1,0.239,Financiamento de veículo,Financiada,0
2716.49,18335.12,48,1.209,505.77,18.62,883,1,20,2.0,1,0.562,Crédito pessoal,Financiada,0
3170.23,18742.43,36,2.667,816.42,25.75,710,0,39,0.8,0,0.493,Consolidação de dívidas,Própria,0
5928.19,7570.25,36,1.769,286.12,4.83,582,0,99,6.0,1,0.106,Reforma ou serviços,Própria,0
6624.27,22526.19,12,1.989,2128.64,32.13,679,1,79,4.5,2,0.283,Reforma ou serviços,Financiada,0
7073.75,11657.75,18,2.09,783.74,11.08,520,2,108,6.0,1,0.137,Educação,Própria,0
9148.83,53455.84,12,1.035,4759.92,52.03,929,0,19,2.1,1,0.487,Crédito pessoal,Alugada,0
5881.3,13983.68,18,1.753,912.6,15.52,629,0,10,0.6,4,0.198,Reforma ou serviços,Alugada,1
7043.3,12282.99,36,1.803,466.75,6.63,672,0,74,1.7,1,0.145,Reforma ou serviços,Familiar,0
4428.0,29886.55,48,1.594,895.54,20.22,768,0,12,1.0,2,0.562,Crédito pessoal,Financiada,0
5406.12,14874.09,60,0.55,291.73,5.4,667,0,108,0.8,1,0.229,Financiamento de veículo,Própria,0
5558.51,7582.17,24,2.281,413.77,7.44,543,0,76,4.8,0,0.114,Reforma ou serviços,Alugada,0
5941.84,4647.55,18,1.985,309.59,5.21,771,0,56,4.7,1,0.065,Consolidação de dívidas,Financiada,0
8394.97,7349.86,48,2.621,270.86,3.23,642,0,17,4.9,1,0.073,Crédito pessoal,Familiar,0
7336.41,3759.07,24,0.55,167.62,2.28,891,0,45,2.6,2,0.043,Reforma ou serviços,Financiada,0
5344.53,13084.82,24,0.733,596.55,11.16,692,0,39,1.4,4,0.204,Financiamento de veículo,Alugada,0
3148.73,14683.66,12,0.55,1267.82,40.26,790,0,58,3.4,0,0.389,Financiamento de veículo,Financiada,0
5422.81,9295.19,12,0.918,821.59,15.15,667,0,130,3.3,0,0.143,Financiamento de veículo,Familiar,0
5110.45,51048.44,12,2.646,5020.56,98.24,639,1,19,2.4,0,0.832,Consolidação de dívidas,Financiada,1
5861.65,5045.53,12,1.564,464.42,7.92,775,0,35,4.8,1,0.072,Reforma ou serviços,Financiada,0
20423.87,20504.7,36,1.296,716.3,3.51,628,1,41,2.4,0,0.084,Financiamento de veículo,Financiada,0
3758.12,11264.69,36,0.694,354.69,9.44,811,0,112,0.1,1,0.25,Educação,Financiada,0
6756.32,10322.75,12,1.47,944.61,13.98,652,0,48,1.3,0,0.127,Educação,Alugada,0
10085.56,12515.11,6,1.089,2166.07,21.48,686,0,71,2.3,2,0.103,Financiamento de veículo,Alugada,0
5525.75,17468.51,24,0.55,778.95,14.1,661,0,118,0.6,0,0.263,Financiamento de veículo,Financiada,0
22156.32,30313.59,24,2.005,1603.54,7.24,715,0,56,1.0,1,0.114,Crédito pessoal,Própria,0
4113.5,27459.75,36,1.497,992.24,24.12,756,0,35,1.1,1,0.556,Crédito pessoal,Própria,0
6357.24,7139.2,18,0.714,424.08,6.67,816,0,103,1.0,1,0.094,Educação,Financiada,0
3168.95,14519.99,24,2.633,823.83,26.0,545,1,127,2.8,1,0.382,Crédito pessoal,Familiar,0
4181.68,16101.48,36,2.139,645.93,15.45,476,2,67,0.8,1,0.321,Reforma ou serviços,Própria,0
6067.81,17153.29,6,0.55,2914.17,48.03,804,0,26,2.9,2,0.236,Financiamento de veículo,Própria,0
8787.82,5121.12,60,1.514,130.51,1.49,552,0,32,4.5,2,0.049,Financiamento de veículo,Própria,0
6337.58,17891.47,60,1.566,462.1,7.29,850,0,126,2.8,1,0.235,Consolidação de dívidas,Alugada,0
11351.05,17771.15,24,2.717,1017.61,8.96,519,1,75,2.7,2,0.13,Crédito pessoal,Familiar,0
4902.67,12529.1,36,1.329,440.15,8.98,751,0,37,3.1,0,0.213,Reforma ou serviços,Própria,0
4232.17,11577.82,24,1.982,610.86,14.43,713,1,8,0.6,2,0.228,Consolidação de dívidas,Alugada,0
27802.6,6100.75,48,0.55,144.96,0.52,927,1,77,0.5,0,0.018,Educação,Financiada,0
6639.83,7072.11,12,1.7,656.49,9.89,721,1,67,3.2,0,0.089,Crédito pessoal,Alugada,1
3328.69,18184.62,12,1.313,1647.77,49.5,569,0,76,2.3,0,0.455,Reforma ou serviços,Financiada,1
3381.15,19333.7,36,0.55,593.44,17.55,849,0,23,6.4,0,0.477,Financiamento de veículo,Financiada,0
2898.51,10756.02,18,1.27,672.24,23.19,738,0,35,4.0,1,0.309,Reforma ou serviços,Alugada,0
9293.65,17285.35,60,1.21,406.86,4.38,800,0,94,3.1,1,0.155,Reforma ou serviços,Financiada,0
4148.49,3202.71,48,1.923,102.79,2.48,723,0,3,1.5,1,0.064,Crédito pessoal,Alugada,0
5627.26,3019.28,48,0.55,71.74,1.27,876,0,35,2.1,0,0.045,Financiamento de veículo,Própria,0
4999.23,18053.41,12,1.539,1659.21,33.19,763,0,11,1.6,0,0.301,Consolidação de dívidas,Alugada,0
8184.02,19473.06,12,0.862,1715.08,20.96,629,0,20,2.5,2,0.198,Financiamento de veículo,Financiada,0
3076.15,16370.5,48,1.607,491.95,15.99,885,0,85,1.0,1,0.443,Consolidação de dívidas,Financiada,0
2669.27,3107.94,24,1.548,156.03,5.85,757,0,40,3.5,1,0.097,Crédito pessoal,Financiada,0
5975.83,15517.11,36,0.55,476.29,7.97,728,0,17,2.7,0,0.216,Financiamento de veículo,Financiada,0
7547.78,9351.99,36,2.032,368.77,4.89,627,1,63,1.7,2,0.103,Educação,Própria,0
6390.6,9050.25,48,2.975,356.52,5.58,497,1,28,0.5,1,0.118,Crédito pessoal,Familiar,0
3148.09,18074.83,36,1.404,643.07,20.43,616,1,39,1.7,1,0.478,Financiamento de veículo,Alugada,0
7914.52,14851.81,36,2.484,628.93,7.95,576,0,51,2.4,0,0.156,Crédito pessoal,Própria,0
3278.76,13978.57,36,1.273,486.45,14.84,668,0,108,1.6,0,0.355,Reforma ou serviços,Financiada,0
3763.33,18142.24,36,2.011,713.02,18.95,727,0,51,1.2,2,0.402,Crédito pessoal,Alugada,0
2896.22,9528.24,24,2.314,521.86,18.02,870,0,33,0.1,0,0.274,Consolidação de dívidas,Financiada,0
11650.82,10369.27,24,1.803,536.09,4.6,863,0,61,11.1,2,0.074,Consolidação de dívidas,Alugada,0
7701.23,33855.95,60,1.799,927.16,12.04,605,0,64,0.7,2,0.366,Reforma ou serviços,Financiada,0
7566.68,2828.94,36,1.268,98.37,1.3,519,2,30,2.5,2,0.031,Financiamento de veículo,Financiada,0
11267.58,13176.46,48,1.204,363.02,3.22,829,0,40,0.9,0,0.097,Crédito pessoal,Alugada,0
29740.24,5319.04,36,2.565,228.09,0.77,703,1,44,2.9,1,0.015,Consolidação de dívidas,Familiar,0
1802.07,15390.82,24,2.016,815.21,45.24,421,0,96,2.5,3,0.712,Financiamento de veículo,Alugada,0
3289.93,15987.42,48,1.553,474.99,14.44,632,1,3,1.4,1,0.405,Reforma ou serviços,Própria,0
3548.87,27887.12,18,1.46,1772.95,49.96,944,0,58,1.6,0,0.655,Consolidação de dívidas,Própria,1
3068.38,16836.3,18,1.374,1062.16,34.62,652,0,80,0.9,1,0.457,Reforma ou serviços,Alugada,0
2665.94,8280.61,18,0.645,488.73,18.33,793,0,94,9.9,1,0.259,Financiamento de veículo,Alugada,0
4318.35,10082.04,36,2.632,436.79,10.11,383,4,10,3.7,2,0.195,Financiamento de veículo,Alugada,0
2445.78,16243.41,36,2.322,670.68,27.42,665,0,10,2.0,0,0.553,Crédito pessoal,Financiada,0
6400.56,8815.78,24,2.831,511.11,7.99,425,0,27,1.0,2,0.115,Crédito pessoal,Própria,0
5369.38,13661.64,36,2.305,562.61,10.48,741,0,72,3.4,1,0.212,Consolidação de dívidas,Alugada,0
7006.91,10719.27,48,0.55,254.7,3.64,915,0,87,3.5,0,0.127,Financiamento de veículo,Alugada,0
7123.86,29359.38,18,0.916,1776.71,24.94,819,0,9,0.6,1,0.343,Educação,Própria,0
7557.37,8616.72,36,2.528,367.4,4.86,667,1,52,0.3,2,0.095,Consolidação de dívidas,Familiar,0
4125.33,21983.24,24,2.623,1245.89,30.2,515,2,83,1.0,0,0.444,Crédito pessoal,Alugada,0
19370.81,12050.86,48,2.376,423.55,2.19,517,1,32,1.5,1,0.052,Reforma ou serviços,Alugada,0
6013.49,32451.95,6,1.708,5736.54,95.39,786,0,56,0.3,2,0.45,Crédito pessoal,Alugada,0
1638.72,9947.51,18,0.997,606.43,37.01,858,0,15,0.7,3,0.506,Crédito pessoal,Alugada,0
2793.19,16277.76,12,1.477,1490.25,53.35,854,0,67,0.5,3,0.486,Crédito pessoal,Financiada,1
1767.47,17602.11,12,3.153,1784.49,100.96,537,1,38,4.9,1,0.83,Consolidação de dívidas,Alugada,1
5256.19,12550.95,36,0.55,385.25,7.33,890,0,35,2.4,1,0.199,Educação,Alugada,0
4821.76,16174.57,36,1.09,545.61,11.32,665,1,54,2.7,1,0.28,Financiamento de veículo,Própria,0
3889.32,12973.84,24,1.09,617.3,15.87,700,0,7,3.6,2,0.278,Educação,Alugada,0
18091.33,6801.37,48,0.912,175.6,0.97,704,0,28,1.6,3,0.031,Financiamento de veículo,Própria,0
7308.43,35313.87,36,1.792,1339.55,18.33,667,0,83,2.7,2,0.403,Crédito pessoal,Financiada,0
8156.7,15679.13,36,3.072,725.89,8.9,586,0,9,1.3,1,0.16,Consolidação de dívidas,Financiada,0
2919.44,10353.2,18,1.472,658.94,22.57,639,1,10,4.9,0,0.296,Financiamento de veículo,Própria,0
2798.79,8370.2,60,1.911,235.63,8.42,851,0,30,4.3,0,0.249,Consolidação de dívidas,Financiada,0
5320.03,16278.87,24,3.413,1004.49,18.88,514,2,43,5.7,1,0.255,Crédito pessoal,Alugada,0
5788.79,12630.9,60,2.092,371.54,6.42,757,0,52,0.7,1,0.182,Crédito pessoal,Própria,0
1645.01,12537.67,24,2.278,683.92,41.58,764,0,140,1.6,0,0.635,Consolidação de dívidas,Financiada,0
4650.0,12081.42,24,1.524,604.81,13.01,915,0,53,1.0,0,0.217,Crédito pessoal,Própria,0
5245.57,42676.73,36,1.462,1533.08,29.23,691,0,58,0.9,0,0.678,Reforma ou serviços,Alugada,0
4550.63,9666.75,48,2.573,353.0,7.76,519,1,94,1.0,0,0.177,Crédito pessoal,Alugada,0
3140.42,12651.19,18,3.006,920.35,29.31,401,1,22,3.2,1,0.336,Reforma ou serviços,Própria,1
3721.57,21932.15,60,1.344,534.81,14.37,840,0,60,0.9,0,0.491,Crédito pessoal,Financiada,0
4659.96,12347.14,6,2.015,2205.36,47.33,740,0,71,0.7,0,0.221,Crédito pessoal,Financiada,1
5501.14,10630.58,12,1.288,961.8,17.48,637,0,64,0.9,1,0.161,Educação,Familiar,0
7565.73,9038.39,12,2.403,875.97,11.58,524,0,52,0.4,2,0.1,Crédito pessoal,Financiada,0
10163.36,29602.91,24,0.55,1320.04,12.99,870,0,49,1.4,3,0.243,Reforma ou serviços,Própria,0
4332.58,16796.24,36,1.999,658.87,15.21,490,2,17,4.4,2,0.323,Educação,Alugada,0
3919.02,14826.65,48,0.867,378.91,9.67,698,0,33,8.1,4,0.315,Financiamento de veículo,Própria,0
6820.99,8374.69,24,1.806,433.12,6.35,656,1,118,1.2,1,0.102,Crédito pessoal,Alugada,0
7594.18,24084.42,36,1.065,808.96,10.65,848,0,27,4.6,3,0.264,Crédito pessoal,Financiada,0
3972.73,15097.07,36,0.55,463.4,11.66,969,0,45,6.5,0,0.317,Reforma ou serviços,Própria,0
8488.42,7490.41,24,2.559,421.54,4.97,502,0,43,0.8,1,0.074,Crédito pessoal,Familiar,0
9544.85,10908.34,24,1.937,572.6,6.0,791,0,60,1.8,0,0.095,Consolidação de dívidas,Financiada,0
11582.6,24223.91,12,1.34,2198.76,18.98,692,0,43,6.0,1,0.174,Financiamento de veículo,Própria,0
15661.69,3941.51,36,2.207,159.83,1.02,681,0,38,5.1,2,0.021,Crédito pessoal,Alugada,0
3038.85,13653.14,24,0.55,608.81,20.03,745,0,82,4.0,1,0.374,Financiamento de veículo,Financiada,0
5245.0,25560.84,48,1.909,817.91,15.59,617,1,53,1.8,0,0.406,Reforma ou serviços,Própria,0
5236.49,16741.04,24,0.8,769.4,14.69,781,0,49,2.4,0,0.266,Educação,Familiar,0
4893.23,23825.89,12,2.491,2321.42,47.44,614,0,29,1.4,1,0.406,Crédito pessoal,Financiada,0
3476.81,3116.35,24,1.422,154.18,4.43,751,0,34,4.6,1,0.075,Reforma ou serviços,Própria,0
2070.13,5489.5,24,0.754,250.92,12.12,844,0,54,1.4,1,0.221,Reforma ou serviços,Própria,0
5507.55,26696.56,18,0.943,1619.57,29.41,681,0,87,2.1,2,0.404,Financiamento de veículo,Própria,0
3229.34,7618.0,36,0.55,233.83,7.24,811,0,108,1.0,1,0.197,Financiamento de veículo,Familiar,0
5484.77,11565.08,18,1.055,708.81,12.92,628,0,58,0.7,0,0.176,Financiamento de veículo,Alugada,0
3178.32,17094.79,36,1.999,670.53,21.1,797,0,157,4.9,1,0.448,Consolidação de dívidas,Própria,0
2629.7,21628.09,24,1.92,1133.11,43.09,740,0,36,4.5,0,0.685,Crédito pessoal,Própria,0
6013.0,9870.71,6,3.224,1835.67,30.53,545,1,36,0.9,2,0.137,Crédito pessoal,Financiada,1
5710.06,8504.39,36,1.868,326.61,5.72,799,0,99,2.5,0,0.124,Crédito pessoal,Alugada,0
7447.02,5360.48,24,1.18,257.77,3.46,820,0,51,4.5,0,0.06,Crédito pessoal,Própria,0
20163.91,39921.57,48,3.193,1636.8,8.12,510,4,29,10.4,2,0.165,Crédito pessoal,Familiar,1
6175.43,14760.51,36,3.042,680.35,11.02,561,0,44,2.7,0,0.199,Crédito pessoal,Alugada,1
7024.54,41900.98,36,2.17,1689.11,24.05,659,0,19,4.3,1,0.497,Crédito pessoal,Financiada,0
2665.98,5337.8,18,1.672,345.86,12.97,629,1,39,4.3,1,0.167,Financiamento de veículo,Própria,0
2341.46,9646.15,36,2.606,416.26,17.78,801,0,17,3.8,1,0.343,Consolidação de dívidas,Familiar,0
13873.95,5944.52,36,1.571,217.45,1.57,635,1,19,1.7,3,0.036,Reforma ou serviços,Própria,1
2933.22,13920.97,48,0.933,361.15,12.31,650,0,54,2.4,1,0.395,Financiamento de veículo,Familiar,0
2722.13,19964.64,36,2.06,790.85,29.05,581,1,5,1.4,1,0.611,Reforma ou serviços,Financiada,1
5075.46,34529.88,12,1.992,3263.54,64.3,584,0,18,0.7,2,0.567,Crédito pessoal,Familiar,1
4917.2,6254.52,24,3.07,372.09,7.57,500,0,24,0.6,2,0.106,Crédito pessoal,Alugada,0
2971.61,6089.32,36,1.282,212.22,7.14,621,1,33,1.0,1,0.171,Financiamento de veículo,Financiada,0
4304.13,13056.11,48,0.592,313.3,7.28,624,0,67,5.3,0,0.253,Financiamento de veículo,Própria,0
11143.67,15476.59,18,2.445,1073.11,9.63,676,0,32,2.1,1,0.116,Consolidação de dívidas,Alugada,0
3154.86,20354.56,24,1.087,968.07,30.68,740,0,116,3.8,1,0.538,Reforma ou serviços,Financiada,0
2191.49,18013.26,48,2.642,666.5,30.41,340,0,27,6.3,0,0.685,Educação,Alugada,1
9328.43,14177.48,36,0.55,435.17,4.67,906,0,5,2.8,0,0.127,Reforma ou serviços,Própria,0
7056.03,11883.31,24,0.55,529.89,7.51,950,0,19,5.9,1,0.14,Educação,Alugada,0
3539.33,7752.05,36,0.55,237.95,6.72,928,0,53,4.6,0,0.183,Financiamento de veículo,Familiar,0
1949.78,5998.61,6,1.819,1064.38,54.59,693,0,19,1.4,0,0.256,Crédito pessoal,Financiada,1
3277.21,2525.08,24,2.465,140.65,4.29,520,3,26,2.2,0,0.064,Crédito pessoal,Financiada,0
5026.59,15040.28,24,2.793,868.39,17.28,529,2,98,0.8,2,0.249,Crédito pessoal,Alugada,0
10712.11,16490.94,12,1.791,1539.43,14.37,717,0,119,2.1,1,0.128,Crédito pessoal,Própria,0
2734.58,11935.62,60,1.609,311.67,11.4,776,0,13,12.9,0,0.364,Reforma ou serviços,Alugada,0
4934.52,25163.89,60,2.61,834.64,16.91,642,0,37,2.1,1,0.425,Consolidação de dívidas,Financiada,0
7903.05,16154.15,36,1.58,591.78,7.49,653,0,53,1.1,2,0.17,Reforma ou serviços,Alugada,0
1500.0,14220.68,18,1.389,898.38,59.89,631,0,84,0.2,0,0.79,Reforma ou serviços,Familiar,1
9871.05,61253.45,36,2.291,2516.92,25.5,689,0,32,3.0,1,0.517,Consolidação de dívidas,Alugada,0
2498.12,8482.82,48,2.584,310.41,12.43,757,0,52,0.7,0,0.283,Consolidação de dívidas,Familiar,0
6388.48,10029.97,48,2.532,363.41,5.69,543,3,94,0.5,1,0.131,Reforma ou serviços,Financiada,0
6059.35,10379.98,18,1.212,645.35,10.65,761,0,45,2.6,1,0.143,Educação,Familiar,0
10186.9,31562.5,36,0.55,968.8,9.51,833,0,3,2.6,1,0.258,Reforma ou serviços,Alugada,0
7317.23,18186.88,12,0.55,1570.3,21.46,829,0,37,4.0,3,0.207,Financiamento de veículo,Familiar,0
1500.0,3506.77,36,2.571,150.5,10.03,626,0,23,0.2,1,0.195,Consolidação de dívidas,Alugada,0
3196.62,8582.39,18,0.55,502.1,15.71,816,0,24,3.2,0,0.224,Financiamento de veículo,Própria,0
5665.22,9092.74,48,1.591,272.31,4.81,796,0,26,7.1,1,0.134,Crédito pessoal,Própria,0
4607.89,43711.94,36,1.355,1542.29,33.47,690,0,5,2.9,0,0.791,Educação,Alugada,0
6992.07,7822.17,6,1.888,1391.19,19.9,687,0,113,4.1,0,0.093,Crédito pessoal,Financiada,0
8483.01,13835.81,24,0.683,627.0,7.39,814,0,88,2.9,0,0.136,Educação,Própria,0
7582.92,4506.46,24,0.55,200.95,2.65,838,0,125,4.3,1,0.05,Financiamento de veículo,Alugada,0
4553.1,15681.21,60,2.943,559.74,12.29,405,0,164,2.8,4,0.287,Crédito pessoal,Alugada,0
1655.21,14712.93,24,2.292,803.85,48.56,773,0,51,2.3,0,0.741,Consolidação de dívidas,Financiada,0
3920.66,7685.49,12,0.856,676.65,17.26,765,0,29,5.4,0,0.163,Educação,Alugada,0
6731.56,17204.64,36,1.753,648.53,9.63,799,0,62,3.4,1,0.213,Crédito pessoal,Própria,0
2644.76,12070.71,48,1.164,329.69,12.47,816,0,64,0.7,1,0.38,Crédito pessoal,Própria,0
7690.99,13804.01,24,2.375,761.17,9.9,481,0,29,1.3,1,0.15,Crédito pessoal,Financiada,1
9132.71,21883.32,48,3.159,891.65,9.76,438,3,28,8.2,4,0.2,Crédito pessoal,Própria,0
5625.54,5665.87,18,3.319,423.17,7.52,401,0,41,0.7,0,0.084,Crédito pessoal,Alugada,0
1500.0,8060.33,18,2.68,570.32,38.02,484,0,27,0.7,0,0.448,Consolidação de dívidas,Própria,0
2354.3,7292.58,48,1.129,197.62,8.39,916,0,64,3.9,0,0.258,Reforma ou serviços,Financiada,0
16744.94,47299.28,24,2.48,2638.71,15.76,799,0,15,2.3,1,0.235,Consolidação de dívidas,Própria,0
3705.45,28517.16,60,1.646,751.69,20.29,820,0,74,7.2,0,0.641,Crédito pessoal,Própria,0
1519.66,14549.39,60,1.917,410.17,26.99,751,0,106,3.4,0,0.798,Consolidação de dívidas,Financiada,0
11184.31,28977.0,24,1.871,1509.73,13.5,676,0,120,2.9,0,0.216,Crédito pessoal,Alugada,0
5243.24,25063.49,36,0.975,828.83,15.81,724,0,181,2.9,1,0.398,Educação,Alugada,0
10316.26,4351.45,36,0.55,133.57,1.29,809,0,65,1.7,0,0.035,Financiamento de veículo,Financiada,0
6174.16,9112.6,24,2.633,517.01,8.37,528,1,13,8.1,2,0.123,Crédito pessoal,Própria,0
6909.97,11973.77,24,1.179,575.72,8.33,620,1,48,2.3,2,0.144,Educação,Familiar,0
6512.51,14030.04,48,2.459,501.14,7.7,583,0,156,1.6,1,0.18,Crédito pessoal,Familiar,0
8013.29,6731.08,24,0.55,300.15,3.75,726,0,118,1.9,1,0.07,Financiamento de veículo,Familiar,0
21341.76,5163.01,18,2.407,356.83,1.67,600,0,36,1.7,0,0.02,Consolidação de dívidas,Financiada,0
9494.21,6557.68,12,2.78,650.16,6.85,364,2,6,2.8,2,0.058,Reforma ou serviços,Familiar,1
1951.99,8108.91,24,2.413,449.06,23.01,687,0,62,1.0,1,0.346,Consolidação de dívidas,Alugada,0
6859.19,10742.79,24,2.366,591.81,8.63,753,0,12,0.3,1,0.131,Consolidação de dívidas,Própria,0
10552.65,19025.96,24,1.606,961.59,9.11,705,0,61,2.1,0,0.15,Crédito pessoal,Familiar,0
10960.89,12530.08,36,3.029,576.45,5.26,528,1,66,3.5,1,0.095,Crédito pessoal,Própria,0
3991.49,8614.57,60,0.55,168.96,4.23,746,0,114,2.9,0,0.18,Financiamento de veículo,Alugada,0
10707.28,21892.88,24,0.957,1025.34,9.58,627,1,7,2.2,1,0.17,Financiamento de veículo,Financiada,0
9242.93,11190.0,48,2.254,383.93,4.15,538,1,85,2.2,4,0.101,Educação,Alugada,0
25626.31,19346.07,36,0.748,614.94,2.4,882,0,42,2.0,1,0.063,Crédito pessoal,Financiada,0
3266.3,12995.5,48,2.591,476.2,14.58,546,2,134,1.6,1,0.332,Crédito pessoal,Própria,0
3796.46,9158.59,24,2.336,502.83,13.24,613,0,81,2.7,1,0.201,Consolidação de dívidas,Financiada,0
4301.07,14603.36,24,1.389,719.72,16.73,685,0,51,0.2,0,0.283,Reforma ou serviços,Alugada,0
3837.12,18875.9,18,2.002,1259.28,32.82,718,0,22,2.9,0,0.41,Consolidação de dívidas,Própria,0
2994.71,26879.45,36,0.55,825.05,27.55,900,0,45,1.8,0,0.748,Reforma ou serviços,Alugada,0
1500.0,5358.5,18,1.933,355.32,23.69,622,0,99,0.1,0,0.298,Reforma ou serviços,Financiada,0
3971.5,8799.5,24,2.043,467.51,11.77,691,0,45,1.4,2,0.185,Crédito pessoal,Financiada,0
6538.19,6825.93,24,1.531,341.99,5.23,747,0,44,3.7,0,0.087,Reforma ou serviços,Financiada,0
3829.99,4438.09,48,1.168,121.32,3.17,596,1,46,2.0,4,0.097,Financiamento de veículo,Alugada,0
17263.51,35534.54,36,1.307,1243.79,7.2,850,0,29,2.0,0,0.172,Crédito pessoal,Alugada,0
5243.3,12802.86,24,1.17,614.91,11.73,659,0,20,0.9,3,0.203,Financiamento de veículo,Alugada,0
11577.88,8432.03,12,0.984,748.43,6.46,788,0,23,3.7,1,0.061,Educação,Alugada,0
6114.97,34337.12,12,2.998,3449.17,56.41,483,0,49,4.5,1,0.468,Crédito pessoal,Alugada,1
8680.08,12228.44,24,2.613,692.33,7.98,609,1,88,7.8,0,0.117,Crédito pessoal,Própria,0
6182.91,12928.72,6,0.55,2196.46,35.52,927,0,54,0.6,2,0.174,Financiamento de veículo,Alugada,0
12149.71,8838.5,18,1.465,562.18,4.63,914,0,100,2.8,2,0.061,Consolidação de dívidas,Financiada,0
5383.51,3236.69,60,2.003,93.18,1.73,585,1,119,2.2,1,0.05,Reforma ou serviços,Financiada,0
7072.78,7205.0,12,2.435,699.63,9.89,485,1,162,1.2,2,0.085,Reforma ou serviços,Alugada,1
6525.94,8856.4,36,0.752,281.74,4.32,793,0,153,4.6,1,0.113,Educação,Financiada,0
4348.89,4298.84,36,1.914,166.33,3.82,488,2,14,2.3,1,0.082,Financiamento de veículo,Financiada,1
6684.21,14826.19,12,1.975,1399.82,20.94,611,1,70,0.4,0,0.185,Reforma ou serviços,Própria,0
20779.73,16965.62,12,1.629,1567.89,7.55,821,0,33,2.4,0,0.068,Consolidação de dívidas,Alugada,0
4397.4,26952.5,6,0.55,4578.95,104.13,889,0,24,4.0,0,0.511,Financiamento de veículo,Alugada,0
6744.5,8119.36,6,2.645,1481.23,21.96,690,0,39,0.5,1,0.1,Consolidação de dívidas,Alugada,0
11341.65,3636.09,48,0.881,93.22,0.82,852,0,128,2.5,2,0.027,Reforma ou serviços,Financiada,0
10544.62,11058.43,60,1.246,262.82,2.49,878,0,99,2.7,2,0.087,Crédito pessoal,Alugada,0
5237.91,5687.84,48,1.814,178.48,3.41,471,1,50,2.3,4,0.09,Financiamento de veículo,Familiar,0
1500.0,8453.31,24,0.55,376.95,25.13,963,0,78,3.5,0,0.47,Financiamento de veículo,Própria,0
7163.61,26147.44,12,1.437,2387.75,33.33,498,0,63,1.1,1,0.304,Financiamento de veículo,Financiada,0
1500.0,9555.86,36,1.973,373.25,24.88,853,0,39,7.3,2,0.531,Crédito pessoal,Financiada,0
12936.07,13294.84,18,2.738,945.38,7.31,519,1,26,3.0,0,0.086,Crédito pessoal,Financiada,0
5776.12,3201.76,12,1.002,284.51,4.93,572,0,45,9.0,0,0.046,Financiamento de veículo,Alugada,0
9664.47,10579.54,24,1.441,524.58,5.43,819,0,82,2.7,3,0.091,Crédito pessoal,Própria,0
2972.34,11999.24,12,0.723,1047.57,35.24,851,0,138,3.0,0,0.336,Reforma ou serviços,Financiada,0
1985.96,6898.62,6,1.02,1191.16,59.98,775,0,70,7.8,2,0.289,Educação,Própria,0
6112.44,7976.34,24,2.31,436.66,7.14,701,0,31,2.7,0,0.109,Consolidação de dívidas,Própria,0
5092.78,6239.29,36,2.594,268.73,5.28,518,0,21,1.2,1,0.102,Crédito pessoal,Alugada,0
3833.98,13745.23,36,1.531,499.49,13.03,864,0,62,2.7,1,0.299,Crédito pessoal,Própria,0
5480.24,20195.06,6,1.57,3553.21,64.84,584,0,8,1.1,1,0.307,Reforma ou serviços,Própria,1
28918.13,8056.61,12,0.592,697.51,2.41,768,0,224,5.2,0,0.023,Financiamento de veículo,Familiar,0
8723.88,12175.33,12,0.845,1071.18,12.28,754,0,70,7.5,0,0.116,Financiamento de veículo,Própria,0
9967.68,3486.38,18,1.386,220.19,2.21,699,0,113,3.9,0,0.029,Reforma ou serviços,Financiada,0
8774.94,22176.3,36,1.326,778.71,8.87,911,0,95,4.8,1,0.211,Crédito pessoal,Familiar,0
13012.69,7557.4,6,1.353,1319.86,10.14,829,0,69,2.7,0,0.048,Crédito pessoal,Financiada,0
4621.94,22097.51,12,0.55,1907.95,41.28,871,0,66,0.1,2,0.398,Educação,Própria,0
1500.0,10420.93,36,0.9,340.17,22.68,916,0,85,2.9,0,0.579,Consolidação de dívidas,Financiada,0
4626.2,19526.72,24,2.071,1040.7,22.5,618,0,37,3.6,2,0.352,Crédito pessoal,Alugada,0
8601.48,11620.6,24,1.022,548.47,6.38,739,0,50,3.1,4,0.113,Educação,Familiar,0
2850.18,23442.03,12,2.179,2241.08,78.63,621,0,88,0.3,0,0.685,Educação,Própria,0
4661.38,8762.04,18,2.402,605.3,12.99,576,0,14,1.1,2,0.157,Crédito pessoal,Própria,0
3386.38,28781.55,18,1.14,1777.68,52.49,561,0,49,2.8,0,0.708,Financiamento de veículo,Alugada,0
13196.04,16806.16,60,2.312,520.63,3.95,726,0,45,2.7,0,0.106,Consolidação de dívidas,Própria,0
8275.69,15303.87,24,0.937,715.04,8.64,756,0,7,3.5,0,0.154,Educação,Financiada,0
7788.23,11858.56,12,0.776,1038.79,13.34,771,0,74,6.3,0,0.127,Financiamento de veículo,Própria,0
7645.0,15177.46,36,2.346,629.09,8.23,790,0,58,2.7,1,0.165,Consolidação de dívidas,Financiada,0
5081.28,14099.32,48,0.55,335.02,6.59,854,0,49,8.6,3,0.231,Financiamento de veículo,Financiada,0
5877.57,46078.56,6,0.964,7940.9,135.11,518,0,100,0.4,1,0.653,Financiamento de veículo,Alugada,1
2493.89,5840.49,24,0.973,274.05,10.99,937,0,89,0.3,0,0.195,Crédito pessoal,Financiada,0
1500.0,10779.19,24,2.316,590.49,39.37,583,0,94,3.4,2,0.599,Crédito pessoal,Familiar,0
5707.09,7082.65,36,2.042,279.76,4.9,785,0,45,4.8,0,0.103,Crédito pessoal,Alugada,0
6356.85,9251.89,12,1.773,862.69,13.57,683,1,36,3.2,0,0.121,Reforma ou serviços,Própria,1
11005.58,14176.92,12,3.237,1444.45,13.12,418,0,57,12.1,1,0.107,Consolidação de dívidas,Financiada,0
13775.43,41366.08,24,0.96,1937.95,14.07,880,0,68,7.3,0,0.25,Educação,Alugada,0
13764.02,19817.45,24,0.632,892.58,6.48,855,0,80,5.6,1,0.12,Educação,Própria,0
2800.74,7031.24,36,1.162,240.12,8.57,717,0,24,0.9,3,0.209,Educação,Alugada,0
4179.76,11333.41,36,1.273,394.42,9.44,921,0,65,0.8,0,0.226,Consolidação de dívidas,Alugada,0
7003.89,32100.66,48,2.644,1188.36,16.97,685,0,108,5.4,2,0.382,Consolidação de dívidas,Alugada,0
24989.09,9191.08,36,1.532,334.04,1.34,760,0,26,3.0,1,0.031,Crédito pessoal,Financiada,0
13017.83,15431.38,60,2.244,470.51,3.61,661,0,7,5.6,1,0.099,Crédito pessoal,Alugada,0
10409.15,18792.26,36,0.55,576.82,5.54,785,0,3,2.2,0,0.15,Financiamento de veículo,Própria,0
4088.71,11954.77,36,0.55,366.95,8.97,816,0,36,0.2,1,0.244,Financiamento de veículo,Financiada,0
3007.4,7255.64,48,1.567,216.19,7.19,856,0,20,3.5,1,0.201,Crédito pessoal,Alugada,0
8480.6,16779.37,24,2.257,913.16,10.77,722,0,71,2.3,1,0.165,Crédito pessoal,Familiar,0
2628.07,22976.6,12,0.826,2019.06,76.83,594,0,63,0.1,2,0.729,Financiamento de veículo,Própria,0
4485.4,10009.28,48,0.826,253.44,5.65,970,0,9,8.3,2,0.186,Crédito pessoal,Própria,0
4842.82,9520.83,12,0.55,822.05,16.97,881,0,105,4.2,3,0.164,Educação,Alugada,0
13960.95,23878.33,18,0.55,1396.96,10.01,948,0,28,3.8,2,0.143,Educação,Própria,0
4173.46,22229.57,36,2.136,891.34,21.36,425,4,22,4.4,1,0.444,Financiamento de veículo,Financiada,0
1500.0,7590.75,12,0.55,655.4,43.69,715,1,61,0.5,2,0.422,Financiamento de veículo,Financiada,0
7109.37,5977.64,12,1.574,550.57,7.74,694,1,33,6.5,3,0.07,Reforma ou serviços,Financiada,0
3371.19,13097.4,48,1.498,384.54,11.41,882,0,57,0.4,2,0.324,Crédito pessoal,Própria,0
5339.27,25252.51,24,1.419,1248.84,23.39,813,0,43,3.2,0,0.394,Crédito pessoal,Financiada,0
4927.84,6932.4,24,1.128,331.34,6.72,765,0,113,1.9,2,0.117,Educação,Familiar,0
4388.39,11302.31,18,2.769,805.82,18.36,679,0,58,1.7,3,0.215,Consolidação de dívidas,Alugada,0
8488.14,6080.69,24,2.858,353.56,4.17,620,2,39,2.8,1,0.06,Consolidação de dívidas,Alugada,0
2010.3,8322.15,36,2.322,343.62,17.09,548,0,48,6.0,0,0.345,Reforma ou serviços,Própria,1
3773.9,11374.12,48,3.126,460.65,12.21,585,1,97,2.4,1,0.251,Consolidação de dívidas,Financiada,1
7946.74,27775.49,24,1.622,1406.34,17.7,697,0,24,0.1,0,0.291,Educação,Própria,0
3553.48,11195.54,24,2.276,610.59,17.18,757,0,74,8.9,1,0.263,Crédito pessoal,Alugada,0
1917.84,5944.71,36,0.929,195.05,10.17,647,0,50,8.0,1,0.258,Financiamento de veículo,Alugada,0
7870.83,41297.93,18,0.739,2458.74,31.24,902,0,51,1.5,0,0.437,Educação,Alugada,1
10433.04,27932.34,36,2.202,1131.77,10.85,762,1,20,1.9,1,0.223,Consolidação de dívidas,Própria,0
5056.94,5413.24,60,3.216,204.74,4.05,488,0,36,1.3,0,0.089,Consolidação de dívidas,Alugada,0
1541.78,7937.49,12,1.43,724.52,46.99,855,0,30,1.1,1,0.429,Crédito pessoal,Familiar,0
8055.54,25064.28,24,1.306,1223.34,15.19,775,0,49,5.6,0,0.259,Educação,Alugada,0
1858.05,10967.62,12,1.539,1007.95,54.25,760,0,14,1.7,1,0.492,Crédito pessoal,Alugada,0
6297.26,16964.25,12,2.263,1630.16,25.89,728,0,6,2.6,1,0.224,Consolidação de dívidas,Familiar,0
2999.46,11825.98,36,1.729,443.99,14.8,686,1,33,1.5,2,0.329,Crédito pessoal,Financiada,0
2533.39,4020.23,18,1.809,263.66,10.41,669,0,99,2.5,2,0.132,Crédito pessoal,Própria,0
3953.79,10175.72,18,1.568,653.26,16.52,838,0,70,4.3,1,0.214,Consolidação de dívidas,Própria,0
4641.39,3362.12,24,1.595,169.71,3.66,558,1,46,0.4,1,0.06,Financiamento de veículo,Financiada,0
3487.72,10501.06,36,0.728,332.66,9.54,739,0,21,2.0,0,0.251,Financiamento de veículo,Alugada,0
7490.64,15778.24,18,2.254,1076.11,14.37,713,0,3,5.2,0,0.176,Crédito pessoal,Familiar,0
3943.61,13745.92,24,1.087,653.81,16.58,687,0,28,1.7,1,0.29,Financiamento de veículo,Financiada,0
9548.43,27368.26,48,1.83,861.71,9.02,811,0,41,4.0,1,0.239,Consolidação de dívidas,Alugada,0
6190.32,60901.26,12,2.312,5869.67,94.82,906,0,18,2.0,1,0.82,Consolidação de dívidas,Financiada,1
3374.25,10811.57,12,2.463,1051.6,31.17,602,1,66,0.3,0,0.267,Crédito pessoal,Familiar,0
3039.75,15266.76,24,0.797,701.42,23.07,589,0,65,2.5,1,0.419,Financiamento de veículo,Alugada,0
1872.38,14894.5,18,2.118,1003.87,53.61,585,1,33,0.3,0,0.663,Crédito pessoal,Própria,1
6227.12,15655.74,60,3.487,625.92,10.05,466,4,43,0.6,1,0.21,Crédito pessoal,Alugada,1
4173.75,24768.08,12,0.55,2138.54,51.24,709,0,42,2.5,2,0.495,Financiamento de veículo,Própria,0
1500.0,10952.71,18,2.08,735.7,49.05,670,0,62,1.8,0,0.608,Crédito pessoal,Alugada,0
3730.4,15370.25,6,0.55,2611.25,70.0,787,0,23,1.2,2,0.343,Financiamento de veículo,Familiar,0
2974.33,4955.4,6,2.378,895.99,30.12,809,0,212,1.5,0,0.139,Consolidação de dívidas,Financiada,0
13812.57,15695.66,12,1.994,1483.63,10.74,625,1,14,3.5,0,0.095,Crédito pessoal,Alugada,0
1809.29,11234.95,24,1.502,561.03,31.01,710,0,23,2.7,1,0.517,Educação,Alugada,0
2127.66,18705.36,18,1.737,1219.03,57.29,720,0,55,1.4,1,0.733,Crédito pessoal,Própria,1
10348.48,6450.42,24,0.845,298.07,2.88,828,0,139,9.1,1,0.052,Reforma ou serviços,Própria,0
12059.49,19978.56,24,2.78,1151.93,9.55,585,0,31,2.8,0,0.138,Crédito pessoal,Financiada,0
3276.48,19754.24,12,0.56,1706.68,52.09,715,0,21,0.5,1,0.502,Financiamento de veículo,Familiar,1
3514.04,9354.08,36,1.582,342.81,9.76,452,1,38,2.7,1,0.222,Financiamento de veículo,Própria,0
7619.61,14396.16,18,2.733,1023.23,13.43,483,1,76,1.3,1,0.157,Crédito pessoal,Alugada,0
1500.0,9721.03,24,1.449,482.46,32.16,479,1,78,0.7,1,0.54,Financiamento de veículo,Financiada,0
1640.04,10250.14,48,1.794,320.33,19.53,710,0,69,2.9,0,0.521,Consolidação de dívidas,Financiada,0
4369.3,31748.39,48,1.999,1034.95,23.69,534,1,149,2.2,2,0.606,Reforma ou serviços,Alugada,0
13593.49,3602.28,48,2.703,134.86,0.99,499,1,79,3.1,1,0.022,Consolidação de dívidas,Alugada,0
3968.97,10262.48,24,2.513,574.6,14.48,603,1,90,0.1,1,0.215,Consolidação de dívidas,Própria,0
5535.82,3123.59,12,1.158,280.3,5.06,714,0,96,2.5,1,0.047,Reforma ou serviços,Familiar,0
10502.44,27851.65,24,0.55,1241.95,11.83,886,0,18,2.5,0,0.221,Financiamento de veículo,Familiar,0
19200.32,10637.73,48,0.55,252.76,1.32,760,0,42,9.2,0,0.046,Financiamento de veículo,Familiar,0
3636.47,4050.25,48,3.136,164.34,4.52,547,1,24,4.8,1,0.093,Consolidação de dívidas,Financiada,0
5146.0,12619.2,24,1.479,628.49,12.21,486,0,26,1.5,2,0.204,Educação,Própria,0
16092.17,5882.06,36,2.809,261.8,1.63,376,3,35,3.3,0,0.03,Reforma ou serviços,Própria,0
2023.63,8194.2,12,0.978,727.03,35.93,758,0,61,0.1,0,0.337,Educação,Financiada,0
9833.15,29685.63,6,1.479,5206.85,52.95,515,1,135,2.9,2,0.252,Financiamento de veículo,Alugada,0
2765.73,6165.11,48,1.149,167.82,6.07,785,0,73,4.8,0,0.186,Reforma ou serviços,Alugada,0
5541.09,20788.04,60,0.55,407.72,7.36,898,0,64,3.0,1,0.313,Financiamento de veículo,Própria,0
4473.79,8819.07,36,0.55,270.7,6.05,938,0,36,4.0,0,0.164,Financiamento de veículo,Própria,0
2871.09,11403.9,18,2.228,776.03,27.03,736,0,144,2.6,3,0.331,Crédito pessoal,Financiada,0
2826.77,15595.99,12,0.555,1347.05,47.65,864,0,13,0.6,2,0.46,Crédito pessoal,Alugada,0
6172.08,10720.7,6,1.501,1881.82,30.49,552,0,80,0.8,1,0.145,Financiamento de veículo,Própria,0
9639.73,40353.54,6,0.933,6946.83,72.06,812,0,7,2.5,0,0.349,Reforma ou serviços,Financiada,0
4798.11,38541.25,18,2.31,2641.4,55.05,678,0,52,1.2,1,0.669,Consolidação de dívidas,Própria,0
5431.03,11209.96,18,1.657,725.38,13.36,460,0,97,3.1,1,0.172,Financiamento de veículo,Familiar,0
7409.67,17280.19,18,1.801,1132.52,15.28,671,0,48,0.7,1,0.194,Crédito pessoal,Própria,0
2846.97,6003.19,48,1.47,175.23,6.16,806,0,115,3.1,0,0.176,Crédito pessoal,Alugada,0
8225.74,14291.78,12,2.842,1422.25,17.29,569,0,21,2.7,1,0.145,Crédito pessoal,Familiar,1
8642.15,22716.51,12,2.421,2203.98,25.5,700,0,2,11.5,2,0.219,Crédito pessoal,Própria,0
26125.37,13312.62,24,1.662,677.2,2.59,756,0,14,1.0,1,0.042,Crédito pessoal,Alugada,0
4118.44,18779.07,36,2.282,770.51,18.71,516,1,37,1.3,2,0.38,Crédito pessoal,Própria,1
3914.34,8586.8,24,1.699,438.65,11.21,468,1,61,1.6,1,0.183,Financiamento de veículo,Alugada,0
8376.39,7424.85,36,1.97,289.91,3.46,753,0,28,5.9,1,0.074,Consolidação de dívidas,Familiar,0
8640.87,10873.64,36,1.962,424.01,4.91,622,0,52,4.3,1,0.105,Educação,Familiar,0
3731.85,15707.71,12,1.606,1449.6,38.84,782,0,70,0.5,2,0.351,Consolidação de dívidas,Própria,0
4049.92,29789.14,36,1.524,1081.28,26.7,754,0,23,0.2,0,0.613,Consolidação de dívidas,Própria,0
7272.93,12431.06,12,1.552,1143.35,15.72,741,0,23,1.2,1,0.142,Crédito pessoal,Própria,0
3112.91,19065.4,36,1.722,714.96,22.97,529,1,11,2.5,1,0.51,Financiamento de veículo,Familiar,0
4031.46,7202.38,48,2.358,252.26,6.26,515,0,115,1.4,1,0.149,Crédito pessoal,Financiada,0
5497.02,26332.7,12,0.944,2331.42,42.41,815,0,116,1.9,2,0.399,Reforma ou serviços,Familiar,0
9642.12,10714.75,12,1.449,979.24,10.16,873,0,52,0.6,0,0.093,Crédito pessoal,Própria,0
3574.44,12086.93,60,1.04,271.81,7.6,813,0,15,2.5,0,0.282,Crédito pessoal,Própria,0
1659.27,14445.15,60,1.367,354.39,21.36,832,0,130,2.2,1,0.725,Crédito pessoal,Alugada,0
1584.66,4107.41,24,1.388,202.41,12.77,852,0,23,1.2,0,0.216,Crédito pessoal,Própria,0
2381.72,6376.66,12,2.496,621.51,26.09,593,0,12,5.1,1,0.223,Crédito pessoal,Alugada,1
2303.65,10394.87,36,0.727,329.2,14.29,859,0,23,1.2,0,0.376,Reforma ou serviços,Alugada,0
4724.68,10642.77,24,2.443,591.31,12.52,673,0,20,1.1,1,0.188,Crédito pessoal,Própria,1
2488.18,5425.36,24,1.119,259.02,10.41,700,0,16,2.9,2,0.182,Educação,Familiar,0
3363.39,13312.01,36,2.808,592.43,17.61,615,0,27,5.3,1,0.33,Consolidação de dívidas,Financiada,1
3217.89,16781.59,18,0.961,1019.69,31.69,729,0,49,0.7,2,0.435,Financiamento de veículo,Financiada,0
3957.23,10934.26,36,0.55,335.62,8.48,772,0,79,2.9,0,0.23,Financiamento de veículo,Alugada,0
11806.04,10897.27,36,1.804,414.22,3.51,839,0,39,4.7,2,0.077,Crédito pessoal,Familiar,0
7838.65,30625.24,12,1.739,2849.65,36.35,664,0,39,0.8,1,0.326,Crédito pessoal,Alugada,0
5252.26,14830.44,24,0.55,661.31,12.59,821,0,38,0.9,0,0.235,Financiamento de veículo,Familiar,0
3907.21,33958.24,24,0.778,1556.63,39.84,774,0,12,0.6,1,0.724,Financiamento de veículo,Financiada,0
3975.12,20913.48,24,0.55,932.56,23.46,942,0,78,3.0,0,0.438,Financiamento de veículo,Familiar,0
6371.67,23149.51,24,0.55,1032.27,16.2,758,0,97,0.7,0,0.303,Financiamento de veículo,Alugada,0
7469.61,19896.56,36,0.921,651.88,8.73,906,0,126,4.9,1,0.222,Reforma ou serviços,Financiada,0
2962.21,7874.85,24,3.219,476.01,16.07,493,1,34,1.2,0,0.222,Consolidação de dívidas,Financiada,0
5318.95,18376.34,18,2.897,1324.53,24.9,491,1,121,1.9,0,0.288,Consolidação de dívidas,Financiada,0
1500.0,5370.74,36,1.079,180.83,12.06,885,0,85,2.3,1,0.298,Reforma ou serviços,Própria,0
5929.39,8271.07,18,2.766,589.53,9.94,593,0,17,4.9,2,0.116,Consolidação de dívidas,Própria,0
8341.07,23052.99,12,0.818,2024.81,24.28,752,0,23,7.1,1,0.23,Reforma ou serviços,Própria,0
4371.11,12302.93,60,0.55,241.3,5.52,824,0,50,2.6,2,0.235,Financiamento de veículo,Própria,0
16037.11,7760.78,36,0.55,238.21,1.49,802,0,39,4.0,1,0.04,Financiamento de veículo,Alugada,0
3011.06,9123.18,18,0.939,553.23,18.37,805,0,14,0.8,0,0.252,Reforma ou serviços,Financiada,0
5950.48,5840.14,18,0.55,341.67,5.74,904,0,50,6.4,1,0.082,Financiamento de veículo,Própria,0
5085.77,17746.25,24,1.735,910.29,17.9,644,0,50,3.6,1,0.291,Crédito pessoal,Financiada,0
4886.49,10332.85,36,1.587,379.01,7.76,825,0,84,12.1,0,0.176,Consolidação de dívidas,Própria,0
4844.18,11766.36,36,3.208,555.77,11.47,572,3,30,2.0,2,0.202,Consolidação de dívidas,Financiada,1
5557.03,18907.61,24,2.537,1061.48,19.1,712,0,24,0.9,0,0.284,Consolidação de dívidas,Financiada,0
8796.84,17924.7,48,1.257,499.64,5.68,766,0,11,2.1,1,0.17,Crédito pessoal,Alugada,0
12217.33,5968.55,24,1.898,311.94,2.55,659,0,57,5.3,2,0.041,Crédito pessoal,Alugada,0
5192.75,6112.39,36,1.144,208.11,4.01,638,2,52,6.5,1,0.098,Educação,Alugada,0
8620.6,13320.09,48,0.55,316.5,3.67,799,0,138,2.7,2,0.129,Financiamento de veículo,Alugada,0
3365.45,22372.41,24,2.533,1255.42,37.3,647,0,80,0.4,0,0.554,Crédito pessoal,Familiar,0
8360.77,8653.11,12,1.536,795.09,9.51,870,0,30,1.9,0,0.086,Crédito pessoal,Alugada,0
3242.11,8844.87,36,0.55,271.49,8.37,788,0,47,0.7,0,0.227,Financiamento de veículo,Alugada,0
10225.33,15499.24,48,0.55,368.28,3.6,823,0,14,5.3,0,0.126,Financiamento de veículo,Familiar,0
20476.05,15300.98,24,2.123,820.34,4.01,617,0,34,3.1,1,0.062,Crédito pessoal,Própria,0
4820.93,10935.01,36,2.722,480.28,9.96,466,0,53,1.5,0,0.189,Crédito pessoal,Alugada,0
1500.0,12460.58,24,1.268,605.42,40.36,698,0,142,1.5,0,0.692,Educação,Financiada,0
3701.93,7288.81,6,1.247,1268.36,34.26,727,0,20,1.4,1,0.164,Reforma ou serviços,Alugada,1
11160.95,41647.95,36,2.131,1668.43,14.95,640,0,112,1.7,3,0.311,Crédito pessoal,Própria,0
7327.0,11282.28,24,0.982,529.97,7.23,740,0,56,0.8,1,0.128,Reforma ou serviços,Financiada,0
6067.73,46953.71,60,1.122,1079.54,17.79,819,0,79,3.6,1,0.645,Reforma ou serviços,Familiar,0
9718.52,2921.3,6,0.55,496.3,5.11,834,0,46,2.4,1,0.025,Financiamento de veículo,Financiada,0
7021.8,4134.46,48,1.124,111.93,1.59,966,0,26,3.5,3,0.049,Reforma ou serviços,Própria,0
11063.47,13188.21,12,2.578,1291.77,11.68,652,0,108,2.5,1,0.099,Consolidação de dívidas,Financiada,0
9195.38,28781.27,12,1.08,2570.18,27.95,734,0,32,6.4,1,0.261,Educação,Própria,0
13357.97,16562.68,24,1.259,803.9,6.02,686,0,76,2.9,2,0.103,Financiamento de veículo,Financiada,0
6495.52,12955.43,12,2.993,1300.95,20.03,551,1,15,0.9,1,0.166,Crédito pessoal,Própria,0
9114.98,17191.08,36,0.583,530.8,5.82,693,0,19,2.5,1,0.157,Financiamento de veículo,Alugada,0
4298.39,13789.46,36,3.292,659.46,15.34,380,1,7,0.3,2,0.267,Reforma ou serviços,Alugada,1
3581.4,8860.77,48,0.55,210.54,5.88,874,0,42,1.0,0,0.206,Financiamento de veículo,Financiada,0
14982.08,9664.28,48,1.953,312.07,2.08,586,0,56,2.3,1,0.054,Crédito pessoal,Alugada,0
5945.92,31462.54,18,1.568,2019.78,33.97,735,0,47,5.3,0,0.441,Crédito pessoal,Alugada,0
8565.0,8216.13,36,2.315,338.89,3.96,580,1,11,5.2,4,0.08,Crédito pessoal,Alugada,0
5614.64,11328.62,60,2.363,355.17,6.33,690,0,19,1.5,1,0.168,Crédito pessoal,Alugada,0
3614.74,6958.76,18,1.511,444.45,12.3,699,0,78,0.7,3,0.16,Reforma ou serviços,Familiar,0
5235.53,25869.15,24,1.953,1360.47,25.99,696,0,29,3.0,2,0.412,Crédito pessoal,Alugada,0
12666.68,33524.91,12,2.2,3209.14,25.34,503,0,49,2.8,0,0.221,Reforma ou serviços,Própria,0
7336.83,12352.25,60,2.593,408.17,5.56,524,5,27,0.7,3,0.14,Financiamento de veículo,Alugada,1
1799.57,15157.13,60,0.55,297.28,16.52,831,0,72,3.1,0,0.702,Financiamento de veículo,Própria,0
4550.36,15349.42,36,0.919,502.69,11.05,628,0,28,0.8,2,0.281,Financiamento de veículo,Financiada,1
15700.32,21473.98,6,2.298,3872.33,24.66,686,0,39,5.5,0,0.114,Crédito pessoal,Própria,0
4554.45,31912.73,24,0.55,1423.04,31.24,841,0,93,0.3,0,0.584,Financiamento de veículo,Familiar,0
1702.95,5299.49,48,2.064,175.02,10.28,854,0,48,0.8,0,0.259,Consolidação de dívidas,Alugada,0
16816.3,6544.89,12,1.68,606.8,3.61,729,0,21,2.2,1,0.032,Crédito pessoal,Financiada,0
7938.64,9415.54,24,2.176,507.8,6.4,589,2,64,3.8,1,0.099,Reforma ou serviços,Alugada,0
4979.11,10197.58,12,2.165,974.07,19.56,856,0,11,1.9,2,0.171,Consolidação de dívidas,Própria,0
4130.42,16285.3,48,1.047,433.35,10.49,621,1,21,3.7,1,0.329,Financiamento de veículo,Própria,0
10172.79,14116.23,36,3.658,711.58,6.99,379,2,12,1.3,1,0.116,Crédito pessoal,Financiada,1
3715.93,7767.56,36,1.375,275.02,7.4,726,0,73,3.6,1,0.174,Crédito pessoal,Financiada,0
10597.07,13273.59,18,2.242,904.31,8.53,758,0,61,4.9,2,0.104,Consolidação de dívidas,Alugada,0
7277.74,16425.8,24,0.998,773.01,10.62,890,0,68,0.8,2,0.188,Crédito pessoal,Alugada,0
6051.83,8060.07,36,1.572,294.87,4.87,554,0,54,0.9,0,0.111,Financiamento de veículo,Alugada,0
5690.95,3049.58,12,1.803,284.88,5.01,646,0,107,0.9,0,0.045,Crédito pessoal,Familiar,0
4665.42,7293.38,36,0.815,234.59,5.03,890,0,53,7.4,0,0.13,Educação,Própria,0
9943.86,31097.17,24,3.172,1870.46,18.81,489,1,29,3.1,2,0.261,Consolidação de dívidas,Financiada,1
3040.88,2169.83,24,2.526,121.67,4.0,660,0,22,0.5,3,0.059,Consolidação de dívidas,Financiada,0
1902.3,7502.98,36,0.587,231.84,12.19,753,0,53,0.9,2,0.329,Financiamento de veículo,Alugada,0
7611.13,9306.42,6,0.656,1586.87,20.85,849,0,101,10.7,0,0.102,Educação,Familiar,0
7690.81,21761.94,24,1.725,1115.1,14.5,699,0,15,2.2,1,0.236,Crédito pessoal,Financiada,0
7003.49,6711.03,24,2.128,359.99,5.14,663,0,67,1.6,3,0.08,Consolidação de dívidas,Alugada,1
6695.6,2302.58,12,2.154,219.8,3.28,777,0,39,0.3,3,0.029,Consolidação de dívidas,Alugada,0
4262.79,7544.93,12,0.55,651.45,15.28,923,0,91,0.7,1,0.147,Educação,Financiada,0
8473.11,12731.61,24,0.903,592.39,6.99,682,1,9,6.2,0,0.125,Financiamento de veículo,Familiar,0
5055.18,18499.25,48,0.707,455.85,9.02,938,0,138,2.3,0,0.305,Crédito pessoal,Alugada,0
3844.52,5059.61,36,2.374,210.62,5.48,644,0,39,0.8,1,0.11,Consolidação de dívidas,Alugada,1
4285.71,18368.68,24,0.55,819.09,19.11,680,0,8,10.2,2,0.357,Financiamento de veículo,Familiar,0
18200.61,14279.52,60,2.958,511.38,2.81,543,1,14,3.2,0,0.065,Crédito pessoal,Familiar,0
1773.53,7407.83,24,0.9,344.57,19.43,715,0,151,12.0,1,0.348,Financiamento de veículo,Alugada,0
7088.88,15228.49,6,0.783,2608.09,36.79,871,0,66,0.6,0,0.179,Reforma ou serviços,Própria,0
1836.04,10852.0,48,0.55,257.86,14.04,791,0,35,0.4,0,0.493,Financiamento de veículo,Familiar,0
4862.51,15754.39,60,1.427,392.55,8.07,910,0,174,1.8,0,0.27,Crédito pessoal,Própria,0
3974.14,10326.31,60,1.436,257.94,6.49,783,0,52,0.3,1,0.217,Crédito pessoal,Própria,0
1500.0,4805.74,12,2.404,465.78,31.05,666,0,87,1.3,2,0.267,Crédito pessoal,Familiar,0
6618.45,40913.71,24,1.215,1975.68,29.85,859,1,19,3.2,0,0.515,Crédito pessoal,Alugada,0
4108.41,3450.18,24,0.55,153.85,3.74,779,0,34,2.9,0,0.07,Financiamento de veículo,Familiar,0
1500.0,5479.16,24,2.945,321.6,21.44,451,1,51,2.2,1,0.304,Consolidação de dívidas,Financiada,0
8751.2,30688.06,18,1.686,1990.92,22.75,558,0,31,2.8,3,0.292,Financiamento de veículo,Alugada,0
12658.92,4870.94,6,1.28,848.57,6.7,543,0,106,4.5,0,0.032,Financiamento de veículo,Alugada,0
13099.0,26698.39,12,3.068,2693.1,20.56,454,1,65,2.3,0,0.17,Crédito pessoal,Alugada,0
6496.16,17621.6,12,2.04,1670.35,25.71,700,0,14,0.1,0,0.226,Consolidação de dívidas,Financiada,1
5350.63,5461.43,24,2.56,307.4,5.75,606,0,37,0.6,1,0.085,Consolidação de dívidas,Familiar,0
11847.49,28564.9,12,0.809,2507.37,21.16,613,0,23,1.0,3,0.201,Financiamento de veículo,Própria,0
14757.28,32941.11,24,2.0,1741.58,11.8,705,0,66,5.0,0,0.186,Consolidação de dívidas,Familiar,0
10501.01,14318.64,12,0.879,1262.46,12.02,848,0,31,1.2,0,0.114,Crédito pessoal,Alugada,0
2900.56,7554.13,36,0.746,240.04,8.28,865,0,8,2.8,0,0.217,Reforma ou serviços,Própria,0
5891.39,35633.3,48,1.642,1078.79,18.31,748,1,58,0.2,1,0.504,Crédito pessoal,Própria,0
6828.87,4121.21,36,0.55,126.5,1.85,916,0,30,3.1,2,0.05,Financiamento de veículo,Financiada,0
1693.33,15293.87,12,1.25,1380.44,81.52,788,0,116,0.3,1,0.753,Crédito pessoal,Própria,0
6956.4,4958.18,12,2.402,480.5,6.91,381,1,16,4.6,2,0.059,Educação,Própria,1
21283.1,21264.74,48,1.899,679.15,3.19,670,1,24,2.8,1,0.083,Reforma ou serviços,Financiada,0
7732.4,12756.81,24,1.146,610.99,7.9,525,0,36,3.7,0,0.137,Financiamento de veículo,Alugada,1
12963.98,13660.64,36,1.57,499.61,3.85,507,1,61,2.9,3,0.088,Financiamento de veículo,Familiar,0
5824.46,28960.88,36,0.739,919.19,15.78,754,0,92,0.9,1,0.414,Financiamento de veículo,Própria,0
4969.22,4534.39,12,0.55,391.51,7.88,902,0,34,0.2,1,0.076,Financiamento de veículo,Alugada,0
6586.66,23489.52,18,2.536,1641.57,24.92,627,0,52,0.1,4,0.297,Consolidação de dívidas,Própria,0
3135.68,8334.35,36,1.413,296.98,9.47,818,0,10,0.9,0,0.221,Crédito pessoal,Alugada,0
2860.85,15044.66,6,2.433,2725.2,95.26,544,1,24,1.9,1,0.438,Reforma ou serviços,Financiada,1
11401.76,25974.3,24,2.071,1384.43,12.14,604,1,32,2.1,1,0.19,Educação,Financiada,0
12176.54,25043.82,12,0.751,2190.28,17.99,884,0,36,9.4,0,0.171,Reforma ou serviços,Alugada,0
2812.78,21924.61,24,0.863,1015.26,36.09,706,0,72,5.6,1,0.65,Financiamento de veículo,Alugada,0
9476.53,7480.87,24,1.323,365.83,3.86,573,2,157,1.6,0,0.066,Financiamento de veículo,Alugada,0
4927.06,21843.05,24,2.016,1156.9,23.48,452,0,25,6.2,2,0.369,Financiamento de veículo,Financiada,0
6419.5,24212.29,24,2.176,1305.79,20.34,565,0,66,1.6,0,0.314,Reforma ou serviços,Alugada,0
6917.08,14946.4,18,0.55,874.42,12.64,847,0,105,0.5,2,0.18,Financiamento de veículo,Familiar,0
9632.63,22067.92,24,1.102,1051.47,10.92,958,0,102,2.1,1,0.191,Consolidação de dívidas,Financiada,0
5473.64,15009.84,24,2.328,823.41,15.04,717,0,20,3.4,0,0.229,Crédito pessoal,Financiada,0
12465.43,6065.07,24,3.055,360.25,2.89,514,2,98,1.6,1,0.041,Consolidação de dívidas,Alugada,1
6299.65,10461.45,24,1.574,526.81,8.36,767,0,15,7.0,2,0.138,Crédito pessoal,Familiar,0
7657.25,10005.04,24,0.55,446.14,5.83,973,0,15,1.1,0,0.109,Crédito pessoal,Própria,0
3101.97,14297.05,24,1.802,739.07,23.83,797,0,47,3.8,2,0.384,Crédito pessoal,Familiar,0
19826.65,10513.52,18,1.745,685.64,3.46,700,0,31,2.7,1,0.044,Crédito pessoal,Financiada,0
6958.4,51397.39,36,1.968,2006.23,28.83,772,0,123,0.7,0,0.616,Consolidação de dívidas,Alugada,0
8090.71,19433.47,24,0.55,866.57,10.71,820,0,7,1.7,1,0.2,Financiamento de veículo,Própria,0
1918.58,13430.04,12,2.063,1274.82,66.45,828,0,47,4.1,0,0.583,Crédito pessoal,Financiada,0
3122.34,17170.18,12,1.247,1549.49,49.63,699,0,88,2.5,1,0.458,Financiamento de veículo,Alugada,0
11202.61,19014.74,24,2.063,1012.5,9.04,562,0,7,1.9,0,0.141,Reforma ou serviços,Própria,0
6212.3,23431.39,6,1.877,4165.8,67.06,748,0,33,4.2,2,0.314,Consolidação de dívidas,Alugada,1
1587.43,15390.08,12,1.952,1450.98,91.4,726,1,86,0.9,1,0.808,Crédito pessoal,Alugada,1
9898.65,10487.42,12,0.971,930.06,9.4,668,1,44,4.2,1,0.088,Financiamento de veículo,Familiar,0
3711.79,6702.96,48,2.021,219.46,5.91,578,3,44,2.8,0,0.15,Financiamento de veículo,Alugada,0
12474.36,16520.41,24,3.125,988.64,7.93,631,2,93,10.3,0,0.11,Crédito pessoal,Financiada,0
4924.39,32861.85,48,2.0,1071.35,21.76,788,0,62,8.9,0,0.556,Consolidação de dívidas,Familiar,0
5903.69,12526.56,24,1.0,589.67,9.99,875,0,24,0.9,3,0.177,Reforma ou serviços,Financiada,0
10800.69,7154.74,36,1.152,243.92,2.26,868,0,137,2.3,1,0.055,Educação,Alugada,0
2980.86,20838.27,24,0.854,963.92,32.34,893,0,39,2.2,1,0.583,Reforma ou serviços,Alugada,0
2809.74,15282.33,18,0.55,894.07,31.82,824,0,14,4.6,1,0.453,Educação,Financiada,0
4603.56,4328.11,48,1.922,138.86,3.02,686,0,46,0.1,1,0.078,Crédito pessoal,Própria,0
8684.2,16282.75,48,0.758,405.92,4.67,698,0,42,7.3,1,0.156,Financiamento de veículo,Financiada,0
2278.49,14051.14,36,1.205,483.41,21.22,711,0,61,1.2,1,0.514,Reforma ou serviços,Própria,0
1848.69,3087.17,36,1.223,106.53,5.76,880,0,68,4.5,1,0.139,Crédito pessoal,Própria,0
8665.64,22856.17,24,1.167,1097.42,12.66,780,0,11,2.0,2,0.22,Crédito pessoal,Própria,0
3578.03,5687.97,12,0.829,499.92,13.97,926,0,36,6.7,0,0.132,Consolidação de dívidas,Financiada,0
4077.48,12093.78,24,0.909,563.13,13.81,837,0,63,1.2,1,0.247,Reforma ou serviços,Financiada,0
1644.5,3506.47,36,0.854,113.55,6.9,840,0,44,3.5,0,0.178,Reforma ou serviços,Familiar,0
3413.34,26894.46,24,2.43,1492.22,43.72,425,1,29,1.9,2,0.657,Financiamento de veículo,Alugada,1
5175.66,27880.38,60,0.55,546.82,10.57,875,0,77,0.4,0,0.449,Financiamento de veículo,Alugada,0
9258.04,5282.38,36,1.942,205.3,2.22,713,0,76,1.3,0,0.048,Crédito pessoal,Própria,0
3223.59,3340.01,12,0.55,288.38,8.95,854,0,0,0.1,0,0.086,Educação,Financiada,0
14530.24,4706.04,12,1.072,420.04,2.89,547,2,52,1.9,1,0.027,Financiamento de veículo,Própria,0
3401.56,19019.5,12,2.944,1904.35,55.98,458,1,61,2.7,0,0.466,Crédito pessoal,Alugada,1
3404.65,2707.15,24,1.996,143.07,4.2,693,0,36,6.5,1,0.066,Crédito pessoal,Alugada,0
13488.27,8805.62,60,1.456,221.07,1.64,510,1,49,3.7,3,0.054,Financiamento de veículo,Alugada,0
5928.46,27356.91,60,0.992,607.28,10.24,807,0,39,11.6,1,0.385,Reforma ou serviços,Própria,0
3692.87,15809.91,36,1.691,589.87,15.97,709,0,59,5.0,1,0.357,Reforma ou serviços,Alugada,0
4723.15,4126.61,18,2.336,283.46,6.0,660,0,30,0.7,1,0.073,Consolidação de dívidas,Própria,0
12031.93,16146.88,60,3.466,642.82,5.34,542,2,31,2.4,0,0.112,Consolidação de dívidas,Própria,1
12906.16,7025.91,60,0.731,145.08,1.12,723,0,39,3.7,0,0.045,Financiamento de veículo,Alugada,0
3133.8,8794.02,36,2.498,373.23,11.91,624,0,60,1.2,2,0.234,Crédito pessoal,Alugada,0
5064.98,9273.15,6,2.061,1658.89,32.75,607,0,66,2.6,1,0.153,Educação,Financiada,1
5498.94,10092.14,18,0.785,603.41,10.97,628,0,112,1.0,0,0.153,Financiamento de veículo,Própria,0
2821.28,13157.54,24,3.208,794.46,28.16,535,3,16,1.9,1,0.389,Crédito pessoal,Própria,0
5023.54,8235.17,18,1.688,534.36,10.64,737,0,5,5.8,1,0.137,Reforma ou serviços,Financiada,0
5217.19,8474.73,36,0.666,265.52,5.09,933,0,76,1.1,2,0.135,Educação,Familiar,0
10544.33,26621.29,24,0.844,1230.0,11.67,841,0,46,0.3,1,0.21,Reforma ou serviços,Própria,0
10993.04,14044.72,60,0.55,275.46,2.51,937,0,7,9.9,0,0.106,Educação,Financiada,0
4239.94,6384.12,24,2.034,338.83,7.99,847,0,38,4.2,2,0.125,Crédito pessoal,Alugada,0
4554.01,15059.66,6,0.914,2590.84,56.89,936,0,92,3.0,0,0.276,Consolidação de dívidas,Alugada,0
7850.05,4800.42,12,2.428,465.93,5.94,625,1,30,7.1,1,0.051,Reforma ou serviços,Financiada,0
3617.71,15201.6,12,2.066,1443.29,39.9,697,1,52,4.4,2,0.35,Consolidação de dívidas,Alugada,0
7490.35,20954.93,18,0.761,1250.1,16.69,739,0,25,1.2,0,0.233,Educação,Própria,0
4924.17,25027.96,36,0.725,792.36,16.09,715,0,17,9.0,2,0.424,Financiamento de veículo,Financiada,0
2850.89,11260.39,36,0.624,350.21,12.28,731,0,83,2.7,2,0.329,Financiamento de veículo,Própria,0
2873.18,6423.3,48,1.927,206.3,7.18,738,0,27,3.8,3,0.186,Reforma ou serviços,Própria,0
12753.87,9315.78,6,0.55,1582.65,12.41,730,0,35,1.3,2,0.061,Financiamento de veículo,Financiada,0
4719.38,27670.89,36,2.453,1166.19,24.71,626,0,46,0.5,1,0.489,Crédito pessoal,Própria,0
14377.7,11162.77,24,2.073,595.1,4.14,695,0,24,1.0,1,0.065,Crédito pessoal,Própria,0
3781.82,12317.23,18,1.63,795.1,21.02,800,0,200,3.3,0,0.271,Consolidação de dívidas,Alugada,0
6228.94,22804.31,36,1.505,825.17,13.25,846,0,75,0.7,0,0.305,Crédito pessoal,Alugada,0
22922.48,41459.09,12,1.282,3749.65,16.36,741,0,13,3.4,1,0.151,Reforma ou serviços,Alugada,0
2699.53,13253.62,6,1.654,2338.59,86.63,736,0,88,4.3,1,0.409,Reforma ou serviços,Própria,1
1603.22,6572.69,24,0.55,293.09,18.28,870,0,53,0.9,5,0.342,Educação,Própria,0
11546.06,45673.53,36,3.634,2294.45,19.87,423,2,58,1.7,1,0.33,Crédito pessoal,Financiada,1
3114.4,18287.74,24,1.344,896.55,28.79,875,0,39,0.2,0,0.489,Crédito pessoal,Financiada,0
5133.67,14382.36,36,1.282,501.24,9.76,867,0,35,5.5,2,0.233,Consolidação de dívidas,Alugada,0
3616.08,14194.62,18,2.266,969.09,26.8,570,0,88,1.0,2,0.327,Consolidação de dívidas,Própria,0
6140.58,26908.12,24,1.375,1323.91,21.56,674,0,17,7.4,0,0.365,Financiamento de veículo,Alugada,0
2884.43,8718.61,36,1.378,308.81,10.71,718,0,101,3.0,2,0.252,Reforma ou serviços,Alugada,0
4651.06,14289.01,24,1.142,684.09,14.71,896,0,48,6.2,0,0.256,Crédito pessoal,Própria,0
6872.61,23814.18,36,0.836,768.71,11.19,882,0,12,0.3,1,0.289,Reforma ou serviços,Alugada,0
2782.94,8786.91,6,1.207,1526.95,54.87,764,0,9,3.7,2,0.263,Reforma ou serviços,Financiada,1
3368.97,18169.32,36,2.3,747.68,22.19,553,2,25,3.8,0,0.449,Reforma ou serviços,Financiada,0
4192.43,13028.84,48,1.475,380.7,9.08,786,0,29,5.2,0,0.259,Consolidação de dívidas,Alugada,0
2144.26,19404.92,36,3.504,956.85,44.62,508,2,9,0.7,0,0.754,Consolidação de dívidas,Própria,1
4001.51,12955.02,24,0.988,608.96,15.22,815,1,63,1.0,1,0.27,Educação,Própria,0
5597.46,8951.14,18,1.22,556.92,9.95,632,0,70,5.3,1,0.133,Financiamento de veículo,Financiada,0
4059.01,3927.52,12,1.648,363.41,8.95,729,0,67,0.2,0,0.081,Crédito pessoal,Alugada,0
4394.73,3934.59,48,2.208,133.76,3.04,714,0,82,0.6,1,0.075,Consolidação de dívidas,Própria,0
5136.23,4199.03,60,0.55,82.36,1.6,845,0,31,3.6,0,0.068,Reforma ou serviços,Alugada,0
3462.87,9125.64,12,2.847,908.45,26.23,538,0,56,1.2,0,0.22,Crédito pessoal,Própria,0
7981.43,8720.79,24,2.384,481.39,6.03,600,1,81,1.4,1,0.091,Crédito pessoal,Própria,0
12666.56,5860.45,18,1.399,370.57,2.93,659,0,63,7.7,2,0.039,Crédito pessoal,Própria,0
3899.09,13116.87,12,0.55,1132.54,29.05,932,0,52,1.3,2,0.28,Financiamento de veículo,Própria,0
7025.04,7061.85,36,1.43,252.35,3.59,685,0,104,3.4,0,0.084,Educação,Própria,0
4482.12,10551.75,60,2.137,313.73,7.0,749,0,33,5.5,0,0.196,Crédito pessoal,Própria,0
6522.52,20884.35,24,1.782,1077.11,16.51,719,0,33,1.4,1,0.267,Consolidação de dívidas,Própria,0
13728.06,11044.89,48,2.088,366.57,2.67,750,0,48,3.7,6,0.067,Crédito pessoal,Financiada,0
7127.98,11052.4,48,1.555,328.5,4.61,577,1,48,7.1,0,0.129,Financiamento de veículo,Alugada,0
1731.77,11977.23,36,1.795,454.58,26.25,461,2,47,4.1,0,0.576,Financiamento de veículo,Própria,0
6890.45,5115.2,36,2.61,220.85,3.21,615,1,10,2.9,1,0.062,Crédito pessoal,Alugada,1
11167.79,17239.6,12,0.929,1524.86,13.65,680,0,89,5.7,2,0.129,Financiamento de veículo,Familiar,0
4532.48,14253.94,36,2.253,582.23,12.85,662,0,56,4.6,2,0.262,Consolidação de dívidas,Familiar,0
9640.3,10753.34,12,2.353,1038.99,10.78,528,1,3,2.0,3,0.093,Educação,Financiada,0
3389.85,15027.94,36,2.339,622.17,18.35,782,0,6,2.4,0,0.369,Consolidação de dívidas,Alugada,0
2070.16,7663.8,60,0.55,150.31,7.26,825,0,103,4.8,1,0.309,Financiamento de veículo,Alugada,0
5675.64,8327.47,18,0.9,503.18,8.87,691,0,28,0.6,3,0.122,Financiamento de veículo,Alugada,0
1750.05,16799.97,24,1.203,810.06,46.29,605,1,46,1.9,1,0.8,Financiamento de veículo,Própria,0
4481.69,9834.7,24,1.653,499.77,11.15,802,0,18,0.8,2,0.183,Crédito pessoal,Financiada,0
11547.87,22559.6,12,1.337,2047.29,17.73,917,0,209,3.8,1,0.163,Consolidação de dívidas,Alugada,0
1591.39,13276.43,6,1.303,2314.74,145.45,670,0,41,0.5,1,0.695,Financiamento de veículo,Alugada,1
2352.25,12505.5,36,1.79,474.22,20.16,686,0,29,4.1,1,0.443,Consolidação de dívidas,Alugada,0
2742.3,15287.59,48,0.651,371.88,13.56,924,0,84,3.3,1,0.465,Reforma ou serviços,Financiada,0
4999.81,3870.68,18,1.042,236.96,4.74,888,0,16,1.6,1,0.065,Crédito pessoal,Alugada,0
4145.05,7822.78,36,1.677,291.2,7.03,575,0,92,4.4,0,0.157,Educação,Alugada,0
12380.51,10650.54,36,0.55,326.91,2.64,716,0,38,1.6,4,0.072,Financiamento de veículo,Própria,0
9396.66,14464.57,18,3.059,1056.96,11.25,494,0,73,4.2,0,0.128,Crédito pessoal,Familiar,0
7069.06,11296.36,18,0.55,660.88,9.35,888,0,53,0.7,0,0.133,Educação,Alugada,0
5691.36,16275.68,48,1.399,467.82,8.22,866,0,36,1.0,0,0.238,Crédito pessoal,Própria,0
6635.68,26291.01,24,2.123,1409.48,21.24,605,0,10,5.5,0,0.33,Crédito pessoal,Alugada,0
3047.22,6112.4,60,0.681,124.45,4.08,831,0,48,5.6,0,0.167,Educação,Financiada,0
8847.45,20775.08,48,1.623,626.43,7.08,818,0,22,3.5,0,0.196,Crédito pessoal,Financiada,0
2609.58,7632.89,48,0.55,181.37,6.95,848,0,47,11.4,1,0.244,Financiamento de veículo,Familiar,0
8728.49,16094.24,12,0.55,1389.62,15.92,805,0,79,8.3,0,0.154,Financiamento de veículo,Alugada,0
10848.94,14246.19,24,1.567,716.79,6.61,492,1,63,2.9,1,0.109,Financiamento de veículo,Financiada,0
5926.27,17114.0,12,1.544,1573.33,26.55,816,0,2,0.6,0,0.241,Crédito pessoal,Financiada,0
4661.82,12185.55,24,2.254,662.96,14.22,699,0,33,4.1,2,0.218,Consolidação de dívidas,Financiada,0
6664.87,6123.17,60,1.897,171.77,2.58,649,0,26,2.5,1,0.077,Reforma ou serviços,Financiada,0
1500.0,4308.84,36,2.469,182.05,12.14,579,1,28,3.5,1,0.239,Reforma ou serviços,Financiada,0
6271.77,21122.79,18,0.686,1251.5,19.95,853,0,50,3.8,1,0.281,Reforma ou serviços,Própria,0
4847.09,7860.99,18,0.55,459.9,9.49,756,0,30,0.8,0,0.135,Financiamento de veículo,Familiar,0
5039.31,3645.28,12,0.722,318.22,6.31,880,0,22,0.6,1,0.06,Educação,Alugada,0
8058.35,22290.58,12,1.57,2052.5,25.47,564,1,13,4.1,0,0.231,Educação,Própria,1
4964.45,8035.84,12,1.8,750.57,15.12,465,0,32,3.4,1,0.135,Financiamento de veículo,Financiada,0
2564.41,16919.79,24,1.815,875.96,34.16,721,0,75,0.3,0,0.55,Crédito pessoal,Alugada,0
4763.53,10136.23,24,1.858,527.31,11.07,702,0,78,1.0,1,0.177,Crédito pessoal,Alugada,0
5422.42,31828.75,24,1.308,1553.77,28.65,909,0,54,0.6,3,0.489,Crédito pessoal,Financiada,0
5584.07,16815.78,12,0.55,1451.92,26.0,777,0,5,2.2,0,0.251,Financiamento de veículo,Alugada,0
5749.13,8468.23,18,3.503,642.17,11.17,557,1,50,1.9,2,0.123,Crédito pessoal,Própria,0
9905.27,5795.34,24,1.67,295.07,2.98,772,1,112,2.0,1,0.049,Crédito pessoal,Alugada,0
2652.01,5681.13,12,1.482,520.26,19.62,758,0,14,2.2,1,0.179,Crédito pessoal,Financiada,0
5798.46,14573.65,12,1.544,1339.74,23.11,844,0,30,2.7,1,0.209,Reforma ou serviços,Financiada,0
11569.99,8821.8,36,0.55,270.78,2.34,829,0,75,3.8,0,0.064,Financiamento de veículo,Própria,0
1773.93,3549.92,12,1.74,330.34,18.62,758,0,6,0.6,1,0.167,Consolidação de dívidas,Alugada,0
5812.67,11873.08,18,1.792,777.52,13.38,719,0,31,1.9,0,0.17,Crédito pessoal,Familiar,0
3617.29,32108.47,12,1.349,2916.09,80.62,680,0,129,6.1,2,0.74,Financiamento de veículo,Financiada,0
4132.23,16736.87,12,0.575,1447.38,35.03,767,0,119,1.0,0,0.338,Financiamento de veículo,Financiada,0
2967.38,8784.15,48,1.213,242.48,8.17,815,0,120,5.9,3,0.247,Crédito pessoal,Alugada,0
4681.12,15556.81,48,3.072,623.85,13.33,559,0,31,1.2,0,0.277,Consolidação de dívidas,Alugada,0
16284.88,22026.87,24,0.663,995.74,6.11,772,0,103,5.8,1,0.113,Financiamento de veículo,Própria,0
2374.32,7185.19,12,1.482,658.01,27.71,739,0,51,3.4,0,0.252,Reforma ou serviços,Própria,0
2518.09,11631.36,36,0.654,363.69,14.44,908,0,21,2.1,3,0.385,Crédito pessoal,Alugada,0
2319.75,6277.18,12,1.184,564.23,24.32,903,0,26,2.9,0,0.225,Consolidação de dívidas,Financiada,0
15175.13,10484.21,36,1.44,375.24,2.47,442,1,60,5.3,0,0.058,Financiamento de veículo,Financiada,0
3904.02,5761.8,36,1.191,197.75,5.07,595,1,5,0.5,0,0.123,Financiamento de veículo,Alugada,0
5117.99,22537.78,36,3.041,1038.61,20.29,635,1,39,6.6,0,0.367,Consolidação de dívidas,Financiada,0
4050.88,3073.4,18,1.264,191.97,4.74,616,0,47,3.0,0,0.063,Reforma ou serviços,Alugada,0
2895.38,8708.97,18,0.55,509.5,17.6,955,0,68,0.6,0,0.251,Educação,Financiada,0
4494.55,8297.17,18,0.55,485.41,10.8,804,0,7,4.5,0,0.154,Financiamento de veículo,Alugada,0
23873.51,9360.35,36,1.409,333.32,1.4,718,0,39,3.4,3,0.033,Educação,Financiada,0
12326.39,40050.82,60,2.461,1284.42,10.42,693,0,82,4.2,1,0.271,Crédito pessoal,Financiada,0
3064.36,11207.27,24,1.521,560.88,18.3,651,0,151,1.8,1,0.305,Educação,Alugada,1
7769.1,30153.37,18,2.537,2107.54,27.13,603,1,21,4.0,1,0.323,Crédito pessoal,Familiar,0
3105.31,15412.63,36,1.795,584.98,18.84,727,0,102,1.0,1,0.414,Crédito pessoal,Financiada,0
1728.6,8876.01,24,1.749,456.06,26.38,729,0,79,1.4,0,0.428,Crédito pessoal,Familiar,0
9784.07,11314.12,12,1.835,1059.03,10.82,685,1,114,4.6,1,0.096,Reforma ou serviços,Própria,0
10675.12,23563.98,24,0.641,1062.43,9.95,665,0,6,8.2,3,0.184,Financiamento de veículo,Financiada,0
9946.4,8985.49,36,1.248,311.39,3.13,919,0,71,3.7,1,0.075,Crédito pessoal,Financiada,0
3885.85,10162.3,24,1.515,508.24,13.08,512,1,100,4.2,0,0.218,Financiamento de veículo,Própria,0
4689.18,9627.16,36,2.048,380.63,8.12,362,0,43,3.9,1,0.171,Financiamento de veículo,Financiada,0
8277.27,6594.01,36,0.702,207.94,2.51,836,1,34,6.3,2,0.066,Educação,Financiada,0
6628.55,13786.57,24,0.554,615.08,9.28,899,0,48,0.7,1,0.173,Crédito pessoal,Financiada,0
4073.91,18652.95,60,2.067,545.35,13.39,596,0,95,2.8,2,0.382,Reforma ou serviços,Alugada,0
1905.67,7351.69,36,1.261,255.34,13.4,691,0,22,2.6,1,0.321,Educação,Financiada,0
5580.4,7876.85,24,1.086,374.59,6.71,642,1,20,2.9,0,0.118,Financiamento de veículo,Alugada,0
10151.73,56997.19,24,2.368,3140.45,30.94,602,0,3,3.0,2,0.468,Reforma ou serviços,Alugada,0
2474.79,10573.64,6,2.172,1898.66,76.72,525,0,40,2.1,0,0.356,Reforma ou serviços,Própria,1
7726.76,19681.96,36,2.131,788.56,10.21,619,1,12,4.9,0,0.212,Crédito pessoal,Própria,0
6386.68,14047.56,36,2.185,567.63,8.89,638,1,40,0.8,1,0.183,Consolidação de dívidas,Própria,0
8279.23,30377.62,18,0.592,1784.2,21.55,850,0,18,4.2,0,0.306,Educação,Familiar,0
8928.81,13489.25,36,0.969,445.65,4.99,675,0,27,3.1,1,0.126,Financiamento de veículo,Alugada,0
3380.72,13518.87,36,1.275,470.59,13.92,674,1,31,2.7,0,0.333,Reforma ou serviços,Financiada,1
1908.17,4411.52,12,1.355,400.81,21.01,754,0,49,1.6,1,0.193,Educação,Própria,0
3735.48,11651.21,18,1.259,727.48,19.47,541,0,52,4.9,2,0.26,Financiamento de veículo,Própria,0
9024.27,14639.09,60,2.454,468.72,5.19,668,1,36,1.9,3,0.135,Consolidação de dívidas,Própria,0
3715.88,8040.72,6,2.558,1462.61,39.36,652,1,30,2.7,2,0.18,Consolidação de dívidas,Familiar,0
3381.61,12807.89,48,1.264,357.57,10.57,763,0,27,5.3,3,0.316,Crédito pessoal,Financiada,0
1681.05,11200.95,48,1.604,336.36,20.01,741,0,9,2.9,0,0.555,Crédito pessoal,Financiada,0
15414.37,7142.49,36,1.77,269.99,1.75,497,1,95,0.9,3,0.039,Financiamento de veículo,Familiar,0
8676.35,17577.64,24,1.465,874.03,10.07,809,0,21,1.3,0,0.169,Crédito pessoal,Financiada,0
8381.23,14162.47,18,3.138,1041.78,12.43,497,2,44,3.0,1,0.141,Consolidação de dívidas,Financiada,1
9474.92,6196.62,12,0.55,535.03,5.65,878,0,14,2.1,0,0.055,Financiamento de veículo,Familiar,0
7435.14,23591.73,12,2.598,2313.49,31.12,560,0,70,3.5,1,0.264,Crédito pessoal,Própria,0
4469.04,10172.73,24,1.844,528.36,11.82,650,0,45,0.4,2,0.19,Educação,Alugada,0
4697.94,8531.71,48,3.451,366.33,7.8,376,0,55,0.6,2,0.151,Consolidação de dívidas,Alugada,0
3989.11,33482.63,12,1.829,3132.92,78.54,656,0,13,7.6,1,0.699,Crédito pessoal,Alugada,0
26634.25,10950.19,18,3.785,849.94,3.19,453,2,57,7.3,2,0.034,Crédito pessoal,Familiar,1
7339.89,32445.6,12,1.799,3030.34,41.29,565,2,6,1.4,2,0.368,Financiamento de veículo,Própria,0
3900.49,20656.86,36,1.423,737.28,18.9,648,0,25,5.6,1,0.441,Educação,Própria,0
6939.76,14991.35,36,0.55,460.15,6.63,796,0,15,0.9,0,0.18,Financiamento de veículo,Financiada,0
2778.52,16922.98,48,2.321,588.37,21.18,418,0,45,3.5,2,0.508,Financiamento de veículo,Financiada,0
13216.32,24656.18,18,2.42,1706.01,12.91,367,1,100,7.1,1,0.155,Educação,Alugada,0
3451.45,8001.06,36,1.403,284.6,8.25,923,0,65,1.1,1,0.193,Consolidação de dívidas,Financiada,0
7094.58,10740.37,24,1.9,561.47,7.91,843,0,114,0.4,0,0.126,Consolidação de dívidas,Própria,0
10070.04,25959.69,60,2.651,868.98,8.63,521,0,46,4.1,0,0.215,Crédito pessoal,Própria,0
6600.96,29729.51,36,1.621,1096.57,16.61,705,0,71,1.0,1,0.375,Crédito pessoal,Familiar,0
5513.67,4356.88,12,0.55,376.18,6.82,939,0,87,1.1,2,0.066,Financiamento de veículo,Própria,0
5234.94,6273.12,18,1.316,393.67,7.52,586,1,86,0.6,0,0.1,Financiamento de veículo,Financiada,0
5021.18,6997.45,36,2.748,308.56,6.15,490,3,13,1.2,0,0.116,Crédito pessoal,Alugada,0
3636.81,11083.2,36,1.814,421.92,11.6,803,0,21,1.4,1,0.254,Consolidação de dívidas,Financiada,0
3935.27,6939.42,24,3.018,410.55,10.43,433,1,80,0.9,0,0.147,Reforma ou serviços,Própria,0
13013.73,21753.21,18,2.355,1496.63,11.5,716,0,115,1.8,2,0.139,Crédito pessoal,Própria,0
4861.59,4936.18,18,0.55,288.78,5.94,879,0,19,4.6,0,0.085,Financiamento de veículo,Própria,0
3194.61,10291.45,18,1.358,648.32,20.29,670,0,22,2.9,1,0.268,Educação,Familiar,0
3775.58,9799.67,12,0.756,857.33,22.71,686,0,64,0.4,0,0.216,Financiamento de veículo,Própria,0
10287.08,25806.34,24,0.865,1195.35,11.62,818,0,30,3.2,3,0.209,Crédito pessoal,Financiada,0
7905.31,13516.79,12,2.399,1309.68,16.57,520,1,83,0.8,0,0.142,Reforma ou serviços,Financiada,0
7360.02,5338.89,18,1.568,342.73,4.66,898,0,68,4.2,1,0.06,Consolidação de dívidas,Familiar,1
4432.64,17331.78,18,1.39,1094.97,24.7,611,0,91,0.9,0,0.326,Financiamento de veículo,Financiada,0
7419.74,7185.74,12,1.315,651.2,8.78,632,0,34,4.9,0,0.081,Financiamento de veículo,Familiar,0
3489.12,5932.58,24,1.422,293.51,8.41,572,0,28,4.7,3,0.142,Financiamento de veículo,Financiada,0
4426.89,31104.37,36,1.97,1214.53,27.44,592,1,22,3.2,0,0.586,Educação,Própria,0
9487.14,10264.0,48,0.824,259.74,2.74,607,0,113,1.1,1,0.09,Financiamento de veículo,Própria,0
8941.57,19930.91,24,1.928,1045.14,11.69,502,3,13,3.2,0,0.186,Financiamento de veículo,Própria,0
2828.86,9935.69,12,0.55,857.87,30.33,904,0,12,1.8,0,0.293,Financiamento de veículo,Alugada,0
3059.44,16719.19,18,0.55,978.13,31.97,851,0,47,2.3,0,0.455,Financiamento de veículo,Alugada,0
5562.54,30386.82,24,0.816,1399.27,25.16,803,0,28,5.3,2,0.455,Financiamento de veículo,Própria,0
15163.04,16034.43,36,1.437,573.6,3.78,744,0,87,3.3,1,0.088,Reforma ou serviços,Própria,0
1585.67,10798.77,18,0.786,645.71,40.72,896,0,11,4.2,1,0.568,Reforma ou serviços,Alugada,0
6179.42,5421.05,36,2.394,226.37,3.66,571,0,36,0.5,0,0.073,Crédito pessoal,Financiada,0
2215.57,6261.24,36,1.169,214.08,9.66,773,0,7,1.0,2,0.236,Reforma ou serviços,Alugada,0
3509.15,19792.64,36,1.791,750.65,21.39,568,4,32,0.8,0,0.47,Financiamento de veículo,Própria,1
4148.36,12554.57,36,0.55,385.36,9.29,816,0,46,4.2,2,0.252,Financiamento de veículo,Financiada,0
4006.6,13215.73,18,1.463,840.47,20.98,627,2,41,6.1,0,0.275,Financiamento de veículo,Financiada,0
3734.84,19347.13,36,2.541,826.52,22.13,774,0,39,1.2,1,0.432,Consolidação de dívidas,Alugada,0
5223.29,10212.65,18,2.29,698.7,13.38,797,0,69,0.9,0,0.163,Consolidação de dívidas,Alugada,0
3731.46,18301.4,48,1.824,575.53,15.42,781,0,18,1.7,0,0.409,Consolidação de dívidas,Própria,0
2100.0,14305.01,12,3.135,1448.68,68.99,375,5,56,0.8,0,0.568,Reforma ou serviços,Própria,1
8433.21,14835.3,36,1.606,545.82,6.47,473,1,37,1.9,0,0.147,Financiamento de veículo,Alugada,0
8293.23,10982.85,48,0.949,285.93,3.45,904,0,32,1.8,1,0.11,Crédito pessoal,Alugada,0
8770.79,9387.17,18,0.55,549.18,6.26,729,0,61,3.2,1,0.089,Financiamento de veículo,Familiar,0
2000.51,9300.21,18,1.619,599.75,29.98,485,0,49,0.3,0,0.387,Financiamento de veículo,Própria,0
6258.8,14374.06,12,0.55,1241.09,19.83,785,0,59,1.2,2,0.191,Financiamento de veículo,Financiada,0
7907.13,44679.88,24,2.398,2470.24,31.24,602,1,146,7.3,0,0.471,Crédito pessoal,Familiar,1
2743.72,9959.8,12,1.817,931.23,33.94,420,1,37,0.4,1,0.303,Financiamento de veículo,Própria,1
5229.66,11875.68,36,1.05,397.85,7.61,660,1,12,2.3,0,0.189,Financiamento de veículo,Financiada,0
4838.35,15543.28,24,1.294,757.58,15.66,812,0,19,2.1,0,0.268,Crédito pessoal,Própria,0
16293.92,4583.46,12,1.838,429.12,2.63,534,1,112,10.8,1,0.023,Educação,Financiada,0
17147.39,13056.75,36,2.116,521.86,3.04,792,0,31,2.6,0,0.063,Crédito pessoal,Alugada,0
1852.91,7185.32,48,0.55,170.73,9.21,872,0,68,6.8,0,0.323,Educação,Própria,0
24407.57,41378.31,60,2.505,1340.17,5.49,567,3,41,2.7,2,0.141,Financiamento de veículo,Própria,0
2948.27,7470.87,12,0.552,645.13,21.88,656,0,16,1.1,1,0.211,Financiamento de veículo,Alugada,0
9551.29,5354.55,48,1.407,154.2,1.61,601,0,49,3.7,0,0.047,Educação,Familiar,0
9491.22,4051.56,36,0.728,128.33,1.35,799,0,23,2.3,1,0.036,Reforma ou serviços,Própria,0
2804.8,8016.64,60,1.142,185.31,6.61,755,0,26,2.4,2,0.238,Reforma ou serviços,Própria,0
7060.28,1729.5,18,1.011,105.58,1.5,451,2,41,1.2,0,0.02,Financiamento de veículo,Familiar,0
4864.62,15107.48,24,1.234,731.17,15.03,778,0,8,1.1,0,0.259,Educação,Própria,0
7332.7,16580.3,24,2.659,943.41,12.87,508,2,67,4.5,1,0.188,Crédito pessoal,Própria,0
5999.5,6389.96,48,1.881,203.31,3.39,463,1,29,1.5,0,0.089,Financiamento de veículo,Financiada,0
10917.74,26052.78,12,1.548,2395.72,21.94,621,0,74,1.1,0,0.199,Financiamento de veículo,Alugada,0
5448.86,12408.83,24,1.08,589.72,10.82,709,0,72,3.0,2,0.19,Educação,Própria,1
4685.99,12536.37,24,1.039,592.85,12.65,838,0,36,3.6,0,0.223,Reforma ou serviços,Própria,0
10259.65,26143.12,60,1.903,734.57,7.16,635,0,46,10.9,1,0.212,Crédito pessoal,Alugada,0
7452.16,31611.2,48,1.499,928.38,12.46,751,0,57,2.4,0,0.353,Reforma ou serviços,Própria,0
8185.65,6727.17,60,1.084,153.1,1.87,823,0,31,2.3,3,0.068,Reforma ou serviços,Alugada,0
3443.94,4969.12,36,1.172,169.99,4.94,595,3,6,3.1,1,0.12,Financiamento de veículo,Própria,0
2719.9,10649.96,18,2.031,712.32,26.19,651,0,48,0.5,1,0.326,Reforma ou serviços,Alugada,0
3657.1,7920.08,36,2.956,360.4,9.85,452,1,86,1.1,2,0.18,Crédito pessoal,Própria,0
3538.66,8020.34,48,2.387,282.49,7.98,655,0,23,3.3,0,0.189,Consolidação de dívidas,Própria,0
8466.37,28111.86,18,1.363,1771.75,20.93,893,0,77,3.2,4,0.277,Crédito pessoal,Própria,0
9523.56,6943.37,36,2.0,272.41,2.86,843,0,14,1.4,1,0.061,Consolidação de dívidas,Alugada,0
4723.16,12533.66,12,2.365,1211.91,25.66,507,0,34,1.5,0,0.221,Crédito pessoal,Alugada,1
12626.89,9255.33,12,1.388,842.65,6.67,904,0,38,2.8,3,0.061,Crédito pessoal,Financiada,0
12147.33,18833.68,24,2.77,1084.74,8.93,542,2,42,2.5,2,0.129,Crédito pessoal,Alugada,1
6047.02,15575.12,24,1.089,741.01,12.25,597,0,20,0.3,4,0.215,Financiamento de veículo,Financiada,0
3123.91,7351.72,24,1.631,372.63,11.93,726,0,14,0.0,1,0.196,Crédito pessoal,Própria,0
13809.99,9887.12,6,1.428,1731.17,12.54,574,1,35,5.4,1,0.06,Financiamento de veículo,Financiada,0
5006.95,6496.53,48,0.55,154.36,3.08,671,0,62,3.5,1,0.108,Financiamento de veículo,Financiada,0
5623.09,16519.93,18,0.944,1002.28,17.82,592,0,22,1.0,4,0.245,Financiamento de veículo,Própria,0
4212.7,6730.59,48,1.42,194.36,4.61,619,1,38,1.0,2,0.133,Reforma ou serviços,Familiar,1
2995.13,14995.94,18,1.029,916.87,30.61,691,0,146,1.4,1,0.417,Financiamento de veículo,Financiada,0
2091.96,13612.02,36,0.55,417.81,19.97,803,0,51,4.0,1,0.542,Financiamento de veículo,Própria,0
7698.59,22511.24,24,2.453,1252.18,16.27,576,0,35,2.2,0,0.244,Crédito pessoal,Alugada,0
3199.36,7974.82,6,1.702,1409.41,44.05,721,0,40,5.7,1,0.208,Crédito pessoal,Alugada,0
34659.37,17830.89,36,0.55,547.31,1.58,810,0,128,4.1,0,0.043,Financiamento de veículo,Alugada,0
2651.94,6424.9,6,1.025,1109.57,41.84,799,0,64,0.8,2,0.202,Reforma ou serviços,Financiada,0
2384.72,6837.71,12,0.998,607.44,25.47,663,0,23,1.1,3,0.239,Financiamento de veículo,Própria,0
7134.52,7474.34,36,1.481,269.38,3.78,614,1,68,3.1,1,0.087,Reforma ou serviços,Própria,0
13421.17,13359.0,24,0.8,613.95,4.57,910,1,17,7.8,2,0.083,Reforma ou serviços,Alugada,0
5412.46,18379.14,48,2.447,655.01,12.1,570,3,45,2.3,0,0.283,Reforma ou serviços,Própria,0
7414.58,8473.42,24,0.626,381.37,5.14,771,0,96,4.6,0,0.095,Financiamento de veículo,Própria,0
1658.08,6244.63,60,1.982,178.85,10.79,711,0,45,2.8,1,0.314,Reforma ou serviços,Alugada,0
3416.45,11671.77,6,1.446,2044.93,59.86,541,0,16,2.6,1,0.285,Financiamento de veículo,Financiada,0
2672.51,5219.45,48,3.118,211.09,7.9,572,1,42,7.4,2,0.163,Consolidação de dívidas,Financiada,0
1605.97,13621.65,12,3.6,1417.96,88.29,424,3,96,0.6,2,0.707,Crédito pessoal,Alugada,1
5591.16,21910.57,12,0.561,1893.09,33.86,880,0,22,1.4,2,0.327,Reforma ou serviços,Financiada,0
1500.0,6879.51,24,1.989,363.26,24.22,829,0,67,1.2,1,0.382,Consolidação de dívidas,Alugada,0
2290.79,10951.56,36,2.482,463.59,20.24,412,0,100,1.9,3,0.398,Crédito pessoal,Financiada,0
3726.98,13387.42,36,0.55,410.92,11.03,773,0,56,0.3,2,0.299,Financiamento de veículo,Financiada,0
3105.77,9765.95,24,1.857,508.02,16.36,856,0,44,1.8,0,0.262,Consolidação de dívidas,Financiada,0
6648.77,23453.83,36,1.902,905.7,13.62,514,2,24,1.0,2,0.294,Educação,Financiada,1
6284.7,50875.65,24,1.116,2428.16,38.64,869,0,26,1.0,0,0.675,Reforma ou serviços,Financiada,0
9050.44,13583.32,12,1.55,1249.21,13.8,602,1,35,6.4,0,0.125,Financiamento de veículo,Alugada,0
8290.72,13904.57,6,1.737,2460.34,29.68,777,0,68,2.2,1,0.14,Crédito pessoal,Alugada,0
10548.28,37476.06,36,1.258,1300.84,12.33,892,0,169,9.9,0,0.296,Crédito pessoal,Financiada,0
5193.82,6393.56,36,0.55,196.25,3.78,799,0,22,2.3,1,0.103,Financiamento de veículo,Alugada,0
6276.47,13813.58,24,1.572,695.45,11.08,802,0,62,0.1,1,0.183,Crédito pessoal,Alugada,0
7140.6,19026.25,24,1.605,961.49,13.47,855,0,84,4.6,1,0.222,Crédito pessoal,Financiada,0
5677.36,4609.52,24,2.621,261.2,4.6,691,0,43,0.0,0,0.068,Consolidação de dívidas,Própria,0
4064.94,6064.39,12,1.575,558.58,13.74,796,0,42,0.5,1,0.124,Crédito pessoal,Familiar,0
4231.45,9280.48,36,0.84,299.79,7.08,765,0,11,2.7,1,0.183,Reforma ou serviços,Própria,0
3132.32,9607.51,48,3.636,426.08,13.6,385,2,48,1.5,2,0.256,Consolidação de dívidas,Própria,1
6753.5,9876.13,12,1.298,894.09,13.24,710,0,40,3.5,0,0.122,Educação,Familiar,0
4905.56,13148.66,36,1.191,451.22,9.2,679,1,32,1.1,1,0.223,Financiamento de veículo,Financiada,0
3446.95,24490.67,24,3.216,1479.96,42.94,546,2,54,1.0,3,0.592,Consolidação de dívidas,Própria,0
3448.94,20216.51,36,3.988,1067.38,30.95,440,3,18,1.2,0,0.488,Consolidação de dívidas,Alugada,1
2455.21,3200.04,24,2.02,169.57,6.91,654,1,22,2.9,0,0.109,Crédito pessoal,Alugada,0
9540.45,15962.47,18,1.547,1022.75,10.72,661,1,49,3.6,0,0.139,Reforma ou serviços,Alugada,0
5459.74,20779.33,24,2.151,1117.49,20.47,711,0,112,0.5,1,0.317,Crédito pessoal,Financiada,0
3045.68,13200.88,12,0.55,1139.8,37.42,763,0,37,5.2,2,0.361,Financiamento de veículo,Própria,0
8584.5,20438.03,6,0.55,3472.21,40.45,912,0,43,10.0,0,0.198,Financiamento de veículo,Alugada,0
3673.63,24363.86,6,2.494,4422.4,120.38,644,0,42,1.9,6,0.553,Consolidação de dívidas,Financiada,1
2174.13,14709.75,60,1.647,387.79,17.84,557,1,18,2.4,1,0.564,Financiamento de veículo,Familiar,0
9794.46,13063.67,60,0.968,288.05,2.94,962,0,34,2.6,3,0.111,Crédito pessoal,Própria,0
3727.2,16780.59,6,2.436,3039.95,81.56,436,2,47,4.5,1,0.375,Crédito pessoal,Financiada,1
4035.54,2621.0,12,0.968,232.4,5.76,668,1,47,0.0,3,0.054,Financiamento de veículo,Financiada,0
5334.47,13243.53,24,2.764,762.22,14.29,518,3,57,6.4,0,0.207,Crédito pessoal,Familiar,0
10559.9,36295.62,36,1.26,1260.31,11.93,840,0,17,7.6,2,0.286,Reforma ou serviços,Alugada,0
5265.0,16101.18,12,0.55,1390.22,26.4,736,0,25,0.5,1,0.255,Financiamento de veículo,Financiada,0
2472.44,15353.43,12,2.927,1535.72,62.11,509,1,8,0.8,0,0.517,Crédito pessoal,Alugada,1
7285.33,21127.47,24,1.77,1088.1,14.94,738,0,101,1.6,1,0.242,Crédito pessoal,Alugada,0
3849.58,15486.36,6,0.911,2663.95,69.2,681,0,30,4.1,2,0.335,Financiamento de veículo,Financiada,0
16762.96,17660.56,24,1.25,856.34,5.11,813,0,51,1.4,0,0.088,Reforma ou serviços,Própria,0
5196.39,37487.11,48,1.458,1091.44,21.0,894,0,41,1.1,1,0.601,Consolidação de dívidas,Financiada,0
1500.0,3913.53,60,1.676,103.93,6.93,768,0,3,3.2,1,0.217,Crédito pessoal,Financiada,0
6489.76,18476.8,24,1.641,937.59,14.45,598,0,14,0.4,0,0.237,Financiamento de veículo,Financiada,0
17362.44,7681.98,24,0.749,350.92,2.02,906,0,40,2.9,0,0.037,Educação,Financiada,0
13814.64,6107.9,36,0.795,195.76,1.42,790,1,61,2.4,0,0.037,Financiamento de veículo,Familiar,0
16181.2,12777.22,48,1.578,381.6,2.36,683,0,58,0.8,0,0.066,Educação,Própria,0
2763.25,5680.67,24,2.493,317.38,11.49,778,0,12,2.0,3,0.171,Consolidação de dívidas,Financiada,0
9154.02,5672.83,48,2.558,206.55,2.26,665,0,18,3.9,0,0.052,Consolidação de dívidas,Própria,0
3323.51,4232.45,24,0.805,194.65,5.86,698,0,55,1.0,1,0.106,Financiamento de veículo,Financiada,0
5975.8,9894.63,24,3.318,604.45,10.11,565,3,58,0.2,1,0.138,Consolidação de dívidas,Alugada,0
2361.81,18092.48,24,2.634,1026.65,43.47,594,1,12,0.2,1,0.638,Consolidação de dívidas,Alugada,1
3487.19,25364.17,24,2.886,1479.31,42.42,540,1,54,3.0,0,0.606,Crédito pessoal,Familiar,1
3419.13,9824.93,18,2.151,664.1,19.42,713,0,40,3.0,0,0.239,Crédito pessoal,Própria,0
9077.17,10460.2,48,1.875,332.4,3.66,686,0,34,2.1,1,0.096,Crédito pessoal,Familiar,0
8542.93,24863.86,60,1.419,618.28,7.24,614,3,115,2.7,0,0.243,Financiamento de veículo,Própria,0
6173.63,15938.47,24,1.573,802.47,13.0,697,0,37,1.1,0,0.215,Reforma ou serviços,Alugada,1
2251.05,15606.73,36,0.55,479.04,21.28,916,0,27,5.3,0,0.578,Financiamento de veículo,Familiar,0
4286.38,11681.44,18,2.027,781.01,18.22,686,0,71,1.1,4,0.227,Consolidação de dívidas,Financiada,0
3274.18,10671.75,36,0.55,327.56,10.0,786,0,69,7.6,2,0.272,Financiamento de veículo,Financiada,0
8916.09,19752.85,18,1.164,1222.73,13.71,900,0,98,2.6,1,0.185,Crédito pessoal,Financiada,0
10795.54,10527.99,12,1.381,958.04,8.87,887,0,66,5.1,2,0.081,Crédito pessoal,Própria,0
10010.33,21326.81,24,1.39,1051.2,10.5,876,0,64,1.2,2,0.178,Crédito pessoal,Própria,0
3255.75,8900.34,6,1.08,1539.94,47.3,614,0,42,2.6,1,0.228,Financiamento de veículo,Familiar,0
1500.0,3618.97,18,2.405,250.08,16.67,705,0,160,0.3,1,0.201,Consolidação de dívidas,Familiar,0
1738.71,9778.21,18,1.482,622.92,35.83,774,0,18,1.0,0,0.469,Crédito pessoal,Própria,0
12554.35,3646.08,24,2.188,196.91,1.57,412,2,59,4.7,0,0.024,Educação,Própria,0
4054.72,12672.14,24,1.301,618.15,15.25,727,0,17,0.4,0,0.26,Reforma ou serviços,Alugada,0
3264.84,27383.31,36,0.565,842.71,25.81,899,0,42,6.2,2,0.699,Educação,Própria,0
14398.27,12781.42,12,0.55,1103.58,7.66,843,0,41,4.0,0,0.074,Educação,Alugada,0
11393.67,16509.22,24,2.775,951.33,8.35,554,3,42,4.3,1,0.121,Consolidação de dívidas,Alugada,0
5279.42,9918.36,6,2.096,1776.42,33.65,620,1,8,3.8,2,0.157,Crédito pessoal,Própria,1
4335.12,11493.39,48,1.926,369.08,8.51,609,0,30,6.5,0,0.221,Crédito pessoal,Alugada,1
4791.08,27716.26,48,1.714,851.86,17.78,743,0,179,2.6,0,0.482,Consolidação de dívidas,Própria,0
5986.46,10265.55,60,1.988,294.45,4.92,775,0,46,1.0,1,0.143,Consolidação de dívidas,Familiar,0
14022.85,6112.93,24,3.106,365.09,2.6,422,2,82,4.2,3,0.036,Reforma ou serviços,Própria,0
6757.06,2913.34,48,2.715,109.32,1.62,494,0,54,1.7,2,0.036,Crédito pessoal,Financiada,0
8156.35,8090.73,24,3.568,507.44,6.22,477,1,148,5.8,1,0.083,Consolidação de dívidas,Própria,0
10736.04,6346.91,12,1.794,592.6,5.52,632,0,55,3.2,3,0.049,Consolidação de dívidas,Própria,1
2517.99,4801.84,48,1.684,146.65,5.82,774,0,46,4.0,0,0.159,Crédito pessoal,Própria,0
8303.47,6463.46,6,3.607,1217.26,14.66,423,1,13,2.3,1,0.065,Consolidação de dívidas,Financiada,1
4331.99,6861.45,36,0.6,212.48,4.9,687,0,14,1.7,1,0.132,Financiamento de veículo,Própria,0
1500.0,6536.38,60,0.99,144.99,9.67,608,1,26,1.7,0,0.363,Financiamento de veículo,Financiada,0
1500.0,4791.52,18,1.893,316.61,21.11,679,0,36,5.6,1,0.266,Crédito pessoal,Alugada,0
2766.06,4267.31,18,1.018,260.65,9.42,699,0,15,3.7,0,0.129,Financiamento de veículo,Própria,0
7228.4,21221.32,12,1.938,1999.08,27.66,699,0,46,0.6,0,0.245,Consolidação de dívidas,Financiada,0
5580.14,20583.42,24,2.968,1211.21,21.71,397,1,44,1.9,0,0.307,Crédito pessoal,Alugada,0
5829.7,21797.15,36,0.647,680.65,11.68,817,0,124,1.3,1,0.312,Reforma ou serviços,Familiar,0
17430.88,13526.96,24,0.692,613.65,3.52,944,0,136,4.4,0,0.065,Reforma ou serviços,Própria,0
2367.47,19172.48,18,3.029,1397.47,59.03,481,1,71,4.2,0,0.675,Consolidação de dívidas,Própria,1
5112.3,14006.12,24,0.55,624.55,12.22,933,0,73,5.2,0,0.228,Financiamento de veículo,Alugada,0
6280.24,12026.69,48,1.817,377.64,6.01,460,0,91,4.1,0,0.16,Financiamento de veículo,Própria,0
3294.22,21036.06,60,1.068,476.63,14.47,766,0,55,0.8,0,0.532,Reforma ou serviços,Alugada,0
5292.13,12354.01,18,0.847,742.88,14.04,870,0,94,1.7,0,0.195,Crédito pessoal,Financiada,0
1928.4,4453.38,36,3.311,213.54,11.07,404,1,12,4.5,2,0.192,Crédito pessoal,Alugada,0
12463.45,20080.66,48,0.55,477.14,3.83,842,0,78,6.9,0,0.134,Financiamento de veículo,Alugada,0
3407.77,30574.35,36,1.739,1149.76,33.74,862,0,16,0.4,3,0.748,Crédito pessoal,Própria,0
18322.44,17287.48,48,1.702,529.93,2.89,660,0,18,3.6,1,0.079,Reforma ou serviços,Financiada,0
5096.35,10787.24,36,1.753,406.59,7.98,747,0,90,1.8,0,0.176,Crédito pessoal,Própria,0
9836.03,16898.54,18,1.149,1044.59,10.62,620,0,24,3.1,1,0.143,Financiamento de veículo,Financiada,0
5030.96,22890.83,36,1.634,846.13,16.82,759,0,19,3.7,3,0.379,Crédito pessoal,Alugada,0
5101.82,6657.19,24,0.55,296.85,5.82,886,0,58,2.0,0,0.109,Financiamento de veículo,Familiar,0
3620.31,3220.75,18,1.681,208.86,5.77,716,0,22,2.2,2,0.074,Crédito pessoal,Financiada,0
5598.59,12684.05,12,2.559,1240.93,22.17,551,0,19,0.6,0,0.189,Crédito pessoal,Alugada,0
6333.28,13268.81,48,0.988,348.51,5.5,961,0,11,1.7,0,0.175,Crédito pessoal,Alugada,0
3197.66,6177.19,36,0.795,197.97,6.19,679,0,29,1.6,1,0.161,Financiamento de veículo,Financiada,0
4812.09,5568.7,6,1.358,972.72,20.21,775,0,71,1.6,1,0.096,Crédito pessoal,Própria,0
3562.27,16196.99,36,2.719,711.09,19.96,536,2,78,1.5,0,0.379,Consolidação de dívidas,Financiada,1
21637.99,11843.98,36,1.194,406.66,1.88,731,0,35,8.3,1,0.046,Reforma ou serviços,Financiada,0
4918.61,8502.67,24,2.202,459.88,9.35,669,0,122,3.7,0,0.144,Consolidação de dívidas,Alugada,0
13554.28,32349.91,36,1.575,1184.11,8.74,759,0,60,0.6,0,0.199,Crédito pessoal,Própria,0
4606.06,8633.6,48,0.783,216.47,4.7,661,0,91,1.7,1,0.156,Financiamento de veículo,Própria,0
6106.89,18126.53,48,3.375,767.86,12.57,507,2,26,4.9,2,0.247,Crédito pessoal,Financiada,0
2291.97,10893.84,12,0.55,940.6,41.04,736,0,33,0.6,0,0.396,Financiamento de veículo,Financiada,0
3941.15,12055.33,24,1.844,626.18,15.89,711,0,36,4.2,0,0.255,Consolidação de dívidas,Alugada,0
5925.06,25665.86,6,1.461,4499.0,75.93,701,0,32,1.9,2,0.361,Reforma ou serviços,Própria,0
13901.28,22649.11,36,2.121,905.97,6.52,618,0,4,6.1,1,0.136,Crédito pessoal,Financiada,0
5967.26,14712.04,24,1.702,751.84,12.6,721,0,44,2.6,0,0.205,Educação,Alugada,0
12262.74,10689.73,36,0.976,353.59,2.88,848,0,54,0.8,0,0.073,Reforma ou serviços,Própria,0
7736.2,39239.4,36,0.55,1204.44,15.57,876,0,52,0.3,1,0.423,Financiamento de veículo,Própria,0
14262.7,26904.64,12,2.032,2549.04,17.87,671,0,132,2.2,2,0.157,Crédito pessoal,Alugada,0
5013.09,23828.85,60,2.237,725.43,14.47,629,0,138,1.6,1,0.396,Crédito pessoal,Financiada,0
22887.63,14593.04,24,1.344,715.43,3.13,640,0,8,3.0,3,0.053,Educação,Financiada,0
3848.61,9494.95,60,1.708,254.2,6.61,611,1,107,1.5,1,0.206,Educação,Financiada,0
3233.14,3476.5,12,1.358,315.92,9.77,778,0,127,2.3,4,0.09,Crédito pessoal,Própria,0
2455.73,10206.54,24,0.55,455.12,18.53,790,0,5,2.2,1,0.346,Financiamento de veículo,Própria,0
22062.82,11013.91,24,2.895,642.99,2.91,530,2,69,2.4,0,0.042,Crédito pessoal,Própria,0
8642.71,16418.8,60,1.389,405.11,4.69,747,0,45,2.6,0,0.158,Reforma ou serviços,Financiada,0
4227.05,40955.75,12,1.37,3724.45,88.11,620,2,122,2.2,0,0.807,Financiamento de veículo,Própria,1
11280.24,34450.34,24,0.55,1536.19,13.62,736,0,117,0.7,1,0.255,Financiamento de veículo,Alugada,0
7964.77,19323.71,12,1.112,1729.04,21.71,770,0,225,2.5,1,0.202,Financiamento de veículo,Alugada,0
17595.75,13019.68,18,1.971,866.2,4.92,678,0,71,1.8,1,0.062,Crédito pessoal,Financiada,0
1991.73,9529.02,36,1.495,344.23,17.28,917,0,62,0.8,2,0.399,Consolidação de dívidas,Financiada,0
4411.15,24996.15,18,1.391,1579.34,35.8,810,0,22,5.3,0,0.472,Reforma ou serviços,Alugada,0
3903.59,10592.78,18,0.96,643.6,16.49,763,0,28,0.5,2,0.226,Reforma ou serviços,Familiar,0
1529.55,10878.79,36,2.454,458.53,29.98,546,0,64,2.6,0,0.593,Crédito pessoal,Alugada,0
10034.82,16576.9,48,1.523,489.39,4.88,818,0,27,3.2,3,0.138,Reforma ou serviços,Alugada,0
4397.4,8119.56,6,2.239,1461.27,33.23,739,0,44,0.6,3,0.154,Consolidação de dívidas,Financiada,0
8225.43,8539.69,18,0.55,499.6,6.07,834,0,9,1.6,0,0.087,Financiamento de veículo,Própria,0
22459.58,6216.94,24,0.916,289.74,1.29,815,0,47,3.8,0,0.023,Reforma ou serviços,Alugada,0
4177.23,19796.57,48,2.701,740.86,17.74,465,0,6,4.0,0,0.395,Crédito pessoal,Financiada,1
4005.0,5302.15,24,1.08,251.98,6.29,838,0,89,2.5,1,0.11,Crédito pessoal,Familiar,0
5597.0,5443.48,18,1.258,339.84,6.07,847,0,49,3.1,2,0.081,Educação,Alugada,0
9590.3,2706.67,12,2.21,259.26,2.7,322,1,26,2.6,1,0.024,Financiamento de veículo,Alugada,0
3659.39,18845.17,12,0.55,1627.14,44.46,795,0,38,4.7,0,0.429,Educação,Alugada,0
3516.49,7079.38,24,1.488,352.92,10.04,597,0,28,0.2,0,0.168,Financiamento de veículo,Própria,0
10015.32,24153.52,18,0.991,1471.76,14.7,774,0,21,2.7,0,0.201,Reforma ou serviços,Alugada,0
6575.92,13515.99,36,2.733,594.7,9.04,538,0,31,4.6,2,0.171,Crédito pessoal,Familiar,0
1500.0,12353.24,18,2.532,863.02,57.53,502,1,31,4.1,0,0.686,Reforma ou serviços,Alugada,1
2432.49,7590.45,18,1.494,484.05,19.9,884,0,35,0.0,1,0.26,Crédito pessoal,Própria,0
13189.55,14605.47,36,0.55,448.31,3.4,874,0,4,5.7,1,0.092,Reforma ou serviços,Familiar,0
6671.56,16044.73,36,1.089,541.14,8.11,642,0,94,1.1,1,0.2,Financiamento de veículo,Própria,0
3241.7,12832.48,48,0.736,318.31,9.82,659,1,95,1.1,1,0.33,Financiamento de veículo,Própria,0
4678.63,27363.2,24,1.518,1368.94,29.26,690,0,42,2.4,2,0.487,Reforma ou serviços,Própria,0
5242.85,20867.0,60,2.133,619.83,11.82,705,0,143,0.5,4,0.332,Crédito pessoal,Alugada,0
8205.57,13744.43,12,0.55,1186.73,14.46,879,0,33,2.9,0,0.14,Financiamento de veículo,Familiar,0
2240.13,20100.19,24,2.931,1178.03,52.59,556,2,46,4.4,0,0.748,Consolidação de dívidas,Própria,1
3087.22,5452.84,24,1.473,271.36,8.79,836,0,61,5.9,0,0.147,Consolidação de dívidas,Alugada,0
6158.86,10668.67,36,1.279,371.68,6.03,707,0,45,8.1,0,0.144,Educação,Alugada,0
4887.89,38649.34,18,0.742,2301.7,47.09,624,0,26,2.5,1,0.659,Financiamento de veículo,Financiada,0
7412.82,27204.11,12,0.613,2358.36,31.81,820,1,43,1.0,1,0.306,Financiamento de veículo,Própria,0
2426.29,5817.12,24,0.724,264.92,10.92,692,0,12,0.7,0,0.2,Financiamento de veículo,Própria,0
6488.81,18038.72,36,2.153,725.19,11.18,633,0,21,9.2,0,0.232,Crédito pessoal,Própria,0
10231.19,7313.74,36,1.916,283.1,2.77,806,0,82,2.5,2,0.06,Consolidação de dívidas,Alugada,0
7032.11,11405.36,36,0.675,357.9,5.09,701,0,199,0.0,4,0.135,Reforma ou serviços,Própria,0
5668.41,40683.89,36,0.55,1248.77,22.03,791,0,25,0.8,0,0.598,Financiamento de veículo,Alugada,1
4899.88,3777.04,12,2.428,366.62,7.48,763,0,37,1.0,0,0.064,Consolidação de dívidas,Própria,0
3098.91,5580.21,36,1.122,189.26,6.11,816,0,35,3.8,0,0.15,Crédito pessoal,Financiada,0
4972.98,11484.81,24,1.253,557.07,11.2,677,0,51,6.2,0,0.192,Reforma ou serviços,Própria,0
11355.21,19632.96,12,0.737,1715.54,15.11,979,0,89,4.2,0,0.144,Crédito pessoal,Própria,0
4830.07,11271.15,18,2.078,756.97,15.67,597,0,47,3.2,0,0.194,Reforma ou serviços,Financiada,0
2995.11,13305.28,18,1.774,869.93,29.05,726,0,13,6.3,1,0.37,Consolidação de dívidas,Alugada,0
3832.3,11874.16,12,0.55,1025.24,26.75,829,0,27,4.1,1,0.258,Financiamento de veículo,Financiada,0
5889.59,17021.41,12,1.842,1593.97,27.06,807,0,56,5.2,1,0.241,Crédito pessoal,Alugada,0
4125.06,14595.21,48,2.1,485.52,11.77,674,0,32,1.0,1,0.295,Crédito pessoal,Familiar,0
7025.5,11650.32,24,1.538,584.2,8.32,725,0,33,0.5,3,0.138,Crédito pessoal,Própria,0
7190.94,19139.87,24,0.613,860.07,11.96,944,0,34,0.6,1,0.222,Educação,Própria,0
9023.46,7827.8,48,0.981,205.26,2.27,619,0,41,2.7,1,0.072,Financiamento de veículo,Própria,0
12569.4,35518.23,24,0.849,1642.16,13.06,841,0,19,9.3,2,0.235,Educação,Alugada,0
9641.64,28048.69,18,0.55,1640.94,17.02,776,0,81,1.6,0,0.242,Financiamento de veículo,Alugada,0
2913.72,7978.55,12,1.566,734.48,25.21,862,0,13,0.7,2,0.228,Crédito pessoal,Alugada,0
2969.72,26860.33,12,1.191,2415.34,81.33,746,0,55,11.5,3,0.754,Reforma ou serviços,Familiar,0
4961.36,17698.47,12,0.55,1528.13,30.8,840,0,28,2.6,1,0.297,Financiamento de veículo,Própria,0
3931.14,15309.06,48,1.492,448.9,11.42,767,0,45,1.2,0,0.325,Consolidação de dívidas,Própria,0
2567.41,19612.45,24,0.679,888.34,34.6,960,0,105,0.4,0,0.637,Educação,Alugada,0
3954.32,10415.35,36,3.174,489.55,12.38,558,0,103,0.3,0,0.219,Consolidação de dívidas,Familiar,0
3874.67,13163.76,24,0.55,586.99,15.15,916,0,87,4.5,0,0.283,Financiamento de veículo,Alugada,0
3428.47,7692.76,24,1.717,393.81,11.49,862,0,117,0.1,1,0.187,Crédito pessoal,Alugada,0
4275.36,37254.73,36,1.29,1300.23,30.41,527,2,179,1.8,2,0.726,Financiamento de veículo,Própria,0
10797.32,6787.49,24,0.55,302.66,2.8,857,0,81,7.8,1,0.052,Financiamento de veículo,Própria,0
5883.7,7770.99,18,1.937,515.46,8.76,561,0,61,1.1,1,0.11,Reforma ou serviços,Familiar,0
24075.15,12015.94,18,1.935,796.91,3.31,707,0,20,3.8,1,0.042,Crédito pessoal,Alugada,0
5779.83,6329.11,12,1.082,565.26,9.78,713,1,69,0.9,1,0.091,Financiamento de veículo,Financiada,0
4344.1,8762.3,24,3.096,522.76,12.03,570,3,47,8.5,2,0.168,Consolidação de dívidas,Própria,1
5213.34,10843.59,12,1.887,1018.28,19.53,720,0,133,2.9,3,0.173,Consolidação de dívidas,Familiar,0
6096.31,24827.3,12,3.329,2543.43,41.72,532,1,76,5.9,2,0.339,Consolidação de dívidas,Própria,0
6810.84,4938.67,36,2.233,201.09,2.95,695,0,16,2.0,1,0.06,Consolidação de dívidas,Financiada,0
18844.47,9618.54,48,0.68,235.52,1.25,898,0,54,4.2,1,0.043,Educação,Financiada,0
3078.86,17376.34,18,2.438,1204.12,39.11,633,0,83,3.2,0,0.47,Crédito pessoal,Financiada,0
8857.52,20075.09,6,1.241,3492.7,39.43,717,0,46,1.6,1,0.189,Reforma ou serviços,Própria,0
5914.84,15527.72,36,0.937,510.14,8.62,850,1,175,4.1,1,0.219,Reforma ou serviços,Própria,0
1963.2,11478.14,6,1.393,2007.37,102.25,882,0,74,1.9,1,0.487,Crédito pessoal,Financiada,1
8385.4,45998.56,18,3.281,3424.5,40.84,445,1,20,5.0,1,0.457,Crédito pessoal,Própria,0
11411.08,4635.19,24,2.94,271.92,2.38,542,2,19,6.2,0,0.034,Consolidação de dívidas,Própria,1
3056.31,17818.5,36,1.511,645.41,21.12,534,1,23,2.3,1,0.486,Financiamento de veículo,Própria,0
5171.28,20317.45,36,0.863,659.0,12.74,573,0,29,1.0,0,0.327,Financiamento de veículo,Própria,0
1784.14,5805.21,24,1.709,296.9,16.64,723,0,44,5.7,0,0.271,Crédito pessoal,Alugada,0
2382.61,11812.86,48,1.538,349.82,14.68,736,0,57,3.2,0,0.413,Educação,Alugada,0
9958.6,25115.08,24,2.151,1350.75,13.56,505,0,105,3.2,0,0.21,Crédito pessoal,Alugada,0
3894.17,15592.39,24,2.513,873.07,22.42,676,0,81,0.8,0,0.334,Crédito pessoal,Financiada,0
2614.83,7535.8,24,2.622,427.02,16.33,650,0,34,0.0,0,0.24,Crédito pessoal,Própria,0
5994.99,15399.46,36,0.55,472.68,7.88,876,0,34,2.1,2,0.214,Financiamento de veículo,Alugada,0
3761.29,9489.54,24,1.144,454.41,12.08,555,1,78,1.9,2,0.21,Financiamento de veículo,Financiada,1
3883.55,11926.8,60,2.21,360.76,9.29,624,0,29,0.7,0,0.256,Crédito pessoal,Familiar,0
8223.87,16206.9,48,1.44,469.98,5.71,793,0,65,2.4,0,0.164,Crédito pessoal,Familiar,0
2530.42,19636.59,24,2.624,1113.01,43.99,623,1,11,0.8,2,0.647,Crédito pessoal,Alugada,1
2966.35,3668.13,6,1.978,654.37,22.06,472,1,59,1.8,1,0.103,Financiamento de veículo,Alugada,0
5721.26,14072.11,24,2.922,823.99,14.4,525,3,53,4.6,0,0.205,Crédito pessoal,Alugada,1
9484.82,19053.1,18,0.755,1136.05,11.98,606,0,29,2.9,1,0.167,Financiamento de veículo,Alugada,0
11204.53,14059.61,18,0.55,822.54,7.34,839,0,14,3.1,1,0.105,Financiamento de veículo,Alugada,0
3442.92,7589.18,24,1.694,387.46,11.25,643,0,12,0.5,2,0.184,Financiamento de veículo,Financiada,0
9298.31,12737.79,48,3.208,523.67,5.63,412,1,50,1.8,1,0.114,Crédito pessoal,Familiar,0
3197.89,7458.22,36,1.533,271.11,8.48,735,0,57,0.5,1,0.194,Educação,Familiar,0
16133.67,26061.11,24,2.088,1391.72,8.63,682,0,7,2.8,2,0.135,Crédito pessoal,Própria,0
2574.67,11334.57,36,1.878,436.02,16.93,959,1,6,0.9,1,0.367,Consolidação de dívidas,Alugada,0
11849.85,2296.22,18,1.777,150.18,1.27,731,0,17,2.9,2,0.016,Crédito pessoal,Financiada,0
3461.28,9019.73,24,1.7,460.84,13.31,845,0,19,2.1,0,0.217,Crédito pessoal,Alugada,0
18117.38,8076.5,12,2.094,768.12,4.24,725,0,24,0.8,2,0.037,Crédito pessoal,Familiar,0
7502.81,11079.19,12,1.138,993.0,13.23,610,0,51,2.4,0,0.123,Financiamento de veículo,Própria,0
2769.67,8784.93,12,1.048,782.9,28.27,634,0,87,0.8,0,0.264,Financiamento de veículo,Familiar,0
3761.7,12938.29,36,1.296,452.0,12.02,638,0,88,1.7,0,0.287,Reforma ou serviços,Financiada,0
8440.07,16141.41,48,1.543,478.48,5.67,502,1,69,2.2,3,0.159,Financiamento de veículo,Financiada,1
9987.14,7918.33,36,1.923,306.83,3.07,763,0,86,3.6,1,0.066,Reforma ou serviços,Financiada,0
4976.94,14534.51,6,3.509,2728.49,54.82,508,0,20,0.9,1,0.243,Consolidação de dívidas,Própria,1
5345.99,15788.8,36,0.55,484.63,9.07,914,0,68,5.7,2,0.246,Financiamento de veículo,Familiar,0
8321.46,10831.33,18,2.295,741.36,8.91,540,0,75,1.3,1,0.108,Crédito pessoal,Alugada,0
5642.76,22509.55,48,1.491,659.91,11.69,732,0,10,0.4,1,0.332,Educação,Própria,0
2331.91,7397.05,36,2.268,302.82,12.99,722,0,106,0.9,0,0.264,Consolidação de dívidas,Alugada,0
3141.23,7102.23,24,0.802,326.5,10.39,726,0,77,0.7,1,0.188,Financiamento de veículo,Financiada,0
6016.06,17320.01,24,1.777,892.79,14.84,478,2,27,0.1,0,0.24,Financiamento de veículo,Financiada,1
11048.09,60626.07,36,1.45,2173.73,19.68,663,1,8,6.5,0,0.457,Financiamento de veículo,Familiar,0
14162.08,16646.42,48,2.854,641.18,4.53,507,1,50,4.8,1,0.098,Crédito pessoal,Própria,0
8431.43,7722.32,18,1.465,491.16,5.83,747,0,34,2.9,1,0.076,Reforma ou serviços,Alugada,0
6213.84,13271.29,36,2.023,522.6,8.41,687,0,14,1.4,1,0.178,Consolidação de dívidas,Familiar,0
8272.39,12404.86,36,1.699,463.43,5.6,701,0,44,0.6,0,0.125,Crédito pessoal,Financiada,0
3439.32,5626.12,18,2.566,394.19,11.46,602,2,30,0.2,1,0.136,Consolidação de dívidas,Familiar,0
4728.72,12390.66,18,2.284,847.23,17.92,638,0,77,1.6,0,0.218,Crédito pessoal,Alugada,0
3119.58,6135.8,12,0.55,529.78,16.98,956,0,6,1.8,0,0.164,Financiamento de veículo,Financiada,0
2397.53,4289.69,12,1.28,387.91,16.18,768,0,83,1.3,1,0.149,Crédito pessoal,Própria,0
6394.63,26145.36,18,1.772,1709.13,26.73,524,2,41,8.8,1,0.341,Financiamento de veículo,Alugada,0
5833.85,2596.44,12,2.588,254.47,4.36,449,1,69,0.1,0,0.037,Reforma ou serviços,Própria,0
7964.57,38148.35,18,0.55,2231.81,28.02,735,0,112,1.5,2,0.399,Financiamento de veículo,Própria,0
7295.43,17185.08,24,1.612,869.14,11.91,489,2,58,0.1,0,0.196,Financiamento de veículo,Própria,0
6044.19,18772.21,24,2.63,1064.71,17.62,623,0,82,1.2,1,0.259,Consolidação de dívidas,Financiada,0
7343.1,36143.03,24,1.672,1840.7,25.07,687,0,11,1.1,2,0.41,Crédito pessoal,Própria,0
5064.19,31448.08,18,2.047,2106.3,41.59,737,0,12,0.2,1,0.517,Consolidação de dívidas,Alugada,1
6717.06,10286.28,12,1.879,965.43,14.37,745,0,33,0.6,2,0.128,Consolidação de dívidas,Financiada,0
3314.97,8959.0,24,2.253,487.36,14.7,618,1,25,1.3,2,0.225,Consolidação de dívidas,Financiada,0
6539.6,15193.16,48,0.55,361.01,5.52,898,0,61,1.4,2,0.194,Financiamento de veículo,Própria,0
7870.15,19062.23,36,0.557,585.84,7.44,797,0,61,0.8,0,0.202,Educação,Alugada,0
3433.07,7614.24,24,2.178,410.74,11.96,658,0,96,5.1,0,0.185,Reforma ou serviços,Financiada,0
5369.82,6792.57,24,0.55,302.89,5.64,688,0,41,4.0,0,0.105,Financiamento de veículo,Própria,0
3532.57,21976.23,24,1.107,1047.69,29.66,597,0,11,0.4,1,0.518,Financiamento de veículo,Familiar,0
3751.76,14409.3,36,1.833,550.24,14.67,598,0,96,0.4,0,0.32,Reforma ou serviços,Financiada,1
2588.82,5973.72,18,0.991,363.97,14.06,912,0,93,0.7,0,0.192,Educação,Alugada,0
11398.01,22360.78,60,0.59,443.64,3.89,776,0,34,2.6,2,0.163,Reforma ou serviços,Própria,0
10068.22,2193.3,6,2.724,401.18,3.98,527,0,95,2.9,3,0.018,Consolidação de dívidas,Própria,0
7256.28,14290.95,18,1.86,941.55,12.98,734,0,10,2.0,0,0.164,Crédito pessoal,Própria,0
17662.08,5747.16,60,1.141,132.8,0.75,623,1,36,4.5,1,0.027,Financiamento de veículo,Financiada,0
4624.31,23763.44,48,0.55,564.65,12.21,885,0,17,0.6,0,0.428,Financiamento de veículo,Alugada,0
34067.75,17538.17,12,1.923,1650.52,4.84,827,0,81,1.1,0,0.043,Consolidação de dívidas,Própria,0
4515.84,17122.75,24,0.55,763.53,16.91,607,0,26,2.6,0,0.316,Financiamento de veículo,Própria,0
6091.4,41080.38,36,0.644,1282.26,21.05,890,0,88,0.6,0,0.562,Reforma ou serviços,Própria,0
4063.47,9071.8,24,1.187,436.59,10.74,845,0,15,2.4,0,0.186,Crédito pessoal,Alugada,0
6550.23,17081.67,60,0.55,335.02,5.11,882,0,156,2.1,0,0.217,Financiamento de veículo,Familiar,0
8729.78,44716.53,36,2.084,1778.05,20.37,621,1,33,4.9,2,0.427,Consolidação de dívidas,Alugada,0
4845.4,19782.75,36,1.399,703.19,14.51,698,0,30,2.3,1,0.34,Reforma ou serviços,Financiada,0
15646.15,23588.86,36,1.382,836.12,5.34,823,0,77,2.6,1,0.126,Crédito pessoal,Própria,0
6031.11,42031.21,60,0.649,847.87,14.06,695,0,58,1.7,1,0.581,Financiamento de veículo,Própria,0
6149.43,34225.28,24,0.55,1526.16,24.82,776,0,33,7.1,0,0.464,Financiamento de veículo,Alugada,0
2959.68,13332.59,6,2.168,2393.69,80.88,620,0,29,2.0,2,0.375,Crédito pessoal,Familiar,1
6740.46,31021.3,36,1.455,1113.13,16.51,778,0,126,1.2,0,0.384,Reforma ou serviços,Financiada,0
4785.36,19313.76,24,2.296,1055.73,22.06,766,1,39,0.9,3,0.336,Consolidação de dívidas,Financiada,0
3566.38,25302.72,48,1.84,798.29,22.38,662,0,40,2.6,3,0.591,Crédito pessoal,Alugada,0
3213.13,13561.85,24,0.55,604.74,18.82,798,0,15,6.3,0,0.352,Financiamento de veículo,Familiar,0
27252.68,36037.59,12,2.18,3445.48,12.64,546,0,108,4.9,1,0.11,Crédito pessoal,Familiar,0
4416.3,10874.78,36,2.003,426.89,9.67,659,1,20,5.4,0,0.205,Reforma ou serviços,Alugada,0
2107.13,11830.58,48,0.967,309.22,14.67,729,0,18,3.2,1,0.468,Educação,Alugada,0
3372.86,18462.51,12,0.55,1594.1,47.26,896,0,83,0.3,1,0.456,Reforma ou serviços,Financiada,0
5036.37,24164.76,12,0.55,2086.44,41.43,825,0,1,9.3,3,0.4,Financiamento de veículo,Financiada,0
7297.94,18439.76,18,1.761,1204.23,16.5,637,0,49,2.2,0,0.211,Reforma ou serviços,Alugada,0
7334.82,14455.53,12,1.921,1360.27,18.55,533,1,30,7.1,3,0.164,Educação,Própria,0
7910.25,24687.08,24,2.356,1358.41,17.17,678,0,36,5.4,2,0.26,Consolidação de dívidas,Própria,0
3486.31,21413.18,12,2.038,2029.59,58.22,648,0,20,0.2,1,0.512,Crédito pessoal,Alugada,0
6422.01,15963.54,60,2.23,485.21,7.56,648,0,25,1.7,3,0.207,Crédito pessoal,Própria,0
3020.74,23736.29,12,1.99,2243.06,74.26,607,1,7,0.8,2,0.655,Reforma ou serviços,Familiar,0
3541.25,5010.28,6,0.55,851.2,24.04,913,0,77,0.7,0,0.118,Reforma ou serviços,Financiada,0
2943.73,15174.47,18,1.391,958.76,32.57,876,0,33,2.4,1,0.43,Crédito pessoal,Própria,0
2488.94,4301.65,24,0.985,202.12,8.12,872,0,88,3.8,0,0.144,Crédito pessoal,Financiada,0
10059.01,7766.24,48,3.365,328.4,3.26,362,4,170,1.3,0,0.064,Crédito pessoal,Financiada,0
7969.31,18587.36,36,1.189,637.66,8.0,725,0,16,0.3,1,0.194,Educação,Alugada,0
9527.58,14100.2,60,2.152,420.71,4.42,750,0,66,3.6,3,0.123,Consolidação de dívidas,Própria,0
5328.3,4322.18,24,1.49,215.54,4.05,749,0,18,3.3,0,0.068,Reforma ou serviços,Alugada,0
8417.22,3745.52,12,2.23,359.19,4.27,837,0,23,5.5,0,0.037,Consolidação de dívidas,Alugada,0
1744.83,11353.06,48,1.521,335.02,19.2,456,3,39,6.8,0,0.542,Financiamento de veículo,Própria,0
8879.75,3910.72,24,0.55,174.38,1.96,856,0,152,6.8,2,0.037,Financiamento de veículo,Alugada,0
5803.57,5362.06,24,2.581,302.51,5.21,560,1,31,2.8,3,0.077,Crédito pessoal,Própria,0
7671.15,9361.84,24,0.65,422.56,5.51,846,0,38,3.2,2,0.102,Financiamento de veículo,Financiada,0
6581.57,26739.38,12,0.55,2308.74,35.08,755,0,49,4.1,0,0.339,Financiamento de veículo,Financiada,0
2819.85,6117.17,24,0.675,276.93,9.82,779,0,38,0.3,1,0.181,Reforma ou serviços,Familiar,0
2054.17,2991.62,18,0.585,175.59,8.55,842,0,16,1.6,0,0.121,Reforma ou serviços,Financiada,0
3344.06,22718.09,24,1.441,1126.44,33.68,632,0,93,5.4,0,0.566,Educação,Alugada,0
7380.99,25974.1,18,0.793,1554.11,21.06,714,0,29,0.7,1,0.293,Financiamento de veículo,Alugada,0
7976.62,18201.53,24,2.449,1011.95,12.69,597,0,11,0.2,2,0.19,Reforma ou serviços,Financiada,0
2226.73,8144.97,36,1.333,286.33,12.86,679,0,52,0.7,2,0.305,Reforma ou serviços,Própria,0
2830.28,10664.26,60,1.428,265.8,9.39,590,1,97,0.9,1,0.314,Financiamento de veículo,Alugada,0
3320.96,17656.57,12,2.847,1757.68,52.93,557,1,20,1.9,1,0.443,Crédito pessoal,Própria,1
4166.72,14893.65,48,1.88,473.78,11.37,751,0,34,3.2,1,0.298,Consolidação de dívidas,Financiada,0
2234.88,5415.06,24,1.601,273.54,12.24,779,0,40,4.2,3,0.202,Reforma ou serviços,Familiar,0
2153.27,19104.93,24,1.709,977.05,45.38,704,0,27,2.8,0,0.739,Crédito pessoal,Própria,0
3124.02,8274.44,12,2.254,794.7,25.44,505,3,41,5.7,0,0.221,Reforma ou serviços,Alugada,0
5485.65,31231.14,12,0.986,2772.31,50.54,747,0,123,0.9,0,0.474,Financiamento de veículo,Própria,0
2501.0,21655.02,48,1.703,664.07,26.55,445,0,42,0.9,1,0.722,Financiamento de veículo,Própria,0
4839.74,34641.72,24,1.182,1666.24,34.43,892,0,61,0.5,1,0.596,Consolidação de dívidas,Própria,1
10023.79,13545.22,18,1.925,897.56,8.95,657,0,30,2.9,0,0.113,Crédito pessoal,Financiada,0
2319.97,5181.84,48,2.144,173.94,7.5,525,2,51,0.8,1,0.186,Reforma ou serviços,Familiar,0
4575.25,5393.26,48,1.931,173.37,3.79,411,2,56,4.5,0,0.098,Financiamento de veículo,Financiada,0
9815.94,5678.94,24,1.972,299.29,3.05,453,2,73,2.0,1,0.048,Financiamento de veículo,Alugada,0
4012.17,24387.52,12,0.905,2153.87,53.68,812,0,28,5.5,1,0.507,Reforma ou serviços,Alugada,0
3643.64,27063.28,24,2.699,1546.7,42.45,469,0,35,0.6,1,0.619,Educação,Própria,0
10697.67,3991.29,36,2.277,163.63,1.53,572,0,79,6.5,2,0.031,Crédito pessoal,Financiada,0
4300.85,5554.12,18,1.13,342.73,7.97,885,0,30,0.9,0,0.108,Crédito pessoal,Alugada,0
10313.42,7161.38,24,1.127,342.22,3.32,705,0,16,4.0,1,0.058,Financiamento de veículo,Própria,0
6784.34,17964.16,60,0.852,383.7,5.66,760,0,27,1.9,1,0.221,Financiamento de veículo,Alugada,0
4204.25,10268.5,60,2.68,345.94,8.23,472,3,77,3.5,0,0.204,Educação,Própria,0
7001.1,6056.87,24,0.692,274.79,3.92,681,0,85,0.1,0,0.072,Financiamento de veículo,Própria,0
6342.91,11167.46,48,1.847,352.87,5.56,578,2,67,1.4,1,0.147,Financiamento de veículo,Própria,0
9792.39,11040.71,24,2.451,613.95,6.27,524,0,95,5.5,1,0.094,Crédito pessoal,Financiada,1
3701.3,26924.17,24,0.55,1200.59,32.44,812,0,116,1.7,1,0.606,Educação,Financiada,0
5334.56,11559.65,12,2.111,1100.57,20.63,543,2,70,0.9,2,0.181,Reforma ou serviços,Alugada,0
5005.41,30456.17,18,2.956,2206.29,44.08,510,1,37,0.3,2,0.507,Crédito pessoal,Própria,0
8046.45,3212.66,36,2.059,127.25,1.58,398,2,11,1.2,2,0.033,Financiamento de veículo,Financiada,0
2753.98,19457.41,36,1.041,650.9,23.63,764,0,15,5.8,1,0.589,Educação,Financiada,0
9768.71,63482.59,24,0.55,2830.78,28.98,827,0,21,3.6,0,0.542,Financiamento de veículo,Alugada,0
6943.34,12698.62,36,1.47,456.83,6.58,750,0,87,3.7,3,0.152,Reforma ou serviços,Alugada,0
2298.29,11452.43,18,0.55,670.01,29.15,893,0,23,1.3,4,0.415,Reforma ou serviços,Própria,0
10998.75,8687.2,48,0.55,206.42,1.88,891,0,23,2.9,0,0.066,Reforma ou serviços,Financiada,0
20775.96,4908.21,36,1.464,176.39,0.85,884,0,25,4.0,0,0.02,Consolidação de dívidas,Financiada,0
9677.42,29997.08,48,1.218,829.07,8.57,778,0,41,4.7,0,0.258,Crédito pessoal,Alugada,0
12596.12,7929.65,36,0.55,243.4,1.93,685,0,52,1.6,0,0.052,Financiamento de veículo,Própria,0
5482.65,26884.79,24,1.068,1275.9,23.27,581,1,52,3.0,0,0.409,Financiamento de veículo,Familiar,0
1856.19,16964.58,36,1.159,579.03,31.19,905,0,25,2.5,3,0.762,Crédito pessoal,Financiada,0
1657.49,6478.04,12,0.55,559.33,33.75,740,0,84,0.3,0,0.326,Financiamento de veículo,Própria,0
6090.98,7091.6,24,0.637,319.58,5.25,747,0,39,2.4,4,0.097,Financiamento de veículo,Financiada,0
3602.51,17917.34,36,1.13,608.59,16.89,715,0,76,1.8,1,0.414,Educação,Própria,0
2949.46,12498.97,12,0.944,1106.58,37.52,793,0,43,0.3,0,0.353,Reforma ou serviços,Alugada,0
5001.59,14544.76,48,1.618,438.09,8.76,742,0,25,3.4,2,0.242,Reforma ou serviços,Financiada,0
7616.53,2291.85,24,0.61,102.95,1.35,911,0,31,0.5,0,0.025,Crédito pessoal,Financiada,0
2112.66,8005.15,48,2.149,268.97,12.73,676,0,20,0.9,1,0.316,Crédito pessoal,Alugada,1
3936.75,30503.66,48,1.818,958.06,24.34,634,0,10,14.6,2,0.646,Crédito pessoal,Familiar,0
13260.35,5586.42,18,1.508,356.69,2.69,621,0,47,1.4,1,0.035,Reforma ou serviços,Própria,0
2669.74,21666.37,6,1.747,3835.02,143.65,704,0,18,1.3,2,0.676,Crédito pessoal,Alugada,1
8916.56,11815.8,12,0.946,1046.21,11.73,758,0,13,9.6,1,0.11,Educação,Financiada,0
3850.2,6635.92,12,1.914,624.16,16.21,688,0,73,6.2,2,0.144,Crédito pessoal,Própria,0
7293.99,8440.84,18,1.129,520.83,7.14,605,0,99,0.1,1,0.096,Financiamento de veículo,Familiar,0
10267.69,37494.24,6,1.645,6613.73,64.41,815,0,23,14.0,0,0.304,Consolidação de dívidas,Familiar,0
8233.85,17241.67,24,1.468,857.56,10.42,634,0,269,8.8,1,0.174,Crédito pessoal,Própria,0
9137.05,12788.1,36,0.55,392.52,4.3,846,1,72,3.3,1,0.117,Financiamento de veículo,Alugada,0
2546.37,4509.72,36,3.931,236.24,9.28,381,2,47,0.7,1,0.148,Consolidação de dívidas,Própria,1
10372.18,20804.35,48,1.771,647.03,6.24,600,0,7,6.2,1,0.167,Educação,Própria,0
3064.82,7087.42,6,1.019,1223.73,39.93,850,0,60,3.7,1,0.193,Reforma ou serviços,Própria,0
6107.85,17398.71,60,2.6,575.82,9.43,617,1,16,9.8,2,0.237,Consolidação de dívidas,Alugada,0
6102.94,6152.0,24,1.859,320.07,5.24,623,0,18,9.0,0,0.084,Reforma ou serviços,Alugada,0
7024.71,20454.72,36,1.928,793.29,11.29,567,1,65,1.8,3,0.243,Reforma ou serviços,Alugada,0
6408.16,31043.97,18,1.355,1955.1,30.51,809,0,143,2.2,2,0.404,Crédito pessoal,Financiada,0
3081.75,8811.69,24,3.193,531.2,17.24,469,2,48,0.6,0,0.238,Consolidação de dívidas,Alugada,1
2251.82,13528.43,24,2.862,787.0,34.95,605,0,83,0.7,2,0.501,Consolidação de dívidas,Familiar,0
8930.88,11930.8,24,0.55,532.01,5.96,888,0,141,2.8,0,0.111,Financiamento de veículo,Alugada,0
5835.01,12307.32,24,2.632,698.18,11.97,512,0,10,3.4,1,0.176,Crédito pessoal,Própria,1
10604.43,16230.73,12,1.182,1458.72,13.76,889,0,65,10.4,1,0.128,Crédito pessoal,Própria,0
5057.76,10797.18,18,0.55,631.67,12.49,917,0,101,0.7,1,0.178,Financiamento de veículo,Alugada,0
2175.93,5144.54,36,0.55,157.91,7.26,833,0,91,1.7,2,0.197,Financiamento de veículo,Alugada,0
9465.55,14190.99,18,1.199,881.21,9.31,667,0,96,5.1,1,0.125,Financiamento de veículo,Alugada,0
4133.1,21895.62,36,1.368,774.25,18.73,666,0,28,2.2,0,0.441,Educação,Própria,0
6428.24,14864.86,24,0.55,662.85,10.31,859,0,54,3.2,0,0.193,Financiamento de veículo,Familiar,0
3480.7,7985.07,60,0.922,173.86,5.0,696,0,102,2.0,1,0.191,Financiamento de veículo,Financiada,0
14412.93,16135.39,24,0.857,746.7,5.18,732,0,64,0.9,2,0.093,Reforma ou serviços,Financiada,0
3019.79,17933.37,60,1.657,474.0,15.7,436,1,14,5.6,0,0.495,Financiamento de veículo,Própria,0
4218.38,6893.93,12,1.229,621.42,14.73,646,0,17,3.2,1,0.136,Financiamento de veículo,Própria,0
5558.21,22120.95,12,1.127,1981.23,35.65,616,0,93,1.0,0,0.332,Financiamento de veículo,Financiada,1
2641.92,22248.39,18,1.383,1404.74,53.17,726,0,2,1.5,1,0.702,Crédito pessoal,Alugada,1
6382.63,12441.92,48,1.142,338.13,5.3,783,0,66,0.9,0,0.162,Financiamento de veículo,Própria,0
14126.37,33926.08,36,1.893,1308.24,9.26,567,0,76,4.9,0,0.2,Reforma ou serviços,Própria,0
3836.54,27533.34,18,2.194,1867.95,48.69,445,0,58,0.2,0,0.598,Reforma ou serviços,Alugada,1
6643.55,21804.71,6,1.959,3887.31,58.51,605,1,76,0.8,2,0.274,Crédito pessoal,Financiada,1
1500.0,4249.7,48,1.959,137.4,9.16,899,1,75,1.3,2,0.236,Consolidação de dívidas,Alugada,0
5075.99,9522.64,48,0.813,240.38,4.74,908,0,4,1.3,3,0.156,Crédito pessoal,Financiada,0
4282.65,8659.19,18,0.948,525.56,12.27,614,0,7,0.5,1,0.168,Financiamento de veículo,Própria,0
3130.49,18499.81,6,1.247,3219.21,102.83,719,0,23,2.0,0,0.492,Educação,Alugada,1
10167.11,26802.9,60,0.732,553.5,5.44,735,0,58,2.1,3,0.22,Reforma ou serviços,Alugada,0
4247.74,11673.97,24,2.933,684.34,16.11,548,2,54,3.7,0,0.229,Crédito pessoal,Financiada,1
4658.17,11698.87,18,0.874,705.23,15.14,596,0,17,7.3,0,0.209,Financiamento de veículo,Alugada,0
4115.66,29379.76,60,1.723,789.57,19.18,681,1,106,2.6,1,0.595,Educação,Alugada,1
1584.44,14856.51,36,0.55,456.01,28.78,781,0,167,0.6,2,0.781,Financiamento de veículo,Alugada,0
2577.52,10877.08,12,1.092,972.01,37.71,688,0,75,3.4,2,0.352,Financiamento de veículo,Financiada,0
9436.04,11834.7,24,0.783,542.79,5.75,883,0,53,2.3,0,0.105,Reforma ou serviços,Financiada,0
1500.0,4486.14,24,2.127,240.6,16.04,710,0,59,2.6,0,0.249,Crédito pessoal,Própria,0
3233.43,18863.77,24,2.234,1024.03,31.67,555,1,25,2.1,3,0.486,Reforma ou serviços,Própria,0
4058.58,15972.39,36,2.081,634.8,15.64,526,0,13,4.1,2,0.328,Reforma ou serviços,Familiar,0
15328.35,16464.4,12,0.55,1421.58,9.27,815,0,84,4.5,0,0.09,Financiamento de veículo,Alugada,0
8374.51,10412.85,24,0.835,480.6,5.74,786,1,75,2.8,4,0.104,Crédito pessoal,Alugada,0
3681.1,7102.88,24,2.568,400.13,10.87,512,1,85,0.8,1,0.161,Crédito pessoal,Familiar,0
11675.09,14086.97,36,1.834,538.07,4.61,798,0,56,2.1,0,0.101,Crédito pessoal,Familiar,0
3285.57,6938.92,12,0.848,610.62,18.58,758,0,12,4.6,0,0.176,Reforma ou serviços,Alugada,0
9721.12,11388.93,48,1.945,367.17,3.78,731,0,12,3.0,2,0.098,Consolidação de dívidas,Própria,0
2239.28,16325.91,24,0.55,728.0,32.51,916,0,18,3.1,1,0.608,Reforma ou serviços,Própria,0
10115.6,10571.93,60,0.55,207.35,2.05,881,0,116,3.5,1,0.087,Financiamento de veículo,Alugada,0
4042.47,3630.1,24,2.571,204.55,5.06,614,1,11,1.6,0,0.075,Consolidação de dívidas,Própria,0
2748.31,9616.11,48,1.663,292.42,10.64,786,0,38,1.4,3,0.292,Crédito pessoal,Própria,0
4545.01,4353.56,12,1.284,393.78,8.66,924,0,27,1.8,0,0.08,Consolidação de dívidas,Própria,0
6175.64,24014.64,60,1.506,610.82,9.89,795,0,12,2.9,2,0.324,Consolidação de dívidas,Própria,0
3826.36,3741.88,36,0.55,114.86,3.0,820,0,62,1.1,1,0.081,Educação,Alugada,0
7330.98,14867.93,24,1.001,700.0,9.55,856,0,118,2.3,3,0.169,Crédito pessoal,Financiada,0
3622.64,8160.21,12,1.919,767.78,21.19,430,2,41,1.0,0,0.188,Financiamento de veículo,Alugada,1
7639.17,8947.78,48,0.874,229.02,3.0,773,0,9,6.2,1,0.098,Reforma ou serviços,Financiada,0
6840.33,26160.26,24,2.067,1393.58,20.37,729,0,33,3.3,3,0.319,Crédito pessoal,Alugada,0
5007.25,10457.3,36,1.767,395.08,7.89,766,0,26,0.0,3,0.174,Consolidação de dívidas,Financiada,1
3955.08,13712.16,24,1.334,671.43,16.98,687,0,33,1.6,1,0.289,Reforma ou serviços,Própria,0
5712.26,13100.09,18,0.776,782.63,13.7,724,0,36,4.1,0,0.191,Financiamento de veículo,Alugada,0
7314.19,10541.91,12,1.271,952.73,13.03,708,0,132,10.8,1,0.12,Crédito pessoal,Financiada,0
18671.05,7893.32,60,2.059,230.34,1.23,852,0,59,1.3,0,0.035,Consolidação de dívidas,Própria,0
9310.09,4218.7,18,3.202,312.0,3.35,414,0,58,0.4,3,0.038,Crédito pessoal,Financiada,1
9523.59,18455.65,24,2.944,1083.2,11.37,479,0,26,1.2,2,0.161,Crédito pessoal,Alugada,1
35000.0,17396.64,24,0.719,791.75,2.26,647,0,82,1.3,0,0.041,Financiamento de veículo,Financiada,1
7160.31,31932.61,36,2.257,1305.14,18.23,568,1,90,3.3,1,0.372,Crédito pessoal,Alugada,0
7022.63,18726.67,18,2.082,1258.15,17.92,692,0,68,0.5,0,0.222,Consolidação de dívidas,Financiada,0
8045.78,10135.47,36,1.503,366.61,4.56,767,0,63,1.4,2,0.105,Crédito pessoal,Financiada,0
2781.8,5747.76,12,0.673,500.2,17.98,805,0,11,1.1,0,0.172,Financiamento de veículo,Alugada,0
3948.91,21163.6,48,0.868,541.04,13.7,910,0,57,2.4,3,0.447,Consolidação de dívidas,Alugada,0
3799.36,30960.01,48,1.756,959.81,25.26,656,0,111,3.1,0,0.679,Educação,Alugada,0
7769.29,10496.81,48,1.754,325.3,4.19,715,0,59,0.8,2,0.113,Crédito pessoal,Própria,0
4667.72,13787.35,6,1.413,2412.89,51.69,781,0,75,2.4,2,0.246,Reforma ou serviços,Alugada,0
5665.28,13280.69,24,1.953,698.44,12.33,621,1,33,0.1,0,0.195,Reforma ou serviços,Própria,0
10205.03,8702.66,48,0.55,206.78,2.03,798,0,24,7.5,0,0.071,Financiamento de veículo,Própria,0
8880.09,8850.03,36,1.241,306.34,3.45,817,0,16,2.0,2,0.083,Reforma ou serviços,Financiada,0
4703.9,11414.66,48,0.888,293.09,6.23,830,0,99,4.9,1,0.202,Reforma ou serviços,Própria,0
3432.41,13894.59,36,1.165,474.74,13.83,646,0,39,0.9,2,0.337,Educação,Financiada,1
10512.12,32071.91,48,1.157,874.52,8.32,703,0,90,4.9,0,0.254,Reforma ou serviços,Alugada,0
8402.01,53774.24,12,1.358,4886.51,58.16,787,0,30,1.4,0,0.533,Reforma ou serviços,Alugada,0
1920.87,12020.03,12,2.149,1147.03,59.71,603,1,95,3.9,3,0.521,Educação,Própria,0
4282.36,5182.35,36,2.063,205.39,4.8,598,0,46,4.6,1,0.101,Crédito pessoal,Própria,0
5761.96,9156.49,48,0.93,237.39,4.12,857,0,33,6.0,1,0.132,Educação,Própria,0
8427.78,11288.15,12,0.754,987.44,11.72,762,0,33,3.7,0,0.112,Financiamento de veículo,Financiada,0
9142.39,17136.15,48,0.55,407.17,4.45,695,0,80,1.7,1,0.156,Financiamento de veículo,Alugada,0
6200.81,3848.34,18,0.55,225.14,3.63,915,0,59,0.5,1,0.052,Financiamento de veículo,Alugada,0
7474.61,30001.19,36,1.143,1021.31,13.66,847,0,81,6.2,1,0.334,Crédito pessoal,Própria,0
5410.94,7338.34,24,2.519,411.18,7.6,643,0,110,1.5,0,0.113,Crédito pessoal,Alugada,0
3424.21,14658.35,36,2.966,668.03,19.51,497,2,37,1.4,1,0.357,Crédito pessoal,Familiar,0
4422.37,12834.36,24,1.47,638.55,14.44,819,0,68,3.4,0,0.242,Educação,Própria,1
5261.59,8666.33,12,2.772,858.81,16.32,497,1,41,2.9,1,0.137,Crédito pessoal,Própria,0
5089.39,36821.05,48,1.052,980.89,19.27,871,0,31,9.0,3,0.603,Crédito pessoal,Financiada,0
1615.43,10142.17,48,1.778,315.88,19.55,681,1,60,1.8,2,0.523,Reforma ou serviços,Financiada,0
4064.21,7049.58,36,0.55,216.38,5.32,875,1,11,1.5,0,0.145,Financiamento de veículo,Familiar,0
5384.4,20572.68,48,2.547,747.53,13.88,692,1,87,4.5,0,0.318,Consolidação de dívidas,Financiada,0
4367.58,13216.15,6,2.289,2382.46,54.55,599,1,55,3.5,1,0.252,Crédito pessoal,Alugada,0
4462.14,12158.86,24,2.904,710.56,15.92,492,0,25,0.4,0,0.227,Crédito pessoal,Alugada,0
7037.22,15999.92,24,2.255,870.52,12.37,610,0,56,1.5,0,0.189,Consolidação de dívidas,Financiada,0
2663.67,21285.14,36,1.67,791.46,29.71,591,0,8,9.6,0,0.666,Crédito pessoal,Alugada,0
1895.1,11123.62,18,1.902,735.62,38.82,723,0,15,0.7,0,0.489,Crédito pessoal,Alugada,0
4190.39,11741.65,6,0.917,2020.24,48.21,816,0,15,1.5,1,0.234,Financiamento de veículo,Própria,0
8351.24,24705.58,24,3.163,1484.5,17.78,570,5,14,8.3,0,0.247,Crédito pessoal,Familiar,1
14804.65,12597.84,36,1.182,431.72,2.92,710,0,38,8.9,4,0.071,Reforma ou serviços,Própria,0
8445.03,8036.4,36,1.823,306.39,3.63,608,1,55,6.1,0,0.079,Reforma ou serviços,Própria,0
2092.45,13984.64,48,1.359,398.56,19.05,669,0,209,1.3,1,0.557,Educação,Própria,0
4502.31,7013.32,60,1.564,181.03,4.02,719,0,96,0.9,0,0.13,Crédito pessoal,Financiada,0
6096.85,13357.56,36,0.913,437.03,7.17,583,0,6,4.4,1,0.183,Financiamento de veículo,Familiar,0
5805.26,17931.37,18,2.155,1212.44,20.89,541,0,134,6.5,0,0.257,Reforma ou serviços,Alugada,0
7264.7,5830.55,60,1.323,141.39,1.95,611,1,25,1.7,1,0.067,Financiamento de veículo,Familiar,0
2944.94,8515.07,36,2.585,366.23,12.44,483,1,65,2.7,0,0.241,Crédito pessoal,Familiar,0
5413.65,21537.06,48,1.585,644.23,11.9,562,0,39,0.8,1,0.332,Reforma ou serviços,Financiada,0
6748.09,13432.43,24,1.079,638.3,9.46,725,0,140,0.3,1,0.166,Educação,Familiar,0
8676.12,23200.51,12,2.578,2272.39,26.19,611,1,90,0.5,0,0.223,Consolidação de dívidas,Própria,0
3155.39,14607.68,36,1.653,541.64,17.17,807,0,127,1.8,1,0.386,Crédito pessoal,Financiada,0
4198.22,10809.58,12,0.55,933.33,22.23,824,0,67,0.7,2,0.215,Educação,Financiada,0
1500.0,5840.7,48,0.94,151.74,10.12,701,1,30,2.5,1,0.324,Financiamento de veículo,Alugada,1
3537.26,11896.71,36,2.984,543.6,15.37,597,2,75,0.9,2,0.28,Consolidação de dívidas,Própria,0
3756.63,13857.33,24,0.965,649.61,17.29,879,0,110,5.3,1,0.307,Reforma ou serviços,Própria,0
2763.55,10284.69,12,0.939,910.24,32.94,939,0,22,1.2,1,0.31,Crédito pessoal,Própria,0
5762.31,12568.03,18,2.245,856.5,14.86,555,0,61,1.4,0,0.182,Crédito pessoal,Familiar,0
5022.72,17960.52,18,1.324,1127.96,22.46,654,0,83,6.2,0,0.298,Educação,Própria,0
1500.0,8046.76,6,2.121,1442.44,96.16,624,0,28,2.3,1,0.447,Crédito pessoal,Própria,0
5943.35,26558.15,12,1.701,2465.43,41.48,624,1,34,2.6,3,0.372,Financiamento de veículo,Alugada,1
2924.42,17963.05,36,1.247,622.43,21.28,917,0,41,1.4,1,0.512,Consolidação de dívidas,Alugada,0
7027.18,14129.05,6,2.341,2551.51,36.31,809,0,62,2.1,1,0.168,Consolidação de dívidas,Própria,0
2348.81,4091.82,24,2.206,221.42,9.43,710,0,46,0.5,0,0.145,Consolidação de dívidas,Própria,0
5297.65,24542.63,36,2.409,1027.18,19.39,565,1,50,4.5,2,0.386,Crédito pessoal,Alugada,0
4362.73,15156.12,18,0.994,923.76,21.17,882,0,150,1.0,3,0.29,Crédito pessoal,Alugada,0
6275.05,19704.14,60,1.9,553.27,8.82,707,0,45,0.3,4,0.262,Consolidação de dívidas,Própria,0
5617.97,13707.91,24,1.031,647.66,11.53,608,0,120,3.0,1,0.203,Financiamento de veículo,Financiada,0
4439.12,27815.02,36,1.014,926.16,20.86,803,0,195,3.3,3,0.522,Reforma ou serviços,Própria,0
2006.05,8371.74,18,0.863,504.15,25.13,965,0,23,1.9,1,0.348,Crédito pessoal,Alugada,0
2080.88,17245.47,6,3.891,3278.16,157.54,369,1,92,6.7,4,0.691,Crédito pessoal,Financiada,1
3620.63,17675.38,12,3.156,1792.33,49.5,559,0,32,0.9,0,0.407,Consolidação de dívidas,Financiada,0
5173.37,17567.64,18,1.699,1140.99,22.05,844,0,89,1.7,2,0.283,Consolidação de dívidas,Alugada,1
3566.36,24705.71,18,1.997,1647.45,46.19,731,0,31,0.1,0,0.577,Consolidação de dívidas,Financiada,0
7662.13,27265.05,12,0.675,2373.01,30.97,611,0,5,0.0,2,0.297,Financiamento de veículo,Própria,0
4373.4,6209.89,18,1.713,403.85,9.23,853,0,80,2.3,0,0.118,Consolidação de dívidas,Alugada,0
2858.65,6872.07,12,2.189,657.39,23.0,691,0,51,3.0,3,0.2,Crédito pessoal,Familiar,0
4376.45,16039.66,48,2.425,569.15,13.0,653,0,113,2.2,2,0.305,Crédito pessoal,Financiada,0
5981.62,12212.96,18,0.55,714.5,11.94,904,0,30,3.0,4,0.17,Financiamento de veículo,Financiada,0
6360.37,17217.67,36,0.618,534.88,8.41,630,0,44,4.4,3,0.226,Financiamento de veículo,Própria,0
16664.05,16676.23,48,1.119,450.88,2.71,781,0,29,3.6,1,0.083,Reforma ou serviços,Própria,0
3434.72,15053.84,60,2.973,540.8,15.75,481,1,15,1.3,0,0.365,Crédito pessoal,Familiar,1
4968.42,3947.4,24,1.865,205.52,4.14,562,0,60,0.6,2,0.066,Reforma ou serviços,Financiada,0
6772.4,15506.08,18,1.618,999.88,14.76,685,0,44,2.5,1,0.191,Reforma ou serviços,Própria,0
5125.03,12147.98,48,0.835,308.23,6.01,846,0,8,4.9,2,0.198,Reforma ou serviços,Própria,0
3812.46,17126.96,60,1.05,386.24,10.13,926,0,116,3.6,1,0.374,Crédito pessoal,Própria,0
1989.97,7464.29,36,2.349,309.53,15.55,717,1,49,9.0,1,0.313,Consolidação de dívidas,Financiada,0
3788.39,9733.17,24,1.652,494.56,13.05,636,0,28,2.0,1,0.214,Reforma ou serviços,Própria,0
2672.36,12033.39,12,0.585,1041.33,38.97,774,0,81,1.2,1,0.375,Educação,Alugada,0
1782.76,4670.56,36,2.094,186.02,10.43,464,1,98,1.6,0,0.218,Financiamento de veículo,Própria,0
3175.1,10136.24,18,0.924,613.83,19.33,936,1,16,3.9,0,0.266,Crédito pessoal,Alugada,0
2716.82,10166.46,12,1.579,936.66,34.48,699,0,14,3.0,2,0.312,Consolidação de dívidas,Financiada,0
7467.84,16265.48,24,3.435,1006.03,13.47,439,2,34,1.0,1,0.182,Consolidação de dívidas,Alugada,1
7548.4,10130.73,24,1.447,502.69,6.66,601,2,63,2.4,1,0.112,Financiamento de veículo,Financiada,0
2969.08,18446.17,24,2.504,1031.81,34.75,605,0,130,0.8,1,0.518,Crédito pessoal,Alugada,0
4425.21,9167.97,24,1.963,482.68,10.91,782,0,2,3.0,0,0.173,Consolidação de dívidas,Financiada,0
1643.04,10842.11,6,0.906,1864.72,113.49,840,0,157,0.1,0,0.55,Reforma ou serviços,Financiada,0
3827.33,19441.45,24,0.841,897.91,23.46,862,0,53,0.2,1,0.423,Reforma ou serviços,Própria,0
6659.39,14698.47,18,0.55,859.91,12.91,728,1,110,0.4,1,0.184,Financiamento de veículo,Alugada,0
8672.18,5360.81,36,2.238,218.46,2.52,579,0,105,1.1,0,0.052,Crédito pessoal,Financiada,0
3342.0,9910.94,24,1.67,504.65,15.1,548,1,44,2.8,1,0.247,Financiamento de veículo,Alugada,0
9982.25,5192.97,24,1.972,273.67,2.74,728,0,33,4.5,2,0.043,Consolidação de dívidas,Financiada,0
2031.82,9157.71,48,1.444,265.82,13.08,704,0,66,1.8,1,0.376,Reforma ou serviços,Alugada,0
2399.19,1114.85,36,0.55,34.22,1.43,843,0,54,0.3,0,0.039,Financiamento de veículo,Alugada,0
8074.0,25611.33,36,1.888,986.81,12.22,564,1,27,6.2,2,0.264,Reforma ou serviços,Familiar,0
14654.59,4807.92,36,0.922,157.55,1.08,933,0,44,2.1,2,0.027,Crédito pessoal,Alugada,0
7061.0,23532.44,48,1.11,635.13,8.99,769,0,36,5.3,3,0.278,Reforma ou serviços,Financiada,0
5071.55,8821.86,36,2.67,384.41,7.58,605,1,48,2.0,1,0.145,Consolidação de dívidas,Alugada,0
1500.0,11390.18,6,0.594,1938.0,129.2,884,0,98,0.2,0,0.633,Educação,Própria,0
1500.0,5191.08,24,0.55,231.48,15.43,848,0,36,0.7,1,0.288,Reforma ou serviços,Alugada,0
5634.41,11176.72,24,1.223,540.22,9.59,838,0,58,0.1,0,0.165,Crédito pessoal,Familiar,0
4164.76,6950.94,48,2.693,259.71,6.24,527,0,44,1.2,1,0.139,Crédito pessoal,Alugada,0
2619.65,9761.65,24,2.297,533.64,20.37,691,0,43,2.1,0,0.311,Crédito pessoal,Própria,0
5415.63,5715.83,18,0.55,334.4,6.17,992,0,38,2.8,1,0.088,Educação,Alugada,0
5584.75,25813.17,24,0.742,1178.17,21.1,646,1,68,4.0,0,0.385,Financiamento de veículo,Financiada,0
9338.97,20809.73,24,2.407,1151.66,12.33,522,2,3,1.5,1,0.186,Reforma ou serviços,Própria,0
5659.59,11276.54,24,0.554,503.05,8.89,818,0,69,0.4,3,0.166,Financiamento de veículo,Familiar,0
11136.89,24334.85,18,0.591,1429.05,12.83,679,0,55,3.9,0,0.182,Financiamento de veículo,Alugada,0
5225.84,21532.67,18,1.088,1323.66,25.33,603,0,52,1.0,0,0.343,Educação,Financiada,0
4841.14,11474.64,60,2.726,390.59,8.07,617,1,76,3.6,2,0.198,Consolidação de dívidas,Financiada,0
10059.65,16684.41,24,2.519,934.87,9.29,560,0,9,1.7,3,0.138,Consolidação de dívidas,Alugada,0
2834.95,11793.02,48,1.431,341.31,12.04,630,0,95,2.8,0,0.347,Financiamento de veículo,Financiada,0
29773.42,8701.98,60,2.947,310.84,1.04,534,1,38,5.4,1,0.024,Consolidação de dívidas,Própria,0
6562.15,2225.63,48,1.732,68.66,1.05,804,2,36,5.9,2,0.028,Consolidação de dívidas,Financiada,0
6584.86,11372.72,24,1.104,541.99,8.23,717,0,22,0.2,2,0.144,Reforma ou serviços,Financiada,1
7200.99,13837.87,12,2.278,1330.95,18.48,487,0,25,0.3,2,0.16,Reforma ou serviços,Financiada,0
16651.22,5094.16,48,0.55,121.04,0.73,873,0,8,3.9,2,0.025,Financiamento de veículo,Própria,0
8499.55,25448.07,36,0.885,828.61,9.75,664,0,49,4.5,1,0.25,Financiamento de veículo,Alugada,0
1922.3,11795.08,18,4.063,936.48,48.72,496,2,30,2.7,1,0.511,Consolidação de dívidas,Financiada,1
12413.82,18750.18,48,0.55,445.52,3.59,884,0,85,1.0,1,0.126,Financiamento de veículo,Alugada,0
4209.33,8885.02,24,0.55,396.2,9.41,804,0,60,3.2,0,0.176,Financiamento de veículo,Familiar,0
5557.2,12773.19,36,2.044,504.7,9.08,582,0,54,2.3,1,0.192,Educação,Própria,0
2352.6,9132.85,24,3.545,571.42,24.29,504,2,33,1.1,0,0.324,Consolidação de dívidas,Alugada,1
7205.93,8255.89,36,1.789,313.05,4.34,647,0,40,5.5,0,0.095,Crédito pessoal,Financiada,0
3472.26,4063.57,24,0.55,181.2,5.22,813,0,127,3.4,0,0.098,Financiamento de veículo,Alugada,0
5533.19,38418.51,24,0.55,1713.14,30.96,772,0,32,4.9,1,0.579,Educação,Financiada,0
4360.2,17409.53,36,1.719,652.54,14.97,560,2,3,2.1,0,0.333,Financiamento de veículo,Financiada,0
17152.89,6842.57,24,2.644,388.7,2.27,527,2,39,4.7,0,0.033,Crédito pessoal,Própria,0
17772.64,20658.07,24,0.656,933.14,5.25,740,0,20,3.7,1,0.097,Financiamento de veículo,Financiada,0
5352.14,5965.05,18,1.91,394.73,7.38,703,1,36,0.2,1,0.093,Reforma ou serviços,Financiada,0
5410.41,21206.67,36,0.55,650.93,12.03,771,0,47,1.8,1,0.327,Financiamento de veículo,Alugada,0
4125.24,18759.97,48,1.478,548.53,13.3,909,0,20,2.5,0,0.379,Consolidação de dívidas,Alugada,0
10323.08,8610.76,12,1.441,786.55,7.62,678,0,8,4.9,0,0.07,Reforma ou serviços,Própria,0
4240.7,4394.21,36,1.972,171.63,4.05,528,2,39,0.7,2,0.086,Financiamento de veículo,Própria,0
4004.54,9581.51,18,1.275,599.1,14.96,516,0,115,2.0,1,0.199,Financiamento de veículo,Alugada,1
9538.98,14774.03,18,1.126,911.37,9.55,925,0,45,6.0,1,0.129,Crédito pessoal,Própria,0
3724.43,4442.33,12,2.679,437.77,11.75,532,0,56,1.4,2,0.099,Crédito pessoal,Própria,0
5079.69,8320.43,18,1.035,509.02,10.02,856,0,35,0.2,0,0.136,Reforma ou serviços,Própria,0
1950.81,9954.67,24,1.199,479.78,24.59,781,0,64,3.4,0,0.425,Reforma ou serviços,Financiada,0
8046.66,13021.83,18,1.966,865.97,10.76,604,0,77,3.4,4,0.135,Crédito pessoal,Alugada,0
17322.32,92113.14,12,1.51,8450.22,48.78,678,0,101,0.4,2,0.443,Reforma ou serviços,Própria,0
8132.09,18795.37,36,0.589,580.98,7.14,614,0,122,2.4,1,0.193,Financiamento de veículo,Financiada,0
12870.97,11947.32,36,1.613,440.07,3.42,750,0,59,2.4,2,0.077,Crédito pessoal,Alugada,0
3077.37,7183.0,24,1.528,359.79,11.69,837,0,103,1.4,0,0.195,Crédito pessoal,Financiada,0
6020.56,6021.92,6,0.55,1023.06,16.99,881,0,85,2.0,2,0.083,Financiamento de veículo,Própria,0
2897.65,11660.21,36,2.108,465.46,16.06,594,0,65,2.2,2,0.335,Crédito pessoal,Própria,0
4515.18,9707.28,48,0.55,230.66,5.11,948,0,45,2.4,0,0.179,Financiamento de veículo,Própria,0
8393.27,10893.51,36,1.171,372.61,4.44,655,0,5,3.3,1,0.108,Reforma ou serviços,Alugada,0
5538.85,15713.59,48,0.699,386.5,6.98,872,0,171,3.7,1,0.236,Educação,Própria,0
2165.87,8408.28,6,2.035,1502.88,69.39,583,0,50,3.6,2,0.324,Reforma ou serviços,Própria,0
2300.99,15246.3,18,0.607,896.74,38.97,774,0,32,1.0,0,0.552,Financiamento de veículo,Própria,0
2208.55,15569.65,36,0.55,477.9,21.64,876,0,32,6.3,0,0.587,Financiamento de veículo,Familiar,0
7052.34,9002.02,24,2.01,476.49,6.76,763,0,76,0.9,1,0.106,Consolidação de dívidas,Financiada,0
18695.32,16290.62,12,0.55,1406.57,7.52,906,0,16,2.7,2,0.073,Financiamento de veículo,Própria,0
12102.15,2654.73,48,2.016,86.83,0.72,473,0,115,4.2,0,0.018,Reforma ou serviços,Financiada,0
1605.04,8814.84,24,2.153,474.18,29.54,606,0,58,0.4,0,0.458,Crédito pessoal,Alugada,1
12550.06,18049.75,48,1.939,581.15,4.63,694,0,27,0.3,3,0.12,Crédito pessoal,Financiada,0
9292.68,3149.32,60,0.55,61.77,0.66,892,0,69,2.1,1,0.028,Financiamento de veículo,Própria,0
1994.86,3639.66,6,1.008,628.18,31.49,774,1,80,3.3,1,0.152,Reforma ou serviços,Alugada,0
4308.86,11074.84,60,1.741,298.91,6.94,612,0,26,0.0,1,0.214,Educação,Financiada,0
10256.2,8782.89,36,2.715,385.4,3.76,593,0,67,3.2,0,0.071,Consolidação de dívidas,Própria,0
7315.0,13335.38,36,0.932,437.72,5.98,953,0,35,0.4,2,0.152,Reforma ou serviços,Financiada,0
2309.47,14448.15,12,2.087,1373.51,59.47,707,0,36,4.1,0,0.521,Crédito pessoal,Financiada,1
7593.7,41858.99,12,3.056,4219.26,55.56,628,2,39,1.2,0,0.459,Consolidação de dívidas,Própria,1
1500.0,8974.97,24,3.546,561.58,37.44,467,1,3,2.6,0,0.499,Consolidação de dívidas,Familiar,0
4529.03,21542.45,12,0.885,1900.17,41.96,717,0,96,1.7,2,0.396,Educação,Financiada,0
10529.62,9905.85,36,2.04,391.16,3.71,667,1,36,4.9,1,0.078,Crédito pessoal,Alugada,0
5259.64,18395.75,48,1.841,580.5,11.04,781,0,35,1.2,0,0.291,Consolidação de dívidas,Própria,0
3816.44,10313.86,60,0.84,219.52,5.75,756,0,105,0.9,0,0.225,Financiamento de veículo,Alugada,0
9025.49,5385.88,18,2.303,368.88,4.09,606,0,62,0.7,0,0.05,Crédito pessoal,Familiar,0
9516.29,8931.14,24,1.291,435.16,4.57,950,0,23,2.5,0,0.078,Consolidação de dívidas,Familiar,0
11715.15,18269.58,12,1.821,1708.64,14.58,716,0,56,5.2,1,0.13,Crédito pessoal,Alugada,0
8941.93,6030.81,18,1.937,400.03,4.47,769,0,64,2.8,0,0.056,Crédito pessoal,Alugada,1
10166.63,14705.96,18,0.994,896.34,8.82,747,0,40,6.9,4,0.121,Reforma ou serviços,Financiada,0
8191.21,17504.27,24,3.138,1049.02,12.81,504,1,142,1.8,0,0.178,Consolidação de dívidas,Alugada,0
6130.56,17708.82,18,2.622,1246.74,20.34,484,1,39,0.5,1,0.241,Educação,Própria,0
5496.73,23673.8,6,0.885,4068.71,74.02,833,0,46,1.2,3,0.359,Educação,Própria,0
4488.68,23693.38,18,1.821,1555.69,34.66,695,0,47,1.2,0,0.44,Crédito pessoal,Própria,0
2452.21,5550.83,12,1.883,521.11,21.25,588,1,77,3.6,2,0.189,Educação,Própria,0
2875.9,10561.71,6,1.239,1837.43,63.89,767,0,21,2.1,0,0.306,Crédito pessoal,Alugada,0
4365.84,12523.0,24,0.55,558.42,12.79,784,0,84,0.1,0,0.239,Financiamento de veículo,Própria,0
6039.73,9659.82,36,1.542,351.66,5.82,772,0,182,4.4,0,0.133,Crédito pessoal,Financiada,0
12704.58,32229.95,48,0.55,765.82,6.03,846,0,12,1.6,1,0.211,Financiamento de veículo,Alugada,0
5066.98,31885.1,12,1.965,3008.61,59.38,617,0,23,0.4,0,0.524,Reforma ou serviços,Financiada,1
9687.28,41108.93,12,1.456,3758.44,38.8,614,0,11,1.9,2,0.354,Reforma ou serviços,Alugada,1
10153.66,12551.08,36,1.816,477.95,4.71,693,0,5,1.2,0,0.103,Reforma ou serviços,Própria,0
4504.88,6075.41,24,1.11,289.74,6.43,647,0,22,3.8,0,0.112,Financiamento de veículo,Própria,0
7518.5,11783.36,48,2.64,435.88,5.8,461,0,23,2.2,1,0.131,Crédito pessoal,Própria,0
4471.26,6931.14,24,3.145,415.69,9.3,403,2,81,1.2,2,0.129,Crédito pessoal,Alugada,1
11803.34,25286.17,48,1.395,726.25,6.15,863,1,103,2.5,4,0.179,Crédito pessoal,Alugada,0
7712.8,23946.93,12,1.428,2185.65,28.34,772,0,56,6.4,0,0.259,Reforma ou serviços,Alugada,0
2485.71,15845.04,60,1.122,364.29,14.66,631,1,95,5.2,3,0.531,Financiamento de veículo,Própria,0
5747.72,31337.76,24,1.568,1576.86,27.43,860,0,76,1.6,1,0.454,Crédito pessoal,Financiada,0
14447.02,14081.74,48,2.145,472.71,3.27,637,0,28,1.7,2,0.081,Crédito pessoal,Familiar,0
4647.34,8772.91,6,1.844,1557.97,33.52,763,0,61,1.2,0,0.157,Crédito pessoal,Alugada,0
6863.67,13497.36,12,1.72,1254.49,18.28,736,0,20,3.5,1,0.164,Reforma ou serviços,Financiada,0
7294.38,6929.4,36,2.315,285.79,3.92,640,1,46,0.6,2,0.079,Crédito pessoal,Financiada,0
2734.51,8483.34,6,1.027,1465.17,53.58,735,0,54,6.9,0,0.259,Reforma ou serviços,Própria,0
7137.04,14078.47,24,0.55,627.78,8.8,899,1,70,6.1,0,0.164,Financiamento de veículo,Própria,0
2191.27,4881.39,18,2.221,331.97,15.15,491,1,132,0.9,0,0.186,Financiamento de veículo,Alugada,0
3528.14,7652.97,24,1.685,390.35,11.06,484,2,15,0.7,3,0.181,Financiamento de veículo,Financiada,0
10131.07,5418.0,36,2.176,218.62,2.16,528,1,45,5.8,3,0.045,Crédito pessoal,Própria,0
6487.31,23307.25,36,1.389,827.11,12.75,765,0,116,2.8,2,0.299,Crédito pessoal,Própria,0
4305.45,7419.81,36,1.788,281.26,6.53,596,0,26,1.4,2,0.144,Reforma ou serviços,Financiada,0
6858.33,15527.96,24,0.632,699.35,10.2,897,0,20,4.2,1,0.189,Educação,Própria,0
5009.83,31775.3,36,0.698,1001.17,19.98,798,0,75,0.4,1,0.529,Financiamento de veículo,Financiada,0
5240.71,24993.17,24,0.55,1114.48,21.27,825,0,67,1.5,0,0.397,Educação,Alugada,0
7813.76,21372.63,24,2.729,1225.45,15.68,673,0,11,5.2,3,0.228,Consolidação de dívidas,Própria,0
3312.46,30544.48,36,0.741,969.75,29.28,756,0,30,3.3,1,0.768,Financiamento de veículo,Própria,0
5331.68,16141.53,24,1.518,807.53,15.15,761,0,18,4.0,1,0.252,Reforma ou serviços,Alugada,0
4284.71,6288.98,24,1.481,313.29,7.31,882,0,18,11.8,1,0.122,Crédito pessoal,Familiar,0
1945.63,18765.68,18,1.342,1180.46,60.67,819,0,63,2.5,0,0.804,Crédito pessoal,Financiada,0
2938.73,19203.95,36,2.388,801.18,27.26,705,0,63,2.6,1,0.545,Crédito pessoal,Financiada,0
13748.73,19651.31,18,0.944,1192.22,8.67,929,0,45,2.2,1,0.119,Reforma ou serviços,Própria,0
6600.78,15835.22,6,2.113,2837.77,42.99,448,3,15,1.2,1,0.2,Financiamento de veículo,Própria,1
2288.81,4098.6,12,0.55,353.88,15.46,911,0,18,3.1,1,0.149,Financiamento de veículo,Alugada,0
2000.98,7450.12,48,2.574,272.12,13.6,718,0,60,3.0,3,0.31,Crédito pessoal,Própria,0
4850.67,23060.7,48,3.321,967.46,19.94,496,0,12,4.1,2,0.396,Consolidação de dívidas,Alugada,1
13689.02,3489.89,60,1.561,90.03,0.66,651,0,7,2.3,0,0.021,Crédito pessoal,Financiada,0
4631.44,12828.09,24,0.55,572.02,12.35,813,0,31,1.9,2,0.231,Financiamento de veículo,Própria,0
11693.09,16956.61,18,2.843,1216.58,10.4,601,1,45,3.2,0,0.121,Consolidação de dívidas,Alugada,0
6467.93,10849.16,60,0.998,241.2,3.73,755,0,9,0.1,1,0.14,Reforma ou serviços,Financiada,0
6964.56,54439.16,36,1.121,1846.18,26.51,554,0,62,0.5,1,0.651,Financiamento de veículo,Própria,0
2271.66,4615.64,48,3.022,183.43,8.07,585,5,41,1.5,1,0.169,Crédito pessoal,Financiada,1
9299.15,8274.63,24,1.442,410.32,4.41,795,0,17,4.7,1,0.074,Crédito pessoal,Alugada,0
4224.92,17616.47,36,2.232,717.11,16.97,680,0,48,2.0,1,0.347,Crédito pessoal,Financiada,1
8879.77,18591.28,36,2.775,823.25,9.27,548,0,6,2.0,2,0.174,Crédito pessoal,Financiada,0
3138.9,15021.01,36,1.464,539.83,17.2,625,0,34,1.7,2,0.399,Reforma ou serviços,Própria,0
5803.31,16977.94,18,0.877,1023.78,17.64,873,0,35,1.4,1,0.244,Reforma ou serviços,Financiada,0
6468.22,8826.52,48,1.413,254.46,3.93,794,0,46,1.4,1,0.114,Crédito pessoal,Alugada,0
4726.37,10939.94,24,1.911,572.58,12.11,753,0,50,0.8,2,0.193,Crédito pessoal,Própria,0
6682.4,6561.89,36,1.373,232.24,3.48,825,0,77,2.3,0,0.082,Crédito pessoal,Financiada,0
4408.31,18620.04,24,1.055,882.28,20.01,822,0,44,4.7,2,0.352,Educação,Alugada,0
3477.25,4101.35,12,1.66,379.77,10.92,592,0,12,1.9,1,0.098,Educação,Própria,0
14070.19,5225.78,24,2.191,282.3,2.01,833,0,20,2.8,1,0.031,Consolidação de dívidas,Própria,0
9964.31,26290.76,24,1.845,1365.66,13.71,737,0,216,2.1,1,0.22,Crédito pessoal,Própria,0
3244.37,7159.01,48,0.703,176.22,5.43,903,0,9,3.0,3,0.184,Crédito pessoal,Familiar,0
7397.14,62173.83,48,1.694,1902.99,25.73,889,0,157,1.5,0,0.7,Consolidação de dívidas,Alugada,0
3281.16,10008.0,18,1.914,662.52,20.19,678,0,142,0.1,3,0.254,Crédito pessoal,Própria,0
2494.66,9135.31,36,1.512,330.93,13.27,420,2,11,0.7,2,0.305,Financiamento de veículo,Alugada,0
9871.19,20296.01,24,1.731,1040.68,10.54,723,0,87,2.5,2,0.171,Crédito pessoal,Própria,0
1807.81,8339.13,36,2.611,360.14,19.92,649,0,61,7.3,3,0.384,Consolidação de dívidas,Própria,0
9237.85,12151.01,24,0.637,547.55,5.93,789,0,98,1.7,0,0.11,Financiamento de veículo,Própria,0
4445.85,13092.06,24,1.683,667.58,15.02,540,1,21,1.0,3,0.245,Financiamento de veículo,Financiada,0
4560.81,25121.14,36,0.909,821.29,18.01,842,0,61,1.0,0,0.459,Reforma ou serviços,Própria,0
6704.0,16181.76,60,1.036,363.53,5.42,901,0,26,0.2,1,0.201,Crédito pessoal,Alugada,0
7455.87,11000.81,6,1.791,1950.08,26.16,665,0,17,1.7,1,0.123,Crédito pessoal,Alugada,0
3115.3,12255.82,6,0.699,2092.92,67.18,907,0,48,0.1,2,0.328,Educação,Própria,0
8114.47,57909.29,24,1.883,3021.18,37.23,759,0,76,4.2,1,0.595,Crédito pessoal,Própria,0
5578.66,11180.52,36,0.816,359.68,6.45,942,0,71,3.0,0,0.167,Crédito pessoal,Alugada,0
2386.68,7749.87,48,2.179,261.93,10.97,738,0,92,0.1,0,0.271,Crédito pessoal,Financiada,0
4680.18,12481.56,18,0.55,730.21,15.6,871,0,23,11.8,2,0.222,Financiamento de veículo,Própria,0
12244.19,14621.28,24,2.251,795.16,6.49,770,0,141,1.6,1,0.1,Consolidação de dívidas,Própria,0
14704.41,8210.25,48,1.929,263.84,1.79,785,0,47,0.7,0,0.047,Consolidação de dívidas,Financiada,0
8112.57,36740.19,24,2.724,2105.48,25.95,726,0,16,9.4,1,0.377,Consolidação de dívidas,Própria,0
2485.93,10760.59,12,0.55,929.1,37.37,777,0,87,1.9,0,0.361,Financiamento de veículo,Financiada,0
7048.64,20111.13,48,0.55,477.86,6.78,955,0,42,2.6,3,0.238,Crédito pessoal,Financiada,0
8812.69,19416.23,18,1.9,1283.8,14.57,600,0,28,2.6,1,0.184,Educação,Familiar,0
8154.73,11045.13,60,2.325,343.22,4.21,546,0,42,2.5,1,0.113,Reforma ou serviços,Alugada,0
8459.84,18767.04,18,1.174,1162.73,13.74,954,0,7,3.7,0,0.185,Crédito pessoal,Familiar,0
6513.53,5822.28,36,0.859,188.71,2.9,765,0,123,5.0,1,0.074,Financiamento de veículo,Alugada,0
4971.71,8063.52,48,0.89,207.16,4.17,751,0,66,1.9,3,0.135,Financiamento de veículo,Financiada,0
3566.09,7952.87,18,4.034,629.98,17.67,390,2,47,7.7,1,0.186,Consolidação de dívidas,Própria,0
1603.1,10614.63,24,1.045,502.35,31.34,655,0,35,0.2,2,0.552,Financiamento de veículo,Própria,0
6418.83,24370.13,24,0.55,1086.7,16.93,836,0,95,7.5,0,0.316,Financiamento de veículo,Alugada,0
5835.8,9790.77,24,1.592,494.02,8.47,527,1,128,1.2,1,0.14,Financiamento de veículo,Própria,0
7347.47,11756.35,24,1.325,575.09,7.83,932,0,14,7.4,0,0.133,Crédito pessoal,Própria,0
2269.1,9055.44,24,1.489,451.49,19.9,623,1,47,3.2,0,0.333,Educação,Própria,0
7756.79,31590.39,36,1.96,1231.4,15.88,678,0,58,0.6,3,0.339,Crédito pessoal,Alugada,0
18587.26,12316.01,18,3.097,902.83,4.86,409,3,94,3.9,0,0.055,Crédito pessoal,Própria,0
5459.18,8914.62,36,3.138,416.75,7.63,614,3,73,0.1,1,0.136,Consolidação de dívidas,Própria,0
5004.94,7584.2,12,2.813,753.44,15.05,617,1,61,0.8,2,0.126,Crédito pessoal,Alugada,0
6298.05,6479.48,18,2.715,459.84,7.3,464,1,44,1.3,1,0.086,Crédito pessoal,Própria,0
18333.09,23288.36,12,0.963,2064.31,11.26,711,0,13,3.1,2,0.106,Reforma ou serviços,Alugada,0
2756.6,13365.44,48,1.722,411.5,14.93,628,0,49,5.1,3,0.404,Reforma ou serviços,Própria,0
5898.2,34360.99,24,2.155,1848.85,31.35,660,0,36,1.0,2,0.485,Crédito pessoal,Financiada,0
3167.27,7694.62,18,1.599,495.33,15.64,801,1,14,0.7,0,0.202,Crédito pessoal,Alugada,0
3704.38,4630.15,36,1.499,167.36,4.52,811,0,128,0.6,2,0.104,Consolidação de dívidas,Própria,0
5042.55,12133.38,24,1.723,621.53,12.33,830,0,46,2.2,3,0.201,Crédito pessoal,Financiada,0
11989.11,32616.83,24,2.092,1742.55,14.53,769,0,72,3.8,2,0.227,Consolidação de dívidas,Própria,0
15883.37,18192.91,24,0.717,827.8,5.21,843,0,38,2.4,0,0.095,Financiamento de veículo,Alugada,0
6865.49,13318.8,18,3.174,982.67,14.31,505,2,19,2.2,1,0.162,Crédito pessoal,Alugada,0
4117.19,9624.51,60,0.55,188.77,4.58,847,0,76,1.1,2,0.195,Financiamento de veículo,Alugada,0
24389.6,11157.0,6,1.988,1991.04,8.16,598,0,134,1.0,3,0.038,Reforma ou serviços,Financiada,0
3989.14,32746.78,18,1.473,2084.46,52.25,857,0,93,6.9,2,0.684,Crédito pessoal,Alugada,0
3649.37,7699.98,36,2.396,321.62,8.81,587,2,63,7.1,2,0.176,Educação,Familiar,0
1730.13,5103.67,24,0.765,233.59,13.5,956,0,37,2.1,2,0.246,Crédito pessoal,Financiada,0
12357.16,15608.93,24,1.006,735.3,5.95,676,0,54,1.5,1,0.105,Educação,Alugada,0
9477.98,14142.15,36,1.339,497.69,5.25,851,0,74,1.6,1,0.124,Crédito pessoal,Própria,0
23282.41,11234.71,36,1.307,393.21,1.69,674,0,34,3.8,2,0.04,Educação,Familiar,0
2197.13,4938.03,12,2.714,487.65,22.19,566,0,73,2.0,0,0.187,Consolidação de dívidas,Financiada,0
12842.04,16392.1,12,1.618,1513.88,11.79,684,0,39,1.3,1,0.106,Reforma ou serviços,Própria,0
5431.11,11514.66,18,1.757,751.76,13.84,567,1,5,1.6,0,0.177,Crédito pessoal,Familiar,0
8571.48,19135.87,24,2.163,1030.47,12.02,553,0,20,6.9,2,0.186,Crédito pessoal,Alugada,0
1872.06,4169.12,48,2.003,135.99,7.26,685,0,41,2.7,0,0.186,Crédito pessoal,Financiada,0
12921.2,13499.97,6,1.089,2336.5,18.08,908,0,49,2.9,2,0.087,Crédito pessoal,Alugada,0
8468.04,15696.03,36,1.956,611.48,7.22,535,0,87,5.8,1,0.154,Financiamento de veículo,Própria,0
5076.06,19718.11,18,0.809,1181.57,23.28,871,0,57,6.6,0,0.324,Reforma ou serviços,Familiar,0
7757.25,3835.72,24,0.55,171.04,2.2,856,0,9,3.5,4,0.041,Financiamento de veículo,Familiar,0
3235.07,9716.31,24,0.55,433.26,13.39,904,0,74,0.2,0,0.25,Financiamento de veículo,Financiada,0
3630.63,4131.34,12,0.55,356.71,9.83,845,0,35,1.4,2,0.095,Financiamento de veículo,Alugada,0
3901.35,10737.28,12,2.437,1042.76,26.73,545,0,12,1.0,1,0.229,Crédito pessoal,Familiar,1
1648.67,14638.18,36,2.386,610.47,37.03,374,2,74,0.8,2,0.74,Reforma ou serviços,Própria,0
8872.43,35247.46,48,0.904,908.31,10.24,894,0,82,6.5,1,0.331,Reforma ou serviços,Financiada,0
10885.66,6851.06,18,3.056,500.47,4.6,517,1,52,7.8,2,0.052,Crédito pessoal,Financiada,0
3366.34,7698.59,36,1.368,272.24,8.09,834,0,59,1.0,2,0.191,Crédito pessoal,Própria,0
6453.0,4164.66,24,1.612,210.64,3.26,501,2,50,1.3,1,0.054,Financiamento de veículo,Própria,0
4410.66,8315.69,36,2.187,336.11,7.62,573,0,72,0.3,0,0.157,Reforma ou serviços,Alugada,0
6373.75,55073.84,48,1.083,1477.38,23.18,534,2,40,5.3,1,0.72,Financiamento de veículo,Alugada,0
3523.87,4459.91,36,3.384,216.15,6.13,495,1,5,4.3,2,0.105,Consolidação de dívidas,Própria,1
3006.98,1491.71,48,2.772,56.58,1.88,601,1,20,0.7,0,0.041,Consolidação de dívidas,Própria,0
9983.61,26418.4,24,2.948,1551.14,15.54,586,0,23,1.1,2,0.221,Consolidação de dívidas,Alugada,0
4998.11,25986.25,12,0.882,2291.73,45.85,768,0,36,2.6,2,0.433,Reforma ou serviços,Financiada,0
18217.2,14502.8,12,0.55,1252.21,6.87,855,0,39,3.2,1,0.066,Financiamento de veículo,Alugada,0
5351.47,12355.78,36,1.437,442.03,8.26,595,0,119,1.7,1,0.192,Financiamento de veículo,Familiar,0
2928.5,9210.51,24,1.47,458.23,15.65,855,0,46,4.0,0,0.262,Crédito pessoal,Alugada,0
11126.86,25029.52,24,0.705,1137.29,10.22,832,0,59,4.0,1,0.187,Crédito pessoal,Alugada,0
7688.72,6709.46,36,1.598,246.53,3.21,576,1,41,2.2,0,0.073,Financiamento de veículo,Alugada,0
8160.62,5691.79,36,2.772,251.92,3.09,616,2,50,2.0,3,0.058,Crédito pessoal,Própria,1
10878.96,6788.6,36,1.483,244.73,2.25,842,0,59,4.1,1,0.052,Crédito pessoal,Alugada,0
3469.2,8038.43,6,0.653,1370.51,39.51,915,0,94,2.2,1,0.193,Reforma ou serviços,Financiada,0
4805.5,23588.61,48,1.09,633.81,13.19,818,0,92,1.1,1,0.409,Educação,Alugada,0
4675.61,18559.68,24,2.261,1010.49,21.61,449,0,12,1.2,1,0.331,Educação,Alugada,1
2335.9,10795.19,36,1.861,414.11,17.73,584,0,24,0.7,0,0.385,Crédito pessoal,Alugada,0
4415.99,17157.11,24,0.733,782.19,17.71,953,0,35,2.0,0,0.324,Crédito pessoal,Alugada,0
11908.04,13094.91,12,2.908,1308.29,10.99,530,3,87,4.1,2,0.092,Reforma ou serviços,Financiada,0
6024.34,7674.44,24,0.879,356.1,5.91,951,0,55,0.4,0,0.106,Crédito pessoal,Financiada,0
2257.14,5341.52,12,1.374,485.87,21.53,688,0,39,1.1,0,0.197,Educação,Alugada,0
1981.86,6310.12,6,0.55,1072.02,54.09,791,0,15,3.7,1,0.265,Financiamento de veículo,Própria,0
14597.05,24142.17,18,0.55,1412.4,9.68,944,0,76,2.4,1,0.138,Educação,Financiada,0
4916.81,18792.48,24,0.55,837.98,17.04,803,0,96,1.8,1,0.319,Financiamento de veículo,Própria,0
3480.81,9328.31,18,3.937,733.09,21.06,496,5,21,0.6,1,0.223,Crédito pessoal,Financiada,1
4387.61,11400.69,60,2.777,392.43,8.94,625,0,9,0.5,0,0.217,Consolidação de dívidas,Alugada,0
2080.75,17166.34,6,0.743,2935.92,141.1,775,0,43,1.1,2,0.688,Financiamento de veículo,Alugada,1
12565.78,4720.57,48,0.55,112.17,0.89,926,0,44,3.1,1,0.031,Crédito pessoal,Alugada,0
4075.39,5958.14,24,2.14,320.03,7.85,545,2,115,2.5,1,0.122,Reforma ou serviços,Familiar,0
12139.29,4929.71,36,1.999,193.37,1.59,922,0,28,6.9,3,0.034,Consolidação de dívidas,Própria,0
5369.22,26797.78,48,1.57,798.94,14.88,587,1,24,0.5,0,0.416,Financiamento de veículo,Alugada,0
12616.03,11434.59,36,2.013,449.57,3.56,709,0,23,1.9,0,0.076,Crédito pessoal,Própria,0
6097.08,14601.87,24,1.73,748.6,12.28,711,0,17,0.2,0,0.2,Educação,Própria,0
8825.66,21612.8,36,1.307,756.43,8.57,796,0,39,3.9,3,0.204,Crédito pessoal,Alugada,0
8121.35,13884.43,60,2.055,404.79,4.98,782,0,79,4.1,0,0.142,Consolidação de dívidas,Financiada,0
7653.01,8810.3,12,3.018,886.07,11.58,394,2,82,0.8,0,0.096,Reforma ou serviços,Própria,1
6451.92,6350.78,24,0.722,289.16,4.48,701,0,17,1.9,1,0.082,Financiamento de veículo,Própria,0
4500.96,11813.53,24,0.55,526.78,11.7,786,0,90,4.0,3,0.219,Financiamento de veículo,Financiada,0
17051.33,24916.84,48,1.403,716.79,4.2,825,0,46,3.0,1,0.122,Reforma ou serviços,Própria,0
2963.46,4146.04,12,2.701,409.11,13.81,533,1,7,1.2,1,0.117,Crédito pessoal,Própria,0
5213.91,9852.08,36,2.307,405.81,7.78,630,0,73,0.4,0,0.157,Crédito pessoal,Própria,0
5248.21,3478.58,18,0.832,208.9,3.98,632,0,93,2.4,1,0.055,Financiamento de veículo,Familiar,0
6673.68,27181.71,36,1.247,941.85,14.11,820,0,29,0.7,1,0.339,Crédito pessoal,Financiada,0
3984.4,4220.97,12,0.55,364.45,9.15,736,0,46,3.0,0,0.088,Financiamento de veículo,Financiada,0
6320.52,4401.25,48,0.55,104.58,1.65,939,0,38,1.3,2,0.058,Educação,Própria,0
4683.17,11892.73,6,1.61,2095.27,44.74,860,0,49,1.4,1,0.212,Crédito pessoal,Alugada,0
1950.04,8797.25,48,2.158,296.09,15.18,428,2,37,0.1,0,0.376,Financiamento de veículo,Própria,1
5230.89,3783.43,24,2.119,202.75,3.88,499,3,52,4.1,0,0.06,Educação,Financiada,1
2628.22,20487.62,48,2.386,721.5,27.45,530,2,4,3.4,0,0.65,Crédito pessoal,Familiar,1
1774.18,5594.21,6,0.552,950.46,53.57,823,0,28,0.7,0,0.263,Financiamento de veículo,Própria,0
5660.54,20987.51,48,1.866,665.66,11.76,788,0,41,3.0,1,0.309,Crédito pessoal,Própria,0
7036.75,5793.33,24,1.887,302.39,4.3,684,0,67,0.5,0,0.069,Crédito pessoal,Alugada,0
7208.14,6854.75,12,0.55,591.86,8.21,815,0,4,3.0,2,0.079,Financiamento de veículo,Própria,0
7391.31,8186.33,60,2.121,242.44,3.28,741,0,93,2.6,1,0.092,Consolidação de dívidas,Familiar,0
1569.02,4793.55,18,1.838,315.19,20.09,815,0,46,5.5,0,0.255,Consolidação de dívidas,Alugada,0
2236.31,3361.78,12,0.884,296.5,13.26,819,0,88,2.5,2,0.125,Educação,Familiar,0
17676.6,10729.23,12,1.488,982.9,5.56,620,1,58,2.2,2,0.051,Financiamento de veículo,Familiar,0
2716.62,15878.6,24,1.781,818.85,30.14,806,0,109,1.9,2,0.487,Crédito pessoal,Própria,0
7594.16,32336.4,36,1.534,1175.74,15.48,744,0,60,1.2,4,0.355,Reforma ou serviços,Financiada,0
3396.54,7368.1,18,1.397,465.79,13.71,882,1,10,5.2,2,0.181,Consolidação de dívidas,Própria,0
5463.31,16839.41,36,2.788,747.07,13.67,542,1,70,0.3,0,0.257,Crédito pessoal,Alugada,0
3511.49,8682.51,48,1.57,258.88,7.37,813,0,49,1.8,1,0.206,Crédito pessoal,Financiada,1
7365.55,5621.2,24,1.798,290.43,3.94,582,2,27,0.6,0,0.064,Reforma ou serviços,Familiar,0
5660.2,12580.86,60,2.31,389.58,6.88,569,0,51,6.3,0,0.185,Crédito pessoal,Familiar,0
3938.18,11140.03,12,1.077,994.58,25.25,654,0,62,2.0,0,0.236,Financiamento de veículo,Alugada,0
2711.64,19598.0,36,2.275,803.29,29.62,534,1,53,2.7,0,0.602,Crédito pessoal,Financiada,1
6139.1,14592.35,36,1.195,501.17,8.16,726,0,12,1.3,1,0.198,Reforma ou serviços,Financiada,0
2451.68,12090.05,24,1.999,639.13,26.07,567,0,117,3.1,1,0.411,Reforma ou serviços,Própria,0
6778.1,13586.63,12,1.986,1283.65,18.94,650,0,77,0.6,0,0.167,Crédito pessoal,Própria,0
26498.27,20207.68,24,1.726,1035.57,3.91,827,0,44,1.2,3,0.064,Crédito pessoal,Financiada,0
12010.29,7977.2,12,2.355,770.85,6.42,639,0,35,7.0,2,0.055,Crédito pessoal,Própria,0
8117.6,23971.49,12,1.815,2241.05,27.61,575,2,112,10.6,1,0.246,Reforma ou serviços,Financiada,1
4931.2,8438.29,24,1.57,424.69,8.61,490,2,53,0.2,1,0.143,Financiamento de veículo,Financiada,0
1563.04,7815.36,36,2.434,328.42,21.01,561,1,13,0.9,0,0.417,Reforma ou serviços,Própria,0
2290.66,11531.66,48,1.427,333.51,14.56,698,0,112,4.0,3,0.42,Educação,Própria,0
11518.91,11159.79,12,1.02,992.78,8.62,485,2,31,4.0,2,0.081,Financiamento de veículo,Financiada,0
3186.78,15696.14,60,1.149,363.5,11.41,885,0,13,0.7,0,0.41,Reforma ou serviços,Alugada,0
3370.71,7099.53,24,1.026,335.25,9.95,931,0,53,1.2,0,0.176,Crédito pessoal,Própria,0
4692.45,19130.34,36,2.346,792.92,16.9,584,0,26,0.8,1,0.34,Crédito pessoal,Própria,0
2691.75,9910.36,12,1.508,909.04,33.77,740,0,40,2.9,0,0.307,Crédito pessoal,Alugada,0
2430.41,12584.88,48,2.071,416.21,17.13,582,0,60,0.7,1,0.432,Educação,Alugada,0
5039.79,5225.64,36,0.771,166.79,3.31,735,0,1,1.2,4,0.086,Financiamento de veículo,Familiar,0
2991.91,10613.72,12,1.18,953.77,31.88,763,0,49,3.3,1,0.296,Reforma ou serviços,Familiar,0
3284.54,6959.39,24,0.55,310.33,9.45,585,0,96,2.2,0,0.177,Financiamento de veículo,Alugada,0
3203.74,6711.02,24,2.178,362.02,11.3,595,0,14,4.4,2,0.175,Crédito pessoal,Familiar,0
7188.78,34202.08,60,0.755,711.06,9.89,804,0,3,0.7,0,0.396,Reforma ou serviços,Alugada,0
4502.99,8117.76,60,0.55,159.21,3.54,966,0,79,1.2,1,0.15,Reforma ou serviços,Financiada,0
4655.01,5902.9,36,1.891,227.57,4.89,672,1,47,0.6,1,0.106,Crédito pessoal,Financiada,0
7529.02,9811.3,24,2.186,529.72,7.04,570,0,65,1.0,1,0.109,Reforma ou serviços,Própria,0
4761.65,13692.42,24,1.525,685.54,14.4,913,0,31,0.3,2,0.24,Crédito pessoal,Alugada,0
4376.03,16717.69,18,0.852,1005.71,22.98,801,0,52,0.0,0,0.318,Educação,Alugada,0
6961.1,10310.68,36,0.55,316.48,4.55,671,0,113,3.5,0,0.123,Financiamento de veículo,Própria,0
7869.08,30961.16,24,2.952,1818.81,23.11,497,3,65,0.3,1,0.328,Crédito pessoal,Alugada,1
4746.81,10215.89,24,0.809,470.03,9.9,656,0,16,2.5,1,0.179,Financiamento de veículo,Própria,0
5466.48,7432.52,6,1.505,1304.81,23.87,751,0,91,1.0,3,0.113,Educação,Alugada,0
3202.55,3088.56,12,0.807,271.08,8.46,821,0,42,1.2,0,0.08,Educação,Alugada,0
3049.68,19026.74,12,1.301,1722.77,56.49,665,0,5,0.3,0,0.52,Financiamento de veículo,Financiada,0
8377.34,11238.88,24,1.426,556.28,6.64,723,0,22,1.9,1,0.112,Crédito pessoal,Própria,0
6851.88,2497.37,24,1.755,128.41,1.87,772,1,18,2.0,2,0.03,Crédito pessoal,Alugada,0
6896.01,17233.23,48,2.508,621.52,9.01,469,0,40,0.3,1,0.208,Crédito pessoal,Alugada,1
6189.09,4161.23,36,1.441,148.98,2.41,844,1,92,0.8,0,0.056,Crédito pessoal,Familiar,0
5351.11,26487.2,36,2.761,1170.34,21.87,607,0,76,1.7,0,0.412,Consolidação de dívidas,Própria,0
8007.94,24889.56,6,1.413,4355.8,54.39,546,4,26,4.3,0,0.259,Financiamento de veículo,Financiada,1
9285.24,11771.87,24,1.84,611.15,6.58,679,0,61,2.5,1,0.106,Crédito pessoal,Financiada,0
9148.77,6272.55,60,0.736,129.7,1.42,693,0,30,8.0,1,0.057,Financiamento de veículo,Financiada,0
4885.03,19778.41,24,1.193,952.6,19.5,783,0,35,1.7,1,0.337,Reforma ou serviços,Financiada,0
12287.64,33369.99,24,1.43,1652.54,13.45,712,0,55,5.0,1,0.226,Crédito pessoal,Alugada,0
5991.28,12964.27,6,2.085,2321.1,38.74,685,0,14,2.0,3,0.18,Crédito pessoal,Alugada,1
7696.24,10635.89,18,1.781,695.83,9.04,857,0,37,1.1,1,0.115,Consolidação de dívidas,Própria,0
6193.83,8145.56,36,0.55,250.02,4.04,861,0,38,0.1,2,0.11,Financiamento de veículo,Financiada,0
6060.56,10873.22,48,1.83,342.33,5.65,605,0,24,3.4,3,0.15,Crédito pessoal,Própria,0
3295.28,12472.35,36,2.978,569.43,17.28,522,1,60,3.3,1,0.315,Consolidação de dívidas,Familiar,0
8032.5,9783.7,48,1.001,257.71,3.21,818,0,61,7.7,0,0.102,Reforma ou serviços,Alugada,0
30348.32,6951.28,36,1.893,268.07,0.88,549,0,19,1.9,1,0.019,Educação,Financiada,0
4121.78,28002.73,36,2.932,1269.63,30.8,502,2,14,8.3,1,0.566,Crédito pessoal,Financiada,1
5434.0,11740.86,24,0.649,529.89,9.75,689,0,42,3.2,2,0.18,Financiamento de veículo,Alugada,0
3943.27,9543.05,24,1.563,479.91,12.17,889,0,21,4.5,3,0.202,Consolidação de dívidas,Própria,0
3842.36,16100.95,48,2.241,550.97,14.34,706,0,32,0.4,1,0.349,Reforma ou serviços,Própria,0
13547.71,16619.24,24,1.856,864.44,6.38,639,0,1,2.7,0,0.102,Reforma ou serviços,Própria,0
3426.08,13366.23,24,0.641,602.65,17.59,918,0,38,5.5,0,0.325,Crédito pessoal,Familiar,0
3875.71,6161.03,60,1.392,152.13,3.93,829,0,33,0.4,0,0.132,Reforma ou serviços,Própria,0
1943.35,6125.06,18,1.232,381.49,19.63,698,0,15,1.0,4,0.263,Financiamento de veículo,Alugada,0
3250.92,15537.52,24,2.658,883.96,27.19,597,1,73,6.6,2,0.398,Crédito pessoal,Própria,0
1803.0,17185.73,12,2.738,1699.66,94.27,493,1,32,4.9,2,0.794,Reforma ou serviços,Própria,1
7693.51,16934.2,18,2.489,1178.65,15.32,720,0,46,1.6,0,0.183,Crédito pessoal,Alugada,0
29502.38,16001.62,48,2.774,607.16,2.06,559,2,71,1.2,1,0.045,Crédito pessoal,Familiar,0
4142.58,6465.67,18,1.116,398.48,9.62,685,0,63,2.7,2,0.13,Financiamento de veículo,Alugada,0
1850.15,12523.18,48,2.398,442.0,23.89,775,0,11,4.9,2,0.564,Consolidação de dívidas,Familiar,0
9085.31,19406.05,24,1.256,941.6,10.36,697,0,48,5.1,1,0.178,Reforma ou serviços,Própria,0
3313.37,10557.97,24,1.837,547.93,16.54,920,0,23,5.5,3,0.266,Consolidação de dívidas,Alugada,0
11637.75,21732.66,60,0.721,447.47,3.85,725,0,88,6.9,2,0.156,Financiamento de veículo,Financiada,0
4365.8,10909.2,24,0.55,486.46,11.14,885,0,129,2.5,1,0.208,Financiamento de veículo,Alugada,0
3514.63,6812.2,18,1.402,430.85,12.26,782,0,95,3.3,3,0.162,Reforma ou serviços,Familiar,0
4656.78,11951.66,36,1.1,403.87,8.67,862,0,72,2.0,0,0.214,Crédito pessoal,Alugada,0
8318.49,7021.76,24,2.477,391.59,4.71,652,0,41,0.2,0,0.07,Crédito pessoal,Própria,0
4516.14,4678.72,24,0.621,210.45,4.66,887,0,76,2.1,0,0.086,Reforma ou serviços,Financiada,0
3821.68,21408.98,48,1.298,602.08,15.75,880,0,8,0.4,2,0.467,Crédito pessoal,Alugada,0
4596.9,17693.01,36,0.55,543.08,11.81,927,0,26,0.3,2,0.321,Financiamento de veículo,Própria,0
2363.42,15035.34,24,1.602,759.51,32.14,822,0,61,4.0,0,0.53,Crédito pessoal,Familiar,0
6651.34,14673.96,12,1.06,1308.75,19.68,581,0,37,0.9,0,0.184,Financiamento de veículo,Financiada,0
1717.53,9153.18,12,1.163,821.62,47.84,801,0,17,1.3,1,0.444,Crédito pessoal,Própria,0
3948.37,12750.5,18,0.971,775.46,19.64,586,0,60,0.5,1,0.269,Financiamento de veículo,Própria,0
8326.79,8937.27,60,1.741,241.21,2.9,561,2,108,1.8,1,0.089,Financiamento de veículo,Própria,0
6274.84,37084.41,12,0.55,3201.96,51.03,861,0,102,1.6,1,0.493,Financiamento de veículo,Financiada,0
7498.16,7182.89,60,1.913,202.31,2.7,685,0,26,2.2,1,0.08,Crédito pessoal,Financiada,0
4994.47,15239.37,36,2.358,632.75,12.67,598,1,121,1.5,0,0.254,Crédito pessoal,Financiada,0
10739.21,14131.07,24,2.784,815.11,7.59,482,1,30,3.8,0,0.11,Crédito pessoal,Familiar,0
9225.51,16639.92,48,1.741,514.27,5.57,756,0,49,4.3,1,0.15,Consolidação de dívidas,Alugada,0
6856.97,10756.0,18,1.86,708.68,10.34,871,0,85,2.8,3,0.131,Consolidação de dívidas,Alugada,0
9241.8,6049.62,12,3.248,616.79,6.67,425,2,4,4.0,1,0.055,Consolidação de dívidas,Financiada,0
8280.65,8138.11,12,2.181,778.11,9.4,522,0,46,4.0,1,0.082,Reforma ou serviços,Própria,0
3959.79,17183.09,48,1.266,479.94,12.12,661,0,21,0.4,0,0.362,Financiamento de veículo,Alugada,0
2260.17,7384.82,36,2.08,293.44,12.98,745,0,33,1.1,4,0.272,Consolidação de dívidas,Financiada,0
6748.25,7454.0,24,1.926,390.8,5.79,695,0,85,3.0,2,0.092,Reforma ou serviços,Alugada,0
7295.33,23203.94,36,2.418,972.51,13.33,582,0,30,0.3,3,0.265,Consolidação de dívidas,Familiar,0
10224.14,18494.51,24,2.446,1027.88,10.05,555,0,41,10.2,1,0.151,Consolidação de dívidas,Própria,0
2909.96,5410.74,24,1.343,265.23,9.11,680,0,42,4.0,1,0.155,Crédito pessoal,Alugada,0
2964.39,19411.37,48,0.662,473.36,15.97,781,0,69,0.6,1,0.546,Financiamento de veículo,Própria,0
6915.72,34418.54,24,0.821,1585.86,22.93,840,0,81,1.2,1,0.415,Crédito pessoal,Familiar,0
4975.55,11464.62,36,1.673,426.51,8.57,878,0,53,0.3,2,0.192,Crédito pessoal,Própria,0
1615.24,4027.48,36,2.188,162.83,10.08,845,0,32,4.1,2,0.208,Consolidação de dívidas,Alugada,0
6561.54,5027.33,18,0.761,299.93,4.57,902,0,50,1.5,3,0.064,Reforma ou serviços,Própria,0
1648.98,9201.65,60,1.509,234.22,14.2,629,0,31,2.2,0,0.465,Reforma ou serviços,Própria,0
2893.88,23179.36,6,0.868,3981.44,137.58,667,0,127,1.8,1,0.667,Educação,Própria,0
12021.55,15428.59,18,1.254,962.89,8.01,783,0,41,5.1,0,0.107,Reforma ou serviços,Própria,0
16120.37,5747.11,24,2.276,313.43,1.94,695,0,94,1.5,3,0.03,Consolidação de dívidas,Alugada,1
2447.22,14315.41,60,0.55,280.77,11.47,821,0,94,11.6,2,0.487,Financiamento de veículo,Financiada,0
4239.46,13402.76,36,1.017,446.44,10.53,855,0,54,3.2,0,0.263,Reforma ou serviços,Alugada,0
5339.25,24781.43,24,0.55,1105.04,20.7,863,0,58,3.6,2,0.387,Educação,Alugada,0
15689.93,11051.24,18,2.091,743.03,4.74,729,0,59,4.3,1,0.059,Consolidação de dívidas,Própria,0
3830.82,3482.23,12,1.205,313.42,8.18,895,0,67,0.6,2,0.076,Crédito pessoal,Própria,0
3868.98,3909.58,6,2.058,699.32,18.08,711,0,16,1.2,2,0.084,Reforma ou serviços,Alugada,0
13583.67,7598.01,12,3.086,767.22,5.65,452,0,165,2.8,1,0.047,Crédito pessoal,Financiada,0
4121.8,17323.92,24,1.951,910.83,22.1,792,0,50,4.8,0,0.35,Consolidação de dívidas,Alugada,0
8137.02,18965.36,18,0.55,1109.54,13.64,900,0,108,1.4,3,0.194,Financiamento de veículo,Alugada,0
2080.96,11587.02,60,2.229,352.07,16.92,573,1,51,1.9,2,0.464,Educação,Própria,0
4676.24,13717.14,18,2.098,922.84,19.73,507,1,53,0.4,1,0.244,Financiamento de veículo,Própria,0
1858.39,12986.38,48,0.88,332.85,17.91,742,0,27,3.1,1,0.582,Reforma ou serviços,Financiada,0
2702.8,6919.33,48,0.906,178.42,6.6,710,0,30,0.8,0,0.213,Reforma ou serviços,Própria,0
8749.21,26945.68,12,2.195,2578.52,29.47,631,0,6,4.6,1,0.257,Crédito pessoal,Alugada,0
5041.57,14454.01,18,1.936,958.65,19.02,680,0,146,2.7,1,0.239,Crédito pessoal,Própria,0
4266.58,8873.96,36,1.834,338.94,7.94,706,0,96,1.2,2,0.173,Reforma ou serviços,Alugada,0
3268.84,12793.56,60,2.363,401.06,12.27,500,0,27,0.7,1,0.326,Crédito pessoal,Financiada,0
4535.12,11543.75,24,0.877,535.51,11.81,601,0,47,1.4,3,0.212,Financiamento de veículo,Financiada,0
6267.32,7797.42,24,2.332,427.94,6.83,404,3,68,1.5,0,0.104,Educação,Alugada,1
9564.58,3881.32,6,0.718,663.25,6.93,820,0,17,2.4,2,0.034,Reforma ou serviços,Alugada,0
1500.0,9685.85,36,2.281,397.34,26.49,616,0,25,0.6,1,0.538,Crédito pessoal,Financiada,0
3104.85,21094.62,18,0.55,1234.11,39.75,865,0,42,0.5,0,0.566,Financiamento de veículo,Financiada,0
5739.08,7127.87,12,2.733,704.71,12.28,813,0,113,1.1,1,0.103,Consolidação de dívidas,Alugada,0
4890.84,13789.88,12,0.799,1209.68,24.73,806,0,26,2.5,2,0.235,Crédito pessoal,Financiada,0
6677.55,61661.32,36,0.866,2000.93,29.97,763,0,69,1.9,1,0.77,Educação,Alugada,0
6138.21,30887.4,24,1.39,1522.36,24.8,683,0,141,0.6,2,0.419,Educação,Alugada,0
4304.41,13813.57,48,2.146,463.84,10.78,732,0,97,0.8,1,0.267,Crédito pessoal,Financiada,0
3750.95,9482.81,12,2.352,916.21,24.43,574,2,15,2.1,2,0.211,Crédito pessoal,Alugada,0
4465.8,21983.13,36,0.55,674.76,15.11,923,0,31,0.4,1,0.41,Reforma ou serviços,Familiar,0
10600.26,4290.76,48,0.902,110.53,1.04,589,0,43,4.7,0,0.034,Financiamento de veículo,Alugada,0
3302.94,12980.95,48,0.55,308.44,9.34,917,0,23,2.2,0,0.328,Financiamento de veículo,Alugada,0
5001.4,9571.7,12,1.416,872.92,17.45,771,0,86,10.1,3,0.159,Consolidação de dívidas,Financiada,0
5826.0,23953.55,36,1.507,867.05,14.88,712,0,14,1.9,0,0.343,Educação,Alugada,0
13681.93,2906.22,60,1.64,76.48,0.56,791,0,27,2.1,1,0.018,Crédito pessoal,Alugada,0
4316.6,27522.95,36,2.754,1214.76,28.14,541,1,58,0.7,1,0.531,Crédito pessoal,Própria,0
9422.67,10154.31,48,2.288,350.75,3.72,572,0,45,0.6,0,0.09,Reforma ou serviços,Alugada,0
11161.67,29292.81,48,1.445,850.38,7.62,767,0,23,4.6,0,0.219,Crédito pessoal,Familiar,0
4998.47,23560.86,12,2.285,2267.08,45.36,536,1,121,2.5,0,0.393,Educação,Alugada,0
4563.15,17633.12,12,1.486,1615.2,35.4,705,0,18,1.3,0,0.322,Reforma ou serviços,Financiada,0
4240.35,16583.07,36,0.728,525.33,12.39,613,0,78,2.5,1,0.326,Financiamento de veículo,Alugada,0
4437.31,14760.35,36,1.869,567.01,12.78,704,0,65,4.3,2,0.277,Crédito pessoal,Alugada,0
8831.17,9863.04,12,3.125,998.28,11.3,472,0,68,3.8,0,0.093,Consolidação de dívidas,Financiada,0
6000.75,18941.66,48,2.042,622.77,10.38,610,1,10,3.2,2,0.263,Consolidação de dívidas,Familiar,1
6016.7,12089.56,18,0.55,707.28,11.76,852,0,43,0.6,1,0.167,Educação,Alugada,0
2588.35,10325.97,48,1.262,288.11,11.13,787,0,54,1.6,1,0.332,Reforma ou serviços,Alugada,0
2854.27,9861.77,12,0.997,876.04,30.69,779,0,60,6.4,0,0.288,Educação,Financiada,0
19640.54,10483.79,36,1.369,370.79,1.89,619,0,39,5.3,1,0.044,Financiamento de veículo,Alugada,0
4657.16,9732.5,60,1.705,260.36,5.59,938,0,69,0.7,2,0.174,Consolidação de dívidas,Financiada,0
3216.52,13230.48,36,0.781,423.05,13.15,630,0,41,0.6,2,0.343,Financiamento de veículo,Própria,0
12628.3,18948.1,12,1.837,1773.8,14.05,757,0,22,2.4,2,0.125,Consolidação de dívidas,Familiar,0
6192.75,9803.96,12,0.55,846.5,13.67,818,0,23,3.6,1,0.132,Financiamento de veículo,Alugada,0
7441.81,6771.47,24,0.867,313.74,4.22,710,0,62,0.1,1,0.076,Financiamento de veículo,Alugada,0
4773.45,16803.52,36,2.467,709.73,14.87,638,1,24,1.8,1,0.293,Consolidação de dívidas,Financiada,0
4267.73,18057.08,48,2.26,620.26,14.53,817,1,73,4.3,2,0.353,Consolidação de dívidas,Própria,0
4681.02,13509.14,36,1.857,517.88,11.06,673,0,24,0.8,1,0.24,Reforma ou serviços,Alugada,0
2206.4,13078.41,18,0.55,765.13,34.68,815,0,16,1.4,2,0.494,Financiamento de veículo,Alugada,0
4924.11,11378.87,12,0.895,1004.3,20.4,633,0,147,0.2,0,0.193,Financiamento de veículo,Financiada,1
6247.61,6949.24,36,2.496,294.83,4.72,573,2,106,1.1,2,0.093,Reforma ou serviços,Financiada,0
16378.11,7657.61,24,3.031,453.69,2.77,502,3,49,8.2,1,0.039,Crédito pessoal,Própria,0
5484.79,9266.42,18,1.228,576.91,10.52,726,0,30,1.9,0,0.141,Educação,Financiada,0
1500.0,10812.78,60,0.55,212.07,14.14,925,0,74,1.1,2,0.601,Crédito pessoal,Alugada,0
4905.65,8861.88,24,1.884,462.42,9.43,735,0,168,1.6,3,0.151,Crédito pessoal,Familiar,0
28421.65,8997.86,36,1.361,317.8,1.12,579,1,33,3.3,0,0.026,Financiamento de veículo,Alugada,0
8897.81,26888.81,36,2.918,1216.64,13.67,523,3,143,3.4,0,0.252,Crédito pessoal,Própria,0
3145.29,13192.3,12,2.413,1279.32,40.67,558,1,30,2.0,1,0.35,Crédito pessoal,Financiada,1
7501.81,24941.88,60,1.672,661.65,8.82,650,0,12,0.8,2,0.277,Crédito pessoal,Própria,0
3282.52,9354.38,24,1.472,465.47,14.18,672,1,47,1.1,1,0.237,Educação,Alugada,0
2246.33,8383.09,36,0.685,263.54,11.73,744,0,10,12.1,1,0.311,Reforma ou serviços,Familiar,0
4189.87,30503.95,24,1.656,1550.54,37.01,482,1,71,7.9,0,0.607,Financiamento de veículo,Própria,0
5503.61,10467.83,36,0.838,338.07,6.14,670,1,15,3.6,0,0.158,Financiamento de veículo,Alugada,0
1628.93,7938.45,60,3.944,347.2,21.31,451,3,64,6.0,1,0.406,Consolidação de dívidas,Financiada,0
2550.22,14293.82,18,2.992,1038.54,40.72,586,1,82,2.0,0,0.467,Crédito pessoal,Familiar,1
5233.43,12216.55,48,0.81,308.19,5.89,608,1,134,0.6,0,0.195,Financiamento de veículo,Familiar,0
4037.36,11667.23,12,2.722,1152.76,28.55,577,1,12,0.6,0,0.241,Crédito pessoal,Alugada,0
6642.19,7962.35,24,0.55,355.05,5.35,789,0,27,4.7,0,0.1,Financiamento de veículo,Alugada,0
2448.72,15088.06,48,2.459,538.95,22.01,614,0,35,9.2,2,0.513,Consolidação de dívidas,Alugada,0
8096.32,8058.56,36,0.934,264.6,3.27,749,0,67,0.9,1,0.083,Educação,Alugada,0
2496.1,11459.77,6,2.915,2109.49,84.51,458,3,41,0.1,1,0.383,Educação,Familiar,1
14398.93,10797.21,24,2.297,590.23,4.1,654,2,19,2.8,1,0.062,Crédito pessoal,Alugada,0
1794.79,9281.96,36,1.03,309.87,17.26,661,0,30,0.7,1,0.431,Financiamento de veículo,Alugada,0
2641.31,16897.62,18,2.116,1138.64,43.11,556,1,53,3.1,1,0.533,Crédito pessoal,Alugada,1
6735.75,28734.46,18,1.055,1761.14,26.15,870,1,33,1.9,0,0.355,Crédito pessoal,Própria,0
14592.14,24446.84,48,2.295,845.67,5.8,651,0,122,2.0,2,0.14,Consolidação de dívidas,Financiada,0
6321.68,3445.6,18,1.473,219.33,3.47,697,0,60,2.7,2,0.045,Reforma ou serviços,Própria,0
7371.57,14371.48,12,2.542,1404.62,19.05,676,0,19,1.5,1,0.162,Consolidação de dívidas,Própria,0
5256.85,23776.74,36,1.251,824.4,15.68,712,0,44,0.4,0,0.377,Reforma ou serviços,Própria,0
2751.9,14915.0,36,3.076,690.91,25.11,530,1,70,2.8,0,0.452,Crédito pessoal,Alugada,0
3837.31,11001.88,6,2.73,2012.76,52.45,529,2,56,4.7,1,0.239,Crédito pessoal,Própria,0
2452.91,7337.02,24,0.96,343.75,14.01,780,0,31,2.0,4,0.249,Reforma ou serviços,Própria,0
2353.39,6335.8,12,2.478,616.85,26.21,615,0,39,1.7,2,0.224,Crédito pessoal,Financiada,0
6670.82,32438.32,48,1.047,863.26,12.94,976,0,43,1.2,3,0.405,Crédito pessoal,Própria,0
2591.63,11803.63,36,0.55,362.31,13.98,890,0,89,1.0,0,0.38,Financiamento de veículo,Familiar,0
6339.39,18839.66,36,2.352,781.59,12.33,701,0,71,2.3,1,0.248,Crédito pessoal,Própria,0
2319.91,8836.47,36,0.663,276.74,11.93,686,0,12,4.1,1,0.317,Financiamento de veículo,Financiada,0
6248.97,25648.05,12,1.112,2295.0,36.73,892,0,118,0.7,0,0.342,Crédito pessoal,Financiada,0
3840.78,13477.59,12,0.878,1188.26,30.94,787,0,142,1.4,2,0.292,Reforma ou serviços,Financiada,0
12438.05,15340.88,24,0.675,694.55,5.58,691,0,34,5.3,1,0.103,Financiamento de veículo,Própria,0
6355.78,16134.31,36,2.352,669.28,10.53,551,0,64,1.0,0,0.212,Consolidação de dívidas,Própria,0
11188.03,19463.84,60,1.85,539.77,4.82,828,0,209,1.2,3,0.145,Consolidação de dívidas,Financiada,0
3254.89,9828.52,18,3.186,725.92,22.3,444,1,46,4.4,0,0.252,Consolidação de dívidas,Familiar,1
5384.19,5142.23,48,2.008,167.92,3.12,651,0,53,6.2,1,0.08,Crédito pessoal,Própria,0
2830.31,12911.27,12,0.809,1133.38,40.04,940,0,75,0.2,1,0.38,Reforma ou serviços,Alugada,0
4023.79,10807.1,18,2.321,741.36,18.42,626,0,108,2.8,1,0.224,Crédito pessoal,Familiar,0
4420.06,9816.03,24,1.157,470.78,10.65,895,0,8,2.5,1,0.185,Crédito pessoal,Financiada,0
3315.56,12018.49,24,2.289,656.43,19.8,835,0,45,4.1,0,0.302,Consolidação de dívidas,Alugada,0
2447.45,22960.52,48,1.825,722.16,29.51,636,0,108,4.7,0,0.782,Crédito pessoal,Financiada,0
2164.69,13734.17,24,2.056,730.74,33.76,666,0,76,0.5,1,0.529,Crédito pessoal,Financiada,0
1500.0,7238.77,36,3.128,337.94,22.53,537,2,60,0.3,0,0.402,Crédito pessoal,Financiada,1
2701.27,22974.46,48,2.285,793.16,29.36,713,0,53,2.8,1,0.709,Crédito pessoal,Financiada,0
7672.98,21418.75,24,0.55,955.09,12.45,915,0,104,0.8,0,0.233,Reforma ou serviços,Própria,0
1930.13,8845.02,24,1.379,435.42,22.56,784,0,70,2.4,0,0.382,Crédito pessoal,Própria,0
2226.48,7080.74,6,2.17,1271.36,57.1,714,0,135,0.4,1,0.265,Crédito pessoal,Própria,0
15784.3,8588.94,36,0.718,271.58,1.72,676,0,40,9.4,0,0.045,Financiamento de veículo,Financiada,0
3504.44,18214.61,60,3.016,660.43,18.85,507,0,5,1.1,1,0.433,Consolidação de dívidas,Familiar,0
6345.25,58365.55,18,1.803,3826.13,60.3,783,0,96,0.7,2,0.767,Consolidação de dívidas,Própria,1
7743.82,32796.86,60,1.128,755.21,9.75,733,0,37,0.1,0,0.353,Educação,Familiar,0
7841.46,11132.83,60,0.55,218.35,2.78,823,0,48,2.6,0,0.118,Educação,Alugada,0
2023.49,8374.65,36,2.643,363.45,17.96,572,0,56,1.0,1,0.345,Consolidação de dívidas,Alugada,0
4505.96,31300.44,36,2.764,1383.61,30.71,450,3,31,3.4,1,0.579,Reforma ou serviços,Financiada,1
1906.67,4338.1,48,1.619,130.69,6.85,626,0,15,3.1,0,0.19,Reforma ou serviços,Própria,0
23697.65,6823.82,60,2.778,234.94,0.99,574,0,92,3.6,0,0.024,Consolidação de dívidas,Própria,0
1934.47,6830.05,36,2.626,295.65,15.28,448,1,1,0.2,2,0.294,Crédito pessoal,Financiada,1
2715.56,4847.75,6,1.542,852.13,31.38,647,0,172,2.8,0,0.149,Educação,Financiada,0
2727.77,14741.98,36,3.187,694.18,25.45,488,0,49,1.7,1,0.45,Crédito pessoal,Própria,0
2055.93,11541.63,18,1.486,735.48,35.77,905,0,5,5.5,1,0.468,Crédito pessoal,Própria,0
12028.36,17648.03,24,3.03,1045.47,8.69,551,0,101,2.2,1,0.122,Consolidação de dívidas,Alugada,0
23349.52,13082.26,36,2.262,535.13,2.29,719,0,8,4.2,0,0.047,Consolidação de dívidas,Financiada,0
3871.7,18226.0,24,1.307,889.61,22.98,805,0,30,0.1,1,0.392,Crédito pessoal,Alugada,0
2293.31,21276.68,12,1.67,1971.37,85.96,620,2,145,7.0,0,0.773,Educação,Própria,0
1500.0,10145.12,24,1.729,520.03,34.67,511,0,66,0.9,0,0.564,Financiamento de veículo,Financiada,1
4469.65,6251.77,24,0.55,278.78,6.24,811,0,59,1.1,1,0.117,Financiamento de veículo,Alugada,0
4273.84,9582.17,60,1.346,233.81,5.47,702,0,65,4.0,1,0.187,Financiamento de veículo,Financiada,0
3472.43,13354.31,12,1.931,1257.43,36.21,568,0,22,9.7,1,0.32,Crédito pessoal,Financiada,0
5965.01,35736.07,48,2.782,1358.09,22.77,490,1,68,1.7,0,0.499,Crédito pessoal,Financiada,0
6643.68,23895.08,24,3.029,1415.39,21.3,491,1,62,10.9,1,0.3,Consolidação de dívidas,Alugada,0
6353.27,10455.41,12,1.67,968.71,15.25,650,0,42,1.6,0,0.137,Educação,Familiar,0
4274.47,6920.59,18,2.044,463.41,10.84,769,1,119,0.1,1,0.135,Crédito pessoal,Alugada,0
2626.5,6392.44,6,2.108,1145.38,43.61,555,0,83,0.7,1,0.203,Crédito pessoal,Própria,0
7857.55,49127.88,24,0.605,2205.29,28.07,942,0,17,3.4,0,0.521,Crédito pessoal,Própria,0
5240.5,13762.46,48,1.182,377.36,7.2,696,1,35,4.6,0,0.219,Educação,Financiada,0
9019.96,16159.3,36,1.844,618.18,6.85,589,0,30,3.0,6,0.149,Educação,Financiada,0
8486.74,6842.87,18,1.242,426.57,5.03,607,0,23,10.3,1,0.067,Financiamento de veículo,Alugada,0
2153.65,4529.29,24,0.55,201.97,9.38,724,1,109,4.3,1,0.175,Financiamento de veículo,Alugada,1
2137.08,7556.1,18,2.455,524.39,24.54,611,1,35,1.5,1,0.295,Crédito pessoal,Própria,0
3255.1,7886.46,12,2.449,766.44,23.55,366,3,84,3.6,2,0.202,Financiamento de veículo,Própria,0
2701.41,11018.89,12,2.44,1070.31,39.62,558,0,69,0.6,1,0.34,Crédito pessoal,Financiada,0
8305.47,8370.11,36,1.43,299.1,3.6,569,0,17,2.9,2,0.084,Financiamento de veículo,Própria,0
6465.44,33164.46,36,0.655,1037.13,16.04,744,0,109,0.8,1,0.427,Financiamento de veículo,Própria,0
10279.51,35172.22,18,2.201,2387.82,23.23,631,0,46,7.7,1,0.285,Crédito pessoal,Familiar,0
6649.09,20008.69,18,3.381,1502.09,22.59,465,2,35,1.0,0,0.251,Crédito pessoal,Alugada,1
5918.14,3844.17,36,2.592,165.53,2.8,634,0,13,0.5,0,0.054,Crédito pessoal,Própria,0
10940.71,6542.57,12,1.466,598.54,5.47,518,1,24,2.6,1,0.05,Financiamento de veículo,Alugada,0
6957.98,6743.48,12,2.037,639.11,9.19,754,0,19,0.8,4,0.081,Consolidação de dívidas,Própria,0
5424.26,47399.12,24,2.121,2540.62,46.84,577,0,10,2.4,0,0.728,Reforma ou serviços,Alugada,1
13020.69,30025.91,48,1.225,831.05,6.38,566,0,65,4.8,1,0.192,Financiamento de veículo,Financiada,0
5584.92,25199.22,48,1.558,749.44,13.42,843,0,20,3.9,0,0.376,Crédito pessoal,Alugada,0
4305.82,8167.54,12,2.402,791.52,18.38,673,0,51,1.8,0,0.158,Consolidação de dívidas,Alugada,0
3093.21,4639.82,24,2.073,247.35,8.0,714,0,102,6.0,2,0.125,Crédito pessoal,Financiada,0
8040.85,29108.47,48,0.72,719.42,8.95,760,0,77,8.9,4,0.302,Financiamento de veículo,Financiada,0
11196.82,2736.15,24,2.763,157.46,1.41,418,2,57,1.1,1,0.02,Reforma ou serviços,Familiar,0
5039.44,11268.64,24,0.55,502.49,9.97,851,0,6,2.7,0,0.186,Financiamento de veículo,Financiada,0
11699.74,21627.71,48,1.46,629.94,5.38,869,0,10,3.6,2,0.154,Crédito pessoal,Financiada,0
1533.03,6250.07,36,2.064,247.74,16.16,829,0,28,2.8,0,0.34,Crédito pessoal,Familiar,0
5024.26,21664.92,24,0.803,996.11,19.83,737,0,60,3.3,1,0.359,Reforma ou serviços,Própria,0
5072.33,11404.24,12,2.396,1104.76,21.78,623,0,20,0.6,3,0.187,Crédito pessoal,Própria,0
3313.23,17710.57,12,0.634,1537.4,46.4,809,0,19,1.6,1,0.445,Financiamento de veículo,Alugada,1
22797.54,20547.67,18,2.331,1410.78,6.19,753,0,99,2.3,1,0.075,Crédito pessoal,Financiada,0
4990.91,16049.76,36,1.933,622.89,12.48,657,0,39,1.1,1,0.268,Crédito pessoal,Alugada,0
4038.47,9339.7,24,1.589,471.1,11.67,792,0,10,1.1,0,0.193,Crédito pessoal,Alugada,0
5284.38,7805.79,36,1.919,302.26,5.72,665,0,62,0.8,0,0.123,Crédito pessoal,Alugada,0
1502.18,7736.42,12,2.459,752.34,50.08,687,0,15,3.9,1,0.429,Crédito pessoal,Própria,0
3246.38,21996.14,24,0.55,980.84,30.21,906,0,60,3.8,0,0.565,Educação,Própria,0
9566.5,28309.46,36,1.748,1066.25,11.15,798,0,34,2.4,3,0.247,Consolidação de dívidas,Própria,0
3520.89,12582.66,48,1.625,379.59,10.78,562,2,48,0.5,1,0.298,Educação,Alugada,0
3110.41,13950.1,18,1.861,919.19,29.55,510,0,19,2.5,0,0.374,Crédito pessoal,Própria,1
11711.42,7415.47,18,0.55,433.83,3.7,806,0,32,1.7,2,0.053,Financiamento de veículo,Própria,0
11936.68,29232.61,60,2.66,980.48,8.21,529,1,29,3.9,1,0.204,Crédito pessoal,Alugada,0
7164.89,7610.37,12,0.825,668.73,9.33,849,0,21,4.4,0,0.089,Reforma ou serviços,Financiada,0
3921.55,21404.25,24,2.687,1221.64,31.15,634,0,33,4.6,0,0.455,Consolidação de dívidas,Própria,0
4482.53,22784.46,48,3.613,1006.47,22.45,467,2,6,3.2,0,0.424,Consolidação de dívidas,Financiada,0
3158.46,28514.97,24,0.55,1271.52,40.26,754,0,74,1.7,0,0.752,Financiamento de veículo,Alugada,0
2806.39,5252.11,36,0.628,163.47,5.82,739,0,71,7.3,0,0.156,Financiamento de veículo,Própria,0
2721.33,4605.62,18,1.302,288.68,10.61,681,0,35,2.3,0,0.141,Educação,Financiada,0
3544.74,7223.72,36,1.747,272.04,7.67,834,0,36,5.3,1,0.17,Consolidação de dívidas,Financiada,0
2737.74,6535.09,60,2.947,233.44,8.53,402,1,32,2.7,0,0.199,Educação,Financiada,1
1972.22,13725.49,24,1.796,709.04,35.95,760,0,74,2.1,2,0.58,Crédito pessoal,Familiar,0
5957.72,18274.81,48,2.074,604.78,10.15,733,0,27,2.7,1,0.256,Crédito pessoal,Familiar,0
6014.11,5628.71,6,0.626,958.79,15.94,720,0,86,3.9,1,0.078,Financiamento de veículo,Própria,0
14926.68,6837.33,48,0.55,162.46,1.09,736,0,13,1.3,0,0.038,Financiamento de veículo,Familiar,0
3435.93,20989.78,60,2.705,711.21,20.7,663,0,86,4.1,0,0.509,Consolidação de dívidas,Própria,0
6247.87,35558.29,48,1.606,1068.26,17.1,565,1,4,7.4,0,0.474,Financiamento de veículo,Financiada,0
6312.55,5395.44,12,1.426,492.38,7.8,524,1,31,3.0,1,0.071,Financiamento de veículo,Financiada,0
4442.78,24460.65,36,1.063,821.32,18.49,738,0,75,6.7,1,0.459,Educação,Própria,0
8249.44,11160.27,12,2.082,1060.63,12.86,579,0,83,5.2,1,0.113,Reforma ou serviços,Alugada,0
8408.98,12089.95,12,2.981,1213.2,14.43,480,1,14,1.4,1,0.12,Crédito pessoal,Familiar,0
6370.34,5277.95,12,2.755,522.5,8.2,472,0,63,1.0,0,0.069,Crédito pessoal,Financiada,0
4437.81,10542.02,12,2.408,1021.99,23.03,522,1,58,0.4,1,0.198,Crédito pessoal,Alugada,0
4166.14,6641.76,24,1.572,334.36,8.03,927,0,65,2.6,1,0.133,Crédito pessoal,Financiada,0
2226.99,15016.1,36,0.563,461.95,20.74,751,0,194,0.2,2,0.562,Financiamento de veículo,Familiar,0
3155.0,6970.28,12,0.803,611.64,19.39,773,0,208,1.1,1,0.184,Financiamento de veículo,Própria,0
3536.06,17915.95,6,0.78,3068.04,86.76,816,0,101,3.3,1,0.422,Crédito pessoal,Financiada,1
2590.36,10589.76,24,0.55,472.21,18.23,819,0,20,0.8,0,0.341,Financiamento de veículo,Financiada,0
6830.59,3509.28,24,3.415,216.58,3.17,483,3,30,0.9,1,0.043,Crédito pessoal,Própria,1
10919.69,8696.99,24,3.114,519.87,4.76,558,3,49,7.9,2,0.066,Consolidação de dívidas,Alugada,0
2961.39,5600.77,24,1.973,295.23,9.97,675,1,31,3.4,0,0.158,Reforma ou serviços,Alugada,0
6199.03,19115.64,60,2.503,618.83,9.98,594,0,20,2.2,2,0.257,Consolidação de dívidas,Financiada,0
2738.77,5791.38,18,1.216,360.18,13.15,572,0,84,1.2,1,0.176,Financiamento de veículo,Alugada,0
4304.27,9695.4,24,2.541,544.56,12.65,512,1,13,1.2,1,0.188,Crédito pessoal,Financiada,0
3389.4,16862.7,48,1.751,522.27,15.41,813,0,4,4.7,2,0.415,Crédito pessoal,Alugada,0
7552.16,5616.9,24,1.592,283.42,3.75,759,0,71,3.4,0,0.062,Crédito pessoal,Alugada,0
3413.75,30786.92,6,2.649,5617.33,164.55,483,1,69,1.6,3,0.752,Reforma ou serviços,Alugada,1
9736.56,15400.54,24,2.2,832.78,8.55,735,0,10,1.6,0,0.132,Crédito pessoal,Alugada,0
4465.19,14159.22,36,2.615,611.83,13.7,625,1,10,0.2,0,0.264,Consolidação de dívidas,Financiada,1
3476.08,4491.61,12,1.661,415.94,11.97,758,0,41,1.2,2,0.108,Crédito pessoal,Alugada,0
2390.76,9134.83,36,0.55,280.39,11.73,959,0,52,3.1,0,0.318,Educação,Familiar,0
6083.9,10876.59,12,3.336,1114.73,18.32,537,2,32,2.8,1,0.149,Crédito pessoal,Própria,0
9058.41,5467.24,36,1.533,198.74,2.19,791,0,27,2.7,1,0.05,Crédito pessoal,Própria,0
6160.25,24615.39,24,2.461,1370.41,22.25,631,0,39,0.3,0,0.333,Consolidação de dívidas,Financiada,0
20837.08,13503.27,36,1.476,486.22,2.33,626,2,67,4.8,1,0.054,Educação,Financiada,0
12618.03,7059.14,6,2.522,1282.53,10.16,563,2,11,4.1,0,0.047,Crédito pessoal,Familiar,0
4297.32,10255.11,60,1.279,245.82,5.72,715,0,46,0.6,1,0.199,Reforma ou serviços,Alugada,0
4269.44,12370.27,36,2.533,527.79,12.36,618,0,20,4.2,2,0.241,Crédito pessoal,Alugada,0
6957.85,54998.16,36,0.686,1729.37,24.86,698,0,178,0.5,0,0.659,Financiamento de veículo,Financiada,0
3092.83,17440.98,48,1.699,534.4,17.28,560,0,48,2.5,1,0.47,Educação,Própria,0
10716.21,7294.87,6,1.513,1281.0,11.95,950,0,115,2.4,2,0.057,Consolidação de dívidas,Financiada,0
6506.82,8088.52,12,0.55,698.38,10.73,820,0,65,1.4,0,0.104,Financiamento de veículo,Alugada,0
6096.18,9742.97,12,1.378,886.49,14.54,760,0,144,2.8,0,0.133,Crédito pessoal,Alugada,0
7961.12,19746.84,12,1.545,1815.46,22.8,791,0,40,2.0,0,0.207,Reforma ou serviços,Alugada,0
15132.02,17305.13,12,1.583,1594.73,10.54,660,1,44,1.8,0,0.095,Reforma ou serviços,Própria,1
5781.43,18307.58,48,0.55,435.01,7.52,970,0,35,0.8,1,0.264,Financiamento de veículo,Financiada,0
4848.04,12122.32,24,1.328,593.14,12.23,767,0,23,0.8,0,0.208,Reforma ou serviços,Própria,0
13250.89,4239.99,12,1.525,389.33,2.94,586,2,11,5.1,0,0.027,Reforma ou serviços,Própria,0
9473.89,19192.93,36,1.963,748.59,7.9,663,0,52,9.8,1,0.169,Crédito pessoal,Financiada,0
4261.63,7436.39,24,0.55,331.6,7.78,923,0,82,0.7,4,0.145,Reforma ou serviços,Financiada,0
5216.75,19152.37,12,1.057,1707.8,32.74,537,0,38,6.7,0,0.306,Financiamento de veículo,Financiada,0
5869.65,5343.49,48,3.568,234.19,3.99,414,2,28,0.6,1,0.076,Consolidação de dívidas,Familiar,0
6507.68,12856.69,48,1.615,387.02,5.95,648,1,112,2.5,1,0.165,Educação,Alugada,0
2242.44,13683.2,36,0.717,432.64,19.29,881,0,16,0.5,0,0.508,Educação,Financiada,0
1998.34,15572.77,24,0.624,700.69,35.06,874,0,43,5.0,0,0.649,Educação,Alugada,0
2999.59,8852.94,12,1.765,825.08,27.51,826,0,72,3.9,1,0.246,Consolidação de dívidas,Financiada,0
2859.14,10708.7,24,1.974,564.53,19.74,532,1,20,4.7,1,0.312,Financiamento de veículo,Alugada,0
3488.56,27492.5,24,1.965,1447.82,41.5,544,0,43,1.1,4,0.657,Reforma ou serviços,Financiada,0
7707.39,10109.52,24,1.454,502.04,6.51,580,0,84,0.7,2,0.109,Reforma ou serviços,Alugada,0
4682.92,10847.01,24,0.55,483.68,10.33,804,0,20,4.6,0,0.193,Financiamento de veículo,Própria,0
5873.34,8863.52,24,1.703,452.99,7.71,719,0,66,1.6,2,0.126,Reforma ou serviços,Financiada,0
2434.13,6461.6,24,2.639,366.85,15.07,410,1,8,1.6,1,0.221,Reforma ou serviços,Própria,0
3905.71,4621.58,12,0.55,399.04,10.22,731,1,37,1.1,2,0.099,Financiamento de veículo,Alugada,0
7483.93,6454.59,12,1.445,589.72,7.88,874,0,94,1.5,4,0.072,Crédito pessoal,Financiada,0
7519.72,2123.28,24,0.717,96.62,1.28,955,0,68,4.6,0,0.024,Educação,Alugada,0
3318.2,14587.23,48,1.707,447.68,13.49,623,0,98,1.0,0,0.366,Reforma ou serviços,Financiada,0
5748.21,34778.72,60,2.803,1204.13,20.95,516,0,3,0.9,1,0.504,Crédito pessoal,Financiada,0
20326.88,15917.79,24,1.499,794.55,3.91,616,0,39,0.8,2,0.065,Financiamento de veículo,Familiar,0
5143.57,11225.6,24,2.413,621.65,12.09,636,1,21,1.5,1,0.182,Reforma ou serviços,Alugada,0
3383.41,8640.07,24,0.55,385.27,11.39,950,0,40,4.9,0,0.213,Financiamento de veículo,Própria,0
4668.91,21284.13,18,2.196,1444.32,30.93,537,1,87,0.7,0,0.38,Reforma ou serviços,Financiada,0
5505.83,28479.56,24,0.55,1269.95,23.07,894,0,122,0.9,0,0.431,Financiamento de veículo,Familiar,0
4734.78,5402.08,24,1.15,258.86,5.47,623,0,161,6.7,4,0.095,Reforma ou serviços,Alugada,0
5099.89,18763.07,48,1.031,497.49,9.75,719,0,29,0.8,0,0.307,Reforma ou serviços,Própria,0
2124.89,6594.83,24,0.876,305.88,14.39,707,0,7,1.8,0,0.259,Financiamento de veículo,Própria,0
2862.88,6371.92,12,0.55,550.17,19.22,997,0,5,7.8,0,0.185,Financiamento de veículo,Própria,0
4740.16,14944.79,12,1.037,1330.97,28.08,769,0,13,1.5,0,0.263,Reforma ou serviços,Própria,0
4693.57,11912.12,18,1.685,772.7,16.46,476,1,81,9.7,1,0.211,Financiamento de veículo,Financiada,0
3660.58,3300.7,24,0.722,150.28,4.11,741,0,59,0.7,1,0.075,Financiamento de veículo,Alugada,0
4659.51,7060.74,60,1.39,174.26,3.74,651,0,62,9.3,2,0.126,Financiamento de veículo,Alugada,0
5400.48,23591.28,12,2.119,2247.17,41.61,617,1,39,1.4,1,0.364,Crédito pessoal,Própria,0
9025.87,21544.52,6,1.95,3839.76,42.54,604,2,29,1.6,1,0.199,Reforma ou serviços,Alugada,0
4889.78,31559.86,18,2.185,2139.46,43.75,722,0,111,0.1,0,0.538,Consolidação de dívidas,Alugada,0
6659.89,14582.7,36,1.263,506.65,7.61,880,0,3,1.1,0,0.182,Crédito pessoal,Alugada,0
3716.81,3706.48,60,3.067,135.86,3.66,569,2,14,2.3,2,0.083,Consolidação de dívidas,Financiada,0
7413.91,6721.56,36,1.84,256.98,3.47,580,0,70,1.6,1,0.076,Educação,Financiada,0
6564.07,9855.61,36,1.128,334.62,5.1,831,0,31,5.5,0,0.125,Reforma ou serviços,Familiar,0
8894.79,10961.28,36,0.55,336.45,3.78,843,1,79,4.7,1,0.103,Financiamento de veículo,Financiada,0
8093.04,10674.88,60,1.391,263.53,3.26,838,0,73,1.5,0,0.11,Crédito pessoal,Financiada,0
7490.79,17027.64,36,1.967,664.52,8.87,588,0,67,2.1,0,0.189,Crédito pessoal,Própria,0
4892.19,18395.08,36,1.536,668.99,13.67,797,0,65,1.2,2,0.313,Consolidação de dívidas,Alugada,0
6052.8,17899.22,60,0.656,361.83,5.98,858,0,84,2.9,0,0.246,Reforma ou serviços,Familiar,0
10054.64,3358.46,24,2.953,197.31,1.96,637,1,84,1.9,3,0.028,Consolidação de dívidas,Financiada,0
3470.76,17484.52,18,1.225,1088.31,31.36,868,0,43,3.0,1,0.42,Reforma ou serviços,Financiada,0
3522.06,3661.86,60,1.494,92.84,2.64,714,0,35,1.5,0,0.087,Crédito pessoal,Própria,0
5819.1,8343.35,24,2.071,444.7,7.64,593,1,56,1.1,0,0.119,Educação,Alugada,0
6727.02,21130.63,48,0.55,502.09,7.46,942,0,101,5.4,0,0.262,Reforma ou serviços,Própria,0
3119.62,3076.47,24,2.231,166.95,5.35,496,0,22,7.7,0,0.082,Educação,Financiada,0
4964.47,38691.4,60,0.736,800.08,16.12,808,0,37,2.2,4,0.649,Educação,Própria,0
4905.61,19370.33,36,1.032,646.89,13.19,868,0,28,1.3,0,0.329,Consolidação de dívidas,Financiada,0
1500.0,5650.53,36,0.885,183.99,12.27,598,0,18,1.3,1,0.314,Financiamento de veículo,Alugada,0
4538.11,4994.54,36,1.863,191.67,4.22,588,1,30,1.3,1,0.092,Reforma ou serviços,Financiada,0
4716.76,13981.53,48,2.709,524.0,11.11,620,0,12,3.3,1,0.247,Consolidação de dívidas,Própria,0
4708.07,9197.78,48,0.55,218.55,4.64,950,0,11,2.5,2,0.163,Reforma ou serviços,Alugada,0
12509.96,7039.49,24,2.224,381.7,3.05,614,0,131,3.1,1,0.047,Crédito pessoal,Própria,0
2447.0,11436.88,36,0.55,351.05,14.35,787,0,16,4.1,0,0.389,Financiamento de veículo,Familiar,0
3118.63,16119.41,60,1.907,453.36,14.54,808,1,67,0.5,1,0.431,Crédito pessoal,Própria,0
1500.0,12490.43,24,1.942,656.02,43.73,623,0,160,0.1,2,0.694,Crédito pessoal,Própria,0
3859.32,11207.1,6,1.281,1952.48,50.59,607,0,95,1.2,2,0.242,Financiamento de veículo,Alugada,0
4068.85,17184.27,6,1.074,2972.71,73.06,927,0,65,3.5,0,0.352,Educação,Financiada,0
3790.4,9641.21,36,0.55,295.93,7.81,937,0,73,2.2,3,0.212,Educação,Financiada,0
10333.78,21842.61,6,0.752,3736.88,36.16,743,0,28,3.1,1,0.176,Financiamento de veículo,Própria,0
8866.16,5422.42,36,0.573,167.11,1.88,835,0,97,9.8,1,0.051,Educação,Alugada,0
5457.17,24343.2,48,2.994,962.34,17.63,662,0,139,5.9,2,0.372,Consolidação de dívidas,Própria,0
4132.48,4372.39,24,1.745,224.56,5.43,390,0,33,3.8,0,0.088,Financiamento de veículo,Alugada,0
9824.67,10694.78,18,1.675,693.17,7.06,491,1,10,2.2,2,0.091,Financiamento de veículo,Financiada,1
5136.69,29219.7,48,0.55,694.29,13.52,944,0,82,14.3,3,0.474,Educação,Familiar,0
3130.93,7507.55,24,0.588,336.32,10.74,700,0,192,0.5,1,0.2,Financiamento de veículo,Financiada,0
1794.25,2604.6,12,0.574,225.23,12.55,937,0,18,4.9,0,0.121,Educação,Alugada,0
3955.25,5602.61,24,0.55,249.83,6.32,939,0,2,5.2,0,0.118,Financiamento de veículo,Financiada,0
8302.34,13341.04,36,2.34,552.37,6.65,759,0,38,3.0,1,0.134,Consolidação de dívidas,Alugada,0
21329.96,22248.39,24,1.668,1132.52,5.31,513,1,26,7.7,0,0.087,Financiamento de veículo,Financiada,0
5402.47,8537.93,24,2.052,454.09,8.41,434,1,51,0.5,1,0.132,Financiamento de veículo,Financiada,1
3235.35,13011.73,6,0.761,2226.73,68.83,775,0,23,2.8,0,0.335,Financiamento de veículo,Própria,1
2494.23,13623.27,24,1.285,663.29,26.59,633,0,37,4.6,1,0.455,Reforma ou serviços,Alugada,0
7321.91,12656.88,36,1.569,462.89,6.32,684,0,17,2.7,2,0.144,Educação,Financiada,0
1741.24,13155.03,12,1.874,1234.34,70.89,568,0,5,0.3,2,0.63,Reforma ou serviços,Própria,1
7314.6,13822.19,60,1.367,339.14,4.64,899,0,40,4.5,0,0.157,Consolidação de dívidas,Familiar,0
8633.41,27508.37,6,1.051,4754.92,55.08,730,0,70,6.0,1,0.266,Reforma ou serviços,Alugada,0
6815.18,11857.12,18,1.84,779.8,11.44,585,0,13,2.3,1,0.145,Educação,Própria,0
4537.92,20843.04,6,0.995,3595.81,79.24,651,0,172,2.2,2,0.383,Financiamento de veículo,Financiada,1
7381.09,13365.87,18,1.759,872.77,11.82,686,0,62,1.0,2,0.151,Reforma ou serviços,Financiada,0
5781.37,8333.75,18,1.122,513.9,8.89,678,0,28,2.1,1,0.12,Reforma ou serviços,Familiar,0
3209.84,11434.1,24,1.462,568.35,17.71,895,0,107,3.7,0,0.297,Crédito pessoal,Alugada,0
16377.6,4013.18,48,2.356,140.48,0.86,623,0,84,0.8,0,0.02,Crédito pessoal,Familiar,0
4181.28,6328.54,18,0.55,370.24,8.85,703,0,68,6.9,2,0.126,Financiamento de veículo,Familiar,0
8411.71,8191.04,12,3.495,847.37,10.07,516,2,49,1.5,1,0.081,Consolidação de dívidas,Familiar,0
1500.0,3054.63,12,2.76,302.5,20.17,509,0,29,2.4,1,0.17,Crédito pessoal,Familiar,0
11473.85,45430.88,12,1.203,4088.37,35.63,793,0,57,1.2,0,0.33,Crédito pessoal,Alugada,0
12926.66,10771.0,12,1.324,976.71,7.56,957,0,49,4.4,0,0.069,Consolidação de dívidas,Alugada,0
5297.08,6587.23,18,0.55,385.38,7.28,819,0,103,6.9,1,0.104,Financiamento de veículo,Alugada,0
7352.91,25598.92,18,1.572,1643.86,22.36,839,0,64,0.8,3,0.29,Crédito pessoal,Alugada,1
7351.75,15975.2,12,0.897,1410.13,19.18,747,0,34,3.3,0,0.181,Educação,Financiada,0
3490.81,9734.4,60,2.083,285.71,8.18,566,1,33,0.9,0,0.232,Crédito pessoal,Alugada,0
7300.0,17941.13,12,0.55,1549.08,21.22,637,0,22,3.7,0,0.205,Financiamento de veículo,Própria,0
3149.7,20999.36,36,1.61,773.1,24.55,684,0,51,2.0,1,0.556,Reforma ou serviços,Alugada,0
3565.23,16634.99,18,1.521,1063.38,29.83,883,0,30,4.4,4,0.389,Consolidação de dívidas,Própria,0
10457.96,28230.2,24,1.627,1430.29,13.68,633,0,14,4.4,0,0.225,Reforma ou serviços,Financiada,0
9515.73,19786.63,6,1.104,3426.31,36.01,811,0,79,11.1,1,0.173,Reforma ou serviços,Familiar,0
3355.85,27680.33,6,2.187,4972.86,148.18,720,0,28,1.2,0,0.687,Consolidação de dívidas,Financiada,1
3299.73,23805.02,18,3.269,1770.49,53.66,432,1,35,0.4,2,0.601,Crédito pessoal,Própria,1
3484.72,13316.53,36,2.473,562.97,16.16,644,0,119,1.1,2,0.318,Consolidação de dívidas,Alugada,0
8189.85,7815.24,60,1.817,214.98,2.62,604,1,88,1.3,2,0.08,Reforma ou serviços,Alugada,0
2797.34,13724.28,24,1.895,717.03,25.63,762,0,64,1.8,0,0.409,Consolidação de dívidas,Própria,0
6487.13,10469.52,36,1.364,369.99,5.7,689,0,50,1.3,2,0.134,Educação,Financiada,0
8262.31,7185.9,24,1.534,360.17,4.36,832,0,137,3.9,1,0.072,Crédito pessoal,Alugada,0
4923.14,41107.24,60,2.044,1195.21,24.28,622,0,36,0.2,0,0.696,Crédito pessoal,Alugada,0
9726.93,13885.96,24,2.107,743.11,7.64,528,1,23,1.7,1,0.119,Reforma ou serviços,Alugada,0
4305.9,6570.59,18,1.211,408.47,9.49,784,0,103,1.3,0,0.127,Reforma ou serviços,Financiada,0
4554.28,36711.05,36,1.361,1296.7,28.47,867,0,64,3.9,1,0.672,Crédito pessoal,Financiada,0
2837.05,7235.57,48,0.55,171.93,6.06,918,0,19,0.7,1,0.213,Financiamento de veículo,Alugada,0
9769.92,28655.59,48,0.55,680.89,6.97,891,0,64,2.6,0,0.244,Financiamento de veículo,Alugada,0
3233.02,10734.73,48,3.488,463.9,14.35,447,2,10,2.0,1,0.277,Consolidação de dívidas,Familiar,1
6459.28,19219.28,12,0.637,1668.68,25.83,767,0,89,4.1,1,0.248,Financiamento de veículo,Familiar,0
4975.09,17786.61,24,0.967,833.99,16.76,849,0,52,3.8,1,0.298,Reforma ou serviços,Própria,0
2707.25,9870.43,24,0.665,446.32,16.49,623,0,58,3.3,1,0.304,Financiamento de veículo,Alugada,0
3564.47,8907.64,60,0.562,175.29,4.92,906,0,61,1.8,1,0.208,Educação,Familiar,0
12256.29,18679.9,12,0.814,1640.2,13.38,749,0,63,3.0,1,0.127,Financiamento de veículo,Própria,0
5892.54,21562.66,24,1.78,1111.89,18.87,586,0,42,4.9,0,0.305,Reforma ou serviços,Própria,1
2781.49,5893.09,36,0.55,180.89,6.5,826,0,45,1.1,0,0.177,Financiamento de veículo,Própria,0
6283.72,15100.97,12,1.701,1401.86,22.31,723,0,30,0.3,0,0.2,Reforma ou serviços,Alugada,0
4749.64,10796.78,48,1.982,350.74,7.38,642,0,51,3.3,2,0.189,Reforma ou serviços,Própria,0
35000.0,15555.32,36,1.54,566.07,1.62,728,0,42,4.9,0,0.037,Crédito pessoal,Financiada,0
6205.5,22417.72,12,0.566,1937.58,31.22,765,0,47,0.1,0,0.301,Financiamento de veículo,Alugada,0
4106.91,13825.2,36,1.327,485.51,11.82,773,0,13,7.1,1,0.281,Crédito pessoal,Financiada,0
12541.91,8880.76,36,0.867,288.25,2.3,886,0,26,4.7,0,0.059,Reforma ou serviços,Alugada,0
1660.66,3644.64,12,1.66,337.48,20.32,730,0,4,0.7,1,0.183,Crédito pessoal,Familiar,0
5513.16,7780.44,60,1.557,200.5,3.64,751,1,38,3.1,0,0.118,Crédito pessoal,Própria,0
17907.23,18286.16,24,1.934,959.64,5.36,681,0,17,3.3,2,0.085,Consolidação de dívidas,Própria,0
4838.55,8709.78,24,1.795,449.89,9.3,704,0,8,1.3,0,0.15,Reforma ou serviços,Familiar,0
1775.38,7656.86,36,1.284,266.96,15.04,712,0,51,2.3,2,0.359,Reforma ou serviços,Alugada,0
4068.15,14612.02,12,1.747,1360.34,33.44,805,0,18,2.3,0,0.299,Educação,Própria,0
12812.99,29661.68,36,2.523,1263.7,9.86,476,0,26,2.6,3,0.193,Educação,Alugada,0
6565.45,16902.32,18,1.205,1050.13,15.99,809,0,57,1.9,1,0.215,Educação,Alugada,0
3091.23,14659.27,48,0.737,363.67,11.76,620,2,77,2.7,1,0.395,Financiamento de veículo,Financiada,0
3400.11,3844.19,48,1.102,103.55,3.05,901,0,30,2.4,3,0.094,Crédito pessoal,Própria,0
3675.34,12120.59,36,0.55,372.04,10.12,941,0,89,1.1,0,0.275,Crédito pessoal,Alugada,0
6505.2,5070.59,12,0.55,437.81,6.73,874,0,105,0.6,0,0.065,Financiamento de veículo,Própria,0
11921.46,14595.01,24,1.369,717.57,6.02,837,0,40,3.9,1,0.102,Crédito pessoal,Financiada,0
9985.77,13947.07,60,1.925,393.95,3.95,537,1,40,4.5,2,0.116,Financiamento de veículo,Alugada,0
6899.07,13426.18,24,1.457,666.96,9.67,625,0,24,2.2,1,0.162,Reforma ou serviços,Familiar,0
2277.41,13691.13,18,1.474,871.51,38.27,549,0,48,1.1,2,0.501,Financiamento de veículo,Familiar,1
2282.66,16559.57,12,2.313,1596.13,69.92,523,3,77,0.2,1,0.605,Educação,Própria,1
7237.49,21050.77,12,0.898,1858.27,25.68,962,0,100,7.3,1,0.242,Crédito pessoal,Financiada,0
2257.97,15545.49,12,2.224,1490.31,66.0,767,0,19,2.9,1,0.574,Consolidação de dívidas,Alugada,0
4521.33,28132.83,12,2.923,2813.33,62.22,504,1,42,2.7,2,0.519,Crédito pessoal,Financiada,1
6279.13,2459.86,24,2.65,139.82,2.23,572,0,68,1.3,0,0.033,Crédito pessoal,Alugada,0
2568.57,6802.36,24,1.376,334.73,13.03,762,0,8,0.2,1,0.221,Reforma ou serviços,Financiada,0
2755.55,19225.56,24,1.22,928.94,33.71,790,0,1,1.0,0,0.581,Reforma ou serviços,Financiada,1
4905.24,14058.14,24,0.55,626.87,12.78,901,1,41,6.4,2,0.239,Financiamento de veículo,Financiada,0
7105.87,7528.58,48,0.945,195.84,2.76,630,0,19,0.4,2,0.088,Financiamento de veículo,Própria,0
10042.24,19161.28,48,1.375,548.0,5.46,764,0,17,1.0,0,0.159,Crédito pessoal,Alugada,0
7576.35,23766.35,24,1.762,1222.86,16.14,808,0,20,7.3,1,0.261,Consolidação de dívidas,Alugada,0
5442.97,8116.9,24,2.735,465.72,8.56,581,2,21,0.7,1,0.124,Crédito pessoal,Financiada,0
3274.02,8800.36,48,0.841,223.57,6.83,757,0,56,1.6,2,0.224,Reforma ou serviços,Financiada,0
2677.0,4310.51,12,1.261,389.34,14.54,628,0,4,2.8,3,0.134,Financiamento de veículo,Financiada,0
3788.29,13032.64,24,1.461,647.7,17.1,798,0,53,9.2,1,0.287,Crédito pessoal,Própria,0
6704.77,13547.77,36,1.477,487.89,7.28,894,0,32,6.3,3,0.168,Consolidação de dívidas,Alugada,0
6406.83,6527.96,24,1.108,311.28,4.86,907,0,11,1.8,1,0.085,Crédito pessoal,Própria,0
1500.0,6005.9,24,2.218,325.44,21.7,633,0,64,1.1,3,0.334,Crédito pessoal,Alugada,1
3194.85,13492.62,6,0.851,2316.22,72.5,798,0,55,0.5,2,0.352,Crédito pessoal,Familiar,1
10973.17,27137.94,24,2.518,1520.33,13.86,535,0,22,4.0,1,0.206,Crédito pessoal,Financiada,0
5461.76,10618.71,60,1.881,296.76,5.43,571,1,61,2.2,2,0.162,Reforma ou serviços,Alugada,0
2160.01,7303.65,60,1.764,198.26,9.18,719,0,95,0.2,0,0.282,Crédito pessoal,Financiada,0
22404.63,40673.97,36,1.851,1557.72,6.95,602,0,5,3.1,0,0.151,Educação,Financiada,0
5107.52,13339.19,60,1.651,351.98,6.89,823,0,17,2.3,0,0.218,Consolidação de dívidas,Alugada,0
6599.18,5493.04,36,3.158,257.57,3.9,442,1,72,3.2,0,0.069,Consolidação de dívidas,Financiada,0
6661.63,23397.29,12,2.168,2235.34,33.56,656,0,36,0.6,1,0.293,Crédito pessoal,Financiada,0
4140.22,9593.5,36,0.55,294.47,7.11,672,0,30,2.3,1,0.193,Financiamento de veículo,Financiada,0
3312.04,29286.6,60,3.074,1075.05,32.46,607,1,68,0.5,2,0.737,Consolidação de dívidas,Financiada,0
19377.2,10378.53,36,1.016,345.69,1.78,775,0,26,3.6,3,0.045,Financiamento de veículo,Própria,0
9685.66,3841.76,48,1.989,124.98,1.29,670,0,69,2.9,1,0.033,Consolidação de dívidas,Própria,0
8656.06,9284.64,36,1.975,362.79,4.19,612,0,14,10.0,2,0.089,Reforma ou serviços,Própria,0
7433.21,7434.09,6,1.689,1313.29,17.67,867,0,41,0.8,0,0.083,Crédito pessoal,Própria,0
2791.56,8670.22,6,1.415,1517.46,54.36,678,0,78,1.2,1,0.259,Reforma ou serviços,Financiada,0
11481.39,2681.37,36,2.063,106.26,0.93,381,2,9,0.7,2,0.019,Financiamento de veículo,Alugada,0
3083.04,12850.82,18,2.118,866.09,28.09,517,1,21,1.9,0,0.347,Reforma ou serviços,Financiada,0
6198.43,3232.54,24,1.468,160.79,2.59,788,0,30,1.4,2,0.043,Reforma ou serviços,Familiar,0
1881.82,12021.25,18,1.793,787.33,41.84,560,1,128,2.1,0,0.532,Financiamento de veículo,Própria,1
1500.0,2463.68,12,0.55,212.72,14.18,824,0,51,1.8,0,0.137,Financiamento de veículo,Familiar,0
6334.43,6356.68,18,2.263,433.86,6.85,483,2,12,9.9,3,0.084,Financiamento de veículo,Alugada,0
3148.79,20776.35,24,0.55,926.45,29.42,871,0,142,3.0,2,0.55,Reforma ou serviços,Alugada,0
1514.94,7385.08,18,0.55,432.05,28.52,881,0,120,4.0,1,0.406,Financiamento de veículo,Financiada,0
7270.58,7896.54,60,1.105,180.71,2.49,730,0,48,2.2,0,0.091,Reforma ou serviços,Financiada,0
19358.06,20736.04,60,2.778,713.98,3.69,487,0,169,2.7,0,0.089,Crédito pessoal,Financiada,0
12307.22,3757.83,12,1.542,345.42,2.81,770,0,24,2.8,3,0.025,Crédito pessoal,Familiar,0
4433.2,28264.44,18,2.463,1962.92,44.28,543,2,33,2.1,0,0.531,Crédito pessoal,Familiar,1
5228.6,32682.36,12,0.622,2834.82,54.22,761,0,17,1.1,0,0.521,Financiamento de veículo,Financiada,0
9016.32,12022.3,36,1.425,429.19,4.76,621,0,69,5.0,2,0.111,Reforma ou serviços,Própria,0
10426.79,10189.5,24,1.795,526.32,5.05,783,0,152,10.6,1,0.081,Crédito pessoal,Financiada,0
4202.44,2581.8,12,1.545,237.36,5.65,550,0,86,2.2,0,0.051,Financiamento de veículo,Alugada,0
5311.36,13398.38,36,2.187,541.59,10.2,468,0,19,0.7,0,0.21,Educação,Familiar,0
6265.38,22499.75,24,1.215,1086.47,17.34,591,1,26,4.7,0,0.299,Financiamento de veículo,Própria,0
7330.63,18169.91,24,2.238,986.73,13.46,668,0,79,7.2,3,0.207,Crédito pessoal,Familiar,0
4788.18,10675.5,36,2.347,442.51,9.24,646,0,18,1.1,1,0.186,Crédito pessoal,Alugada,0
4826.91,4988.46,6,0.584,848.5,17.58,711,0,40,0.5,0,0.086,Financiamento de veículo,Financiada,0
12233.21,15369.57,48,1.45,446.69,3.65,833,0,8,3.8,1,0.105,Crédito pessoal,Própria,0
11007.33,7522.2,12,0.923,665.1,6.04,629,0,33,2.6,0,0.057,Financiamento de veículo,Alugada,0
6991.21,38908.44,24,2.669,2216.32,31.7,599,2,48,3.3,3,0.464,Crédito pessoal,Própria,1
15097.15,21593.7,60,1.462,543.03,3.6,763,0,50,3.7,1,0.119,Crédito pessoal,Alugada,0
4092.12,12415.4,60,2.17,372.01,9.09,648,0,63,1.6,0,0.253,Crédito pessoal,Alugada,0
14223.59,14408.92,36,3.458,705.81,4.96,475,3,115,1.3,2,0.084,Consolidação de dívidas,Familiar,0
7279.18,7066.68,36,2.931,320.36,4.4,445,2,90,2.9,2,0.081,Reforma ou serviços,Financiada,0
35000.0,7774.59,24,2.099,415.7,1.19,703,0,85,0.6,1,0.019,Consolidação de dívidas,Familiar,0
2482.63,22812.76,12,2.576,2234.14,89.99,638,0,76,3.9,0,0.766,Consolidação de dívidas,Financiada,1
3391.47,7348.18,24,0.55,327.67,9.66,792,0,50,3.7,1,0.181,Financiamento de veículo,Própria,0
6741.71,14166.04,18,1.706,920.67,13.66,642,0,41,2.8,1,0.175,Crédito pessoal,Própria,0
6652.17,15039.17,48,0.55,357.35,5.37,804,0,93,5.7,2,0.188,Financiamento de veículo,Própria,0
17422.19,14014.37,6,0.85,2405.67,13.81,723,0,78,2.3,0,0.067,Financiamento de veículo,Familiar,0
3435.86,9530.76,36,0.735,302.27,8.8,937,0,23,1.4,0,0.231,Reforma ou serviços,Financiada,0
9113.06,29724.38,48,2.634,1098.2,12.05,498,1,67,3.2,2,0.272,Crédito pessoal,Familiar,1
10690.82,15515.65,6,1.032,2680.17,25.07,701,0,51,3.0,1,0.121,Financiamento de veículo,Própria,0
8048.94,18000.82,24,2.615,1019.29,12.66,641,1,60,1.8,3,0.186,Crédito pessoal,Própria,0
2865.78,9766.31,24,0.836,450.83,15.73,743,0,102,1.3,2,0.284,Educação,Alugada,0
12446.87,12163.87,12,2.463,1183.19,9.51,657,0,24,2.3,2,0.081,Consolidação de dívidas,Familiar,0
11143.32,19600.19,36,0.55,601.62,5.4,931,0,22,3.6,0,0.147,Financiamento de veículo,Alugada,0
7541.35,38465.14,24,0.681,1742.66,23.11,816,0,55,5.3,1,0.425,Financiamento de veículo,Financiada,0
5902.37,31071.4,24,0.55,1385.52,23.47,773,0,26,1.0,0,0.439,Financiamento de veículo,Própria,0
5982.54,1437.9,12,2.938,143.92,2.41,545,1,10,0.1,0,0.02,Crédito pessoal,Própria,0
4952.25,4181.75,24,3.677,265.26,5.36,458,1,16,3.5,0,0.07,Consolidação de dívidas,Alugada,0
7736.47,52377.33,12,1.721,4868.27,62.93,791,0,170,0.7,2,0.564,Crédito pessoal,Financiada,0
5301.35,9539.17,36,0.906,311.71,5.88,941,0,48,5.2,1,0.15,Crédito pessoal,Alugada,0
3072.75,10617.59,36,2.016,417.65,13.59,791,0,68,4.0,2,0.288,Consolidação de dívidas,Própria,0
2714.29,9209.39,12,1.868,863.8,31.82,753,0,38,4.3,1,0.283,Consolidação de dívidas,Alugada,0
3262.18,5468.01,12,2.341,527.96,16.18,634,0,96,2.1,1,0.14,Consolidação de dívidas,Alugada,0
5967.81,8022.24,60,0.55,157.34,2.64,680,0,4,5.0,0,0.112,Financiamento de veículo,Alugada,0
5113.82,9469.54,24,0.865,438.64,8.58,737,0,127,2.9,0,0.154,Financiamento de veículo,Própria,0
5942.75,9755.91,36,1.13,331.38,5.58,681,0,47,2.7,0,0.137,Financiamento de veículo,Alugada,0
7093.39,6916.8,18,0.55,404.66,5.7,680,0,26,2.3,1,0.081,Financiamento de veículo,Financiada,1
3524.43,27090.09,12,1.95,2553.73,72.46,656,0,115,3.1,0,0.641,Crédito pessoal,Alugada,1
12901.81,13100.8,18,2.256,893.65,6.93,512,2,65,1.1,0,0.085,Reforma ou serviços,Familiar,0
4404.73,15571.75,36,1.898,600.94,13.64,504,2,42,1.2,0,0.295,Financiamento de veículo,Alugada,1
3974.64,14941.71,24,0.879,693.23,17.44,669,0,12,1.2,0,0.313,Financiamento de veículo,Alugada,0
7012.81,9605.15,48,1.912,307.56,4.39,661,1,43,1.8,0,0.114,Reforma ou serviços,Própria,0
1665.33,4686.93,6,0.966,807.77,48.51,649,0,52,0.6,1,0.235,Financiamento de veículo,Alugada,1
3185.24,4816.14,24,0.638,217.07,6.81,882,0,57,1.0,3,0.126,Educação,Alugada,0
9553.65,23565.11,24,0.675,1066.92,11.17,856,0,23,1.4,0,0.206,Educação,Própria,0
1770.85,3766.83,12,1.05,335.73,18.96,840,0,24,1.0,1,0.177,Educação,Alugada,0
10397.39,23880.51,24,1.213,1152.85,11.09,693,0,15,2.3,1,0.191,Reforma ou serviços,Alugada,0
13270.76,18365.66,24,1.366,902.72,6.8,787,0,26,2.1,2,0.115,Crédito pessoal,Alugada,1
4135.45,11305.39,24,2.003,597.95,14.46,704,0,73,4.1,3,0.228,Consolidação de dívidas,Financiada,0
6231.28,10627.93,48,1.722,327.16,5.25,781,0,147,1.9,0,0.142,Crédito pessoal,Financiada,0
10407.15,6950.14,24,1.34,340.55,3.27,821,0,37,2.5,0,0.056,Consolidação de dívidas,Própria,0
3893.27,22659.56,48,0.55,538.42,13.83,663,1,58,5.7,4,0.485,Financiamento de veículo,Alugada,0
8905.59,32120.38,36,1.392,1140.37,12.81,586,0,15,2.9,0,0.301,Financiamento de veículo,Própria,0
3429.95,3664.75,48,1.555,108.93,3.18,692,0,15,2.9,1,0.089,Crédito pessoal,Alugada,0
3867.26,19474.82,36,1.688,726.33,18.78,784,0,92,2.3,2,0.42,Consolidação de dívidas,Alugada,0
3167.9,20927.36,36,1.136,711.56,22.46,802,0,3,4.1,1,0.551,Crédito pessoal,Alugada,0
6430.81,11919.12,12,0.823,1047.19,16.28,632,0,66,4.7,1,0.154,Financiamento de veículo,Própria,0
10661.08,5549.89,12,3.289,567.21,5.32,586,1,68,4.4,2,0.043,Crédito pessoal,Alugada,0
4639.05,12246.93,36,1.737,460.44,9.93,721,0,94,4.1,1,0.22,Crédito pessoal,Alugada,0
2364.31,13255.49,18,1.244,826.48,34.96,872,0,60,3.1,0,0.467,Crédito pessoal,Financiada,0
2657.49,8442.28,24,0.967,395.83,14.89,703,0,11,2.7,1,0.265,Educação,Alugada,0
6641.32,23516.99,18,2.715,1668.9,25.13,514,1,108,1.4,0,0.295,Crédito pessoal,Familiar,0
16313.79,4401.49,36,0.55,135.1,0.83,868,0,29,2.4,0,0.022,Financiamento de veículo,Financiada,0
6637.72,15895.88,36,1.725,596.45,8.99,639,0,103,0.3,0,0.2,Reforma ou serviços,Alugada,0
4090.97,27047.11,24,1.455,1343.24,32.83,965,0,88,7.0,0,0.551,Crédito pessoal,Própria,0
8361.96,21536.45,24,1.087,1024.36,12.25,689,0,59,6.1,0,0.215,Educação,Alugada,0
4482.45,24998.84,36,1.75,941.85,21.01,500,1,88,1.3,2,0.465,Reforma ou serviços,Alugada,0
4112.87,12693.63,48,1.238,352.31,8.57,788,0,118,0.2,3,0.257,Reforma ou serviços,Familiar,0
2870.29,16261.28,18,1.785,1064.25,37.08,527,2,65,3.2,3,0.472,Financiamento de veículo,Própria,1
12452.19,10251.67,12,2.258,984.8,7.91,615,0,81,1.7,3,0.069,Crédito pessoal,Financiada,0
1500.0,6025.15,24,2.343,331.05,22.07,611,1,21,4.3,1,0.335,Consolidação de dívidas,Própria,1
8527.8,17672.92,24,1.604,893.0,10.47,623,0,77,2.7,1,0.173,Reforma ou serviços,Alugada,0
3900.62,7126.95,24,1.972,375.63,9.63,699,0,20,1.2,1,0.152,Crédito pessoal,Alugada,0
4031.94,19404.24,24,1.375,954.71,23.68,858,0,54,1.6,1,0.401,Crédito pessoal,Familiar,0
14848.43,19892.36,36,2.676,867.66,5.84,641,0,26,3.6,3,0.112,Consolidação de dívidas,Própria,0
3339.75,5836.67,60,0.994,129.64,3.88,866,0,32,1.0,0,0.146,Crédito pessoal,Alugada,0
3411.03,25779.57,12,1.89,2421.22,70.98,399,0,129,3.2,0,0.63,Educação,Familiar,0
4796.15,15100.75,18,0.55,883.45,18.42,836,0,46,0.3,0,0.262,Financiamento de veículo,Própria,0
6721.05,26548.75,60,2.715,901.51,13.41,627,0,54,1.9,1,0.329,Consolidação de dívidas,Alugada,0
3953.92,3466.79,60,2.341,108.14,2.73,523,1,80,6.2,1,0.073,Crédito pessoal,Alugada,0
1959.85,13134.27,24,2.53,736.83,37.6,746,0,51,8.4,0,0.558,Consolidação de dívidas,Financiada,0
3040.21,2842.11,24,0.644,128.19,4.22,706,0,76,4.9,2,0.078,Financiamento de veículo,Financiada,0
11508.5,4066.12,24,1.475,202.4,1.76,628,1,81,1.8,0,0.029,Financiamento de veículo,Financiada,0
5446.76,3952.26,24,3.768,253.09,4.65,378,1,30,1.7,0,0.06,Crédito pessoal,Própria,0
6878.03,11473.18,36,0.55,352.16,5.12,972,0,17,1.9,0,0.139,Crédito pessoal,Alugada,0
4421.94,3452.0,24,1.901,180.47,4.08,621,0,51,4.4,1,0.065,Reforma ou serviços,Própria,0
3454.82,2775.19,36,2.305,114.27,3.31,730,0,32,2.2,2,0.067,Crédito pessoal,Própria,0
14713.3,8465.25,36,2.016,332.97,2.26,731,0,86,2.0,5,0.048,Consolidação de dívidas,Financiada,0
4627.33,8250.28,24,2.832,478.38,10.34,603,0,33,5.0,2,0.149,Crédito pessoal,Familiar,0
3950.21,11192.02,36,2.946,508.55,12.87,594,0,118,7.6,1,0.236,Consolidação de dívidas,Familiar,0
10260.14,19544.79,24,0.55,871.53,8.49,830,0,121,5.4,0,0.159,Financiamento de veículo,Alugada,0
3322.76,12280.51,60,1.876,342.73,10.31,707,0,111,0.9,1,0.308,Crédito pessoal,Financiada,0
3596.38,13551.77,24,0.94,633.38,17.61,960,1,72,9.0,1,0.314,Consolidação de dívidas,Alugada,0
5233.14,14338.71,36,0.773,457.84,8.75,647,0,27,4.2,5,0.228,Financiamento de veículo,Própria,0
5200.87,11209.9,12,1.871,1051.62,20.22,759,0,37,3.6,1,0.18,Crédito pessoal,Alugada,0
6108.11,15669.59,36,1.604,576.37,9.44,643,0,71,7.4,0,0.214,Reforma ou serviços,Alugada,0
19020.05,41312.49,12,1.638,3820.1,20.08,796,0,42,4.5,1,0.181,Crédito pessoal,Financiada,0
6405.34,9045.16,36,3.735,460.94,7.2,495,3,41,1.8,2,0.118,Consolidação de dívidas,Financiada,1
1500.0,5258.99,18,0.742,313.21,20.88,968,0,115,6.6,0,0.292,Reforma ou serviços,Financiada,0
6365.95,9056.09,36,2.552,387.57,6.09,562,0,14,0.7,3,0.119,Crédito pessoal,Familiar,0
5323.57,9880.42,24,1.985,521.52,9.8,672,1,74,0.9,2,0.155,Crédito pessoal,Própria,0
5341.99,11797.78,48,0.55,280.33,5.25,920,0,68,1.2,3,0.184,Financiamento de veículo,Financiada,0
6056.58,13892.98,12,2.45,1350.27,22.29,668,0,53,2.3,1,0.191,Consolidação de dívidas,Familiar,0
5108.36,11818.8,18,2.22,803.65,15.73,605,1,20,2.6,1,0.193,Crédito pessoal,Alugada,1
5033.12,5563.28,24,1.148,266.51,5.3,757,0,37,1.7,1,0.092,Educação,Própria,0
7604.54,11559.51,24,0.55,515.46,6.78,710,0,53,1.7,0,0.127,Financiamento de veículo,Financiada,0
3715.71,16933.24,12,0.911,1496.02,40.26,660,0,18,2.7,0,0.38,Financiamento de veículo,Familiar,0
2889.53,17978.4,24,2.787,1037.35,35.9,520,0,100,0.7,0,0.518,Consolidação de dívidas,Própria,0
33899.6,9130.42,24,0.55,407.14,1.2,810,0,48,5.1,0,0.022,Financiamento de veículo,Própria,0
3336.18,13557.43,36,1.613,499.39,14.97,727,0,46,0.0,0,0.339,Reforma ou serviços,Financiada,0
5533.09,12562.9,12,1.731,1168.37,21.12,696,0,77,2.0,1,0.189,Reforma ou serviços,Financiada,0
2057.21,9473.77,18,0.588,556.22,27.04,733,0,131,1.1,1,0.384,Financiamento de veículo,Alugada,0
5589.38,9656.5,24,1.532,483.86,8.66,722,0,36,8.7,2,0.144,Educação,Familiar,0
2915.55,3596.15,48,0.933,93.3,3.2,709,0,16,1.5,4,0.103,Financiamento de veículo,Financiada,0
3952.41,18964.36,24,1.574,954.88,24.16,714,0,142,2.3,0,0.4,Reforma ou serviços,Familiar,0
9940.32,22235.28,36,2.304,915.56,9.21,593,0,57,2.3,2,0.186,Crédito pessoal,Alugada,1
6967.83,10195.44,48,3.214,419.57,6.02,532,1,178,0.6,2,0.122,Consolidação de dívidas,Própria,0
7396.99,19672.64,12,1.359,1787.74,24.17,813,0,119,0.5,2,0.222,Crédito pessoal,Alugada,0
1734.14,3923.73,36,1.513,142.16,8.2,703,0,25,0.4,2,0.189,Reforma ou serviços,Financiada,0
16240.91,39774.09,12,1.807,3716.52,22.88,550,1,41,3.0,3,0.204,Financiamento de veículo,Alugada,0
2483.56,7882.32,36,1.735,296.24,11.93,813,0,3,1.5,1,0.264,Crédito pessoal,Própria,0
13414.9,11353.58,24,2.751,652.56,4.86,478,5,27,0.3,1,0.071,Reforma ou serviços,Alugada,1
9796.41,26709.43,36,1.987,1045.73,10.67,493,1,14,8.2,2,0.227,Financiamento de veículo,Familiar,0
7438.02,4833.13,48,0.874,123.7,1.66,765,0,29,3.6,2,0.054,Reforma ou serviços,Própria,0
3060.47,9717.0,18,1.691,630.68,20.61,638,0,9,2.3,1,0.265,Reforma ou serviços,Familiar,0
5712.43,8144.53,36,1.967,317.83,5.56,769,0,23,0.1,0,0.119,Crédito pessoal,Familiar,0
3883.31,20326.36,24,3.247,1232.33,31.73,389,3,28,2.9,0,0.436,Crédito pessoal,Própria,1
5294.47,6966.5,36,1.875,267.84,5.06,825,0,46,2.2,2,0.11,Consolidação de dívidas,Própria,0
4453.71,23707.55,12,0.748,2072.98,46.55,738,0,11,4.3,0,0.444,Financiamento de veículo,Alugada,0
1500.0,9481.82,12,0.781,830.85,55.39,789,0,103,0.9,0,0.527,Financiamento de veículo,Financiada,0
10424.56,4471.61,48,0.562,106.54,1.02,847,0,27,2.1,0,0.036,Educação,Financiada,0
4944.98,25220.44,18,1.775,1649.12,33.35,628,0,59,2.5,0,0.425,Educação,Alugada,0
3850.04,26969.61,36,2.816,1201.58,31.21,537,1,26,1.2,3,0.584,Consolidação de dívidas,Financiada,1
3673.91,7156.11,36,2.084,284.55,7.75,721,0,48,2.9,0,0.162,Consolidação de dívidas,Familiar,0
6494.16,9511.68,12,1.011,845.7,13.02,636,0,44,0.6,2,0.122,Financiamento de veículo,Própria,0
2987.78,5410.45,24,0.55,241.26,8.07,848,0,106,1.8,2,0.151,Financiamento de veículo,Própria,0
1500.0,12579.39,12,1.307,1139.49,75.97,660,1,39,0.9,1,0.699,Financiamento de veículo,Alugada,0
6693.11,16107.73,12,3.17,1634.72,24.42,581,1,41,4.1,3,0.201,Crédito pessoal,Financiada,1
7174.28,8448.54,48,1.1,227.51,3.17,943,1,19,9.4,0,0.098,Crédito pessoal,Própria,0
4594.62,7093.21,36,3.667,358.01,7.79,431,3,9,7.7,1,0.129,Consolidação de dívidas,Financiada,0
2552.21,22142.72,18,3.213,1639.13,64.22,549,2,57,0.2,2,0.723,Crédito pessoal,Própria,1
5494.78,7959.3,24,1.046,376.74,6.86,802,0,58,3.1,0,0.121,Financiamento de veículo,Financiada,0
2097.3,8256.21,36,0.55,253.42,12.08,828,1,53,0.9,2,0.328,Financiamento de veículo,Financiada,0
2750.48,11627.52,6,1.878,2067.3,75.16,732,0,89,0.5,2,0.352,Crédito pessoal,Financiada,1
3264.89,3944.43,24,1.713,201.84,6.18,655,0,45,3.0,0,0.101,Crédito pessoal,Própria,0
8774.95,7517.29,24,0.678,340.44,3.88,667,0,33,0.6,1,0.071,Financiamento de veículo,Alugada,0
4153.04,28267.38,24,0.886,1312.6,31.61,732,0,52,5.2,0,0.567,Reforma ou serviços,Financiada,1
3939.21,23138.34,18,1.709,1504.1,38.18,822,0,40,3.1,1,0.489,Consolidação de dívidas,Própria,0
17471.45,21484.22,24,0.55,958.01,5.48,920,0,13,6.3,3,0.102,Financiamento de veículo,Financiada,0
6470.06,21704.53,36,1.541,790.05,12.21,734,0,95,2.6,1,0.28,Crédito pessoal,Financiada,0
6416.26,21747.74,36,1.784,823.96,12.84,550,1,27,0.5,1,0.282,Educação,Própria,0
4134.82,10320.59,36,0.999,342.71,8.29,803,0,42,1.4,1,0.208,Educação,Financiada,0
3592.72,11399.11,36,1.402,405.43,11.28,549,0,29,6.0,1,0.264,Educação,Financiada,0
1500.0,13980.79,12,2.177,1336.4,89.09,518,1,105,1.8,2,0.777,Educação,Alugada,1
9480.89,9872.39,12,0.748,863.27,9.11,912,0,30,3.4,0,0.087,Consolidação de dívidas,Própria,0
6866.2,35947.63,36,0.563,1106.01,16.11,915,0,117,6.5,2,0.436,Reforma ou serviços,Familiar,0
4653.3,4122.23,18,1.886,272.22,5.85,593,0,25,2.5,1,0.074,Crédito pessoal,Própria,0
4775.88,11116.95,12,1.668,1029.91,21.56,801,0,74,5.5,2,0.194,Consolidação de dívidas,Própria,0
8207.66,19895.9,12,2.647,1956.95,23.84,591,0,40,2.9,1,0.202,Consolidação de dívidas,Própria,0
1983.25,10974.08,24,1.293,534.82,26.97,736,0,11,0.7,4,0.461,Reforma ou serviços,Alugada,0
3607.2,8251.58,24,2.474,460.03,12.75,631,0,114,1.8,1,0.191,Consolidação de dívidas,Financiada,0
2570.63,17520.81,18,2.465,1217.04,47.34,720,0,23,2.2,2,0.568,Crédito pessoal,Alugada,1
15595.69,17406.97,24,2.362,958.54,6.15,636,0,34,5.9,1,0.093,Crédito pessoal,Financiada,0
8949.21,22271.18,60,1.49,564.15,6.3,688,0,56,8.3,0,0.207,Crédito pessoal,Própria,0
1500.0,7871.95,18,0.55,460.54,30.7,813,0,16,1.2,0,0.437,Financiamento de veículo,Financiada,0
2034.25,14578.21,24,1.69,743.94,36.57,687,0,26,4.7,0,0.597,Educação,Financiada,0
4790.35,10377.67,24,1.015,489.38,10.22,934,0,38,2.2,1,0.181,Crédito pessoal,Alugada,0
3879.65,28144.51,24,3.202,1698.17,43.77,489,1,10,0.4,0,0.605,Crédito pessoal,Financiada,1
2287.69,12667.98,48,1.744,391.75,17.12,703,0,52,0.4,0,0.461,Reforma ou serviços,Própria,1
17364.21,8950.66,48,0.55,212.68,1.22,906,0,15,3.2,1,0.043,Financiamento de veículo,Familiar,0
6311.88,23814.5,24,1.307,1162.37,18.42,753,0,73,0.2,0,0.314,Reforma ou serviços,Própria,0
6979.97,7882.13,24,2.433,437.46,6.27,553,1,96,2.3,1,0.094,Crédito pessoal,Financiada,0
3385.86,15828.46,24,1.61,800.33,23.64,679,0,76,0.5,1,0.39,Educação,Financiada,0
8137.38,22687.21,48,1.589,679.22,8.35,794,0,83,1.3,2,0.232,Crédito pessoal,Alugada,0
4107.4,4020.97,12,2.94,402.51,9.8,585,2,37,1.1,2,0.082,Crédito pessoal,Alugada,0
4362.24,7790.31,60,2.405,246.61,5.65,614,0,13,2.8,2,0.149,Consolidação de dívidas,Própria,0
7594.92,15198.12,36,2.218,617.36,8.13,632,1,93,2.0,0,0.167,Crédito pessoal,Própria,0
1893.98,16409.33,24,1.082,780.02,41.18,759,0,26,0.3,1,0.722,Reforma ou serviços,Alugada,0
13996.62,6167.24,36,3.444,301.51,2.15,534,1,43,3.9,1,0.037,Consolidação de dívidas,Financiada,0
5822.56,15523.94,60,1.888,434.53,7.46,704,0,20,1.7,0,0.222,Crédito pessoal,Familiar,0
11505.72,3634.22,12,2.36,351.29,3.05,667,0,18,3.9,0,0.026,Consolidação de dívidas,Própria,1
2669.52,15773.29,60,1.902,443.04,16.6,603,1,55,0.4,2,0.492,Reforma ou serviços,Alugada,0
2933.79,9680.07,12,1.547,890.06,30.34,764,0,47,0.9,0,0.275,Reforma ou serviços,Alugada,0
2530.15,13140.64,60,1.947,373.16,14.75,939,1,10,5.1,1,0.433,Crédito pessoal,Alugada,0
6072.94,8183.61,6,2.326,1477.08,24.32,658,0,28,2.4,0,0.112,Reforma ou serviços,Alugada,0
5417.14,46627.78,36,2.896,2102.73,38.82,587,0,144,0.1,0,0.717,Consolidação de dívidas,Alugada,0
3899.01,8141.88,6,0.55,1383.22,35.48,782,0,67,2.3,0,0.174,Financiamento de veículo,Própria,0
2773.02,3583.13,24,1.033,169.34,6.11,587,0,25,3.9,2,0.108,Financiamento de veículo,Própria,0
2371.14,6842.12,6,1.684,1208.49,50.97,664,0,33,5.5,2,0.24,Reforma ou serviços,Familiar,1
5046.01,32519.45,6,1.598,5727.08,113.5,703,0,46,4.1,0,0.537,Consolidação de dívidas,Própria,1
3896.17,26593.06,36,0.884,865.65,22.22,621,0,33,13.2,0,0.569,Financiamento de veículo,Financiada,0
3399.34,2009.88,48,0.55,47.76,1.4,823,0,109,1.8,0,0.049,Financiamento de veículo,Familiar,0
13569.9,7671.75,36,2.59,330.22,2.43,560,2,64,2.2,0,0.047,Consolidação de dívidas,Própria,1
4941.24,10689.97,48,1.426,309.05,6.25,748,0,76,10.0,1,0.18,Reforma ou serviços,Própria,0
11428.21,15774.13,12,1.249,1423.7,12.46,715,0,82,1.0,1,0.115,Reforma ou serviços,Financiada,0
3736.1,5248.53,36,2.547,224.42,6.01,350,1,64,2.3,2,0.117,Educação,Própria,0
6052.19,14946.37,24,1.149,716.08,11.83,642,0,70,4.4,1,0.206,Financiamento de veículo,Alugada,0
5024.19,24804.94,48,0.991,651.92,12.98,755,0,106,2.0,0,0.411,Financiamento de veículo,Alugada,0
1815.09,7407.16,24,0.55,330.3,18.2,900,0,73,0.7,0,0.34,Financiamento de veículo,Alugada,0
12606.7,13530.73,48,0.55,321.5,2.55,902,0,17,2.0,0,0.089,Financiamento de veículo,Financiada,0
4782.02,21243.12,48,1.591,636.18,13.3,571,2,132,1.5,0,0.37,Financiamento de veículo,Alugada,0
8260.11,35881.32,24,2.007,1898.61,22.99,593,0,8,0.3,2,0.362,Crédito pessoal,Própria,0
3262.2,28082.6,36,2.276,1151.25,35.29,685,0,62,0.2,1,0.717,Crédito pessoal,Financiada,0
4694.8,9618.01,48,2.703,360.05,7.67,712,1,50,2.7,1,0.171,Consolidação de dívidas,Financiada,0
3038.03,16208.41,24,0.55,722.76,23.79,856,0,31,2.3,0,0.445,Financiamento de veículo,Própria,0
11189.52,11821.33,36,1.458,424.35,3.79,725,0,82,1.9,2,0.088,Crédito pessoal,Própria,0
6307.46,8161.75,6,1.769,1445.75,22.92,629,0,40,9.2,1,0.108,Crédito pessoal,Própria,0
6528.86,20005.58,24,2.442,1111.45,17.02,596,0,65,0.1,1,0.255,Crédito pessoal,Financiada,0
12070.12,19857.85,36,1.218,684.6,5.67,798,0,15,2.3,1,0.137,Reforma ou serviços,Financiada,0
10650.32,13923.85,24,0.743,635.6,5.97,938,0,92,7.8,0,0.109,Reforma ou serviços,Alugada,0
8357.6,28807.53,48,1.064,769.45,9.21,761,0,87,3.9,1,0.287,Crédito pessoal,Própria,0
2153.7,7402.17,36,1.821,282.11,13.1,393,1,46,13.1,1,0.286,Financiamento de veículo,Financiada,0
3378.18,13105.01,24,0.55,584.37,17.3,821,0,21,1.4,2,0.323,Financiamento de veículo,Alugada,0
2790.58,6070.59,48,3.457,260.91,9.35,408,1,97,7.8,0,0.181,Crédito pessoal,Financiada,0
8163.96,17650.37,36,2.277,723.61,8.86,698,0,8,3.2,1,0.18,Consolidação de dívidas,Alugada,0
5780.34,7197.88,18,2.371,495.9,8.58,663,0,47,2.1,1,0.104,Crédito pessoal,Financiada,0
2195.79,4999.13,48,1.614,150.45,6.85,797,0,36,4.2,0,0.19,Consolidação de dívidas,Financiada,0
4625.74,22717.92,24,1.241,1100.39,23.79,771,1,61,1.3,1,0.409,Crédito pessoal,Alugada,0
2059.18,14017.24,12,1.188,1260.25,61.2,950,0,36,0.5,0,0.567,Crédito pessoal,Própria,0
5031.42,14234.65,60,1.737,383.85,7.63,612,0,84,1.9,2,0.236,Reforma ou serviços,Financiada,0
1863.26,13255.43,24,1.709,677.92,36.38,619,1,17,14.6,2,0.593,Educação,Financiada,0
7217.67,39172.28,6,1.46,6866.38,95.13,727,0,97,0.3,1,0.452,Crédito pessoal,Própria,1
6573.17,21680.03,48,2.291,749.3,11.4,643,1,41,3.5,0,0.275,Crédito pessoal,Familiar,0
16972.37,22112.24,12,2.993,2220.49,13.08,528,3,30,1.1,0,0.109,Crédito pessoal,Alugada,1
8796.38,34889.05,24,1.523,1746.51,19.85,834,1,60,3.6,1,0.331,Crédito pessoal,Financiada,0
4000.63,21441.32,24,1.966,1129.24,28.23,735,0,80,4.5,1,0.447,Crédito pessoal,Própria,0
8635.33,7324.12,36,2.84,327.53,3.79,547,1,38,6.1,1,0.071,Crédito pessoal,Própria,1
2186.07,17644.37,12,2.461,1716.0,78.5,740,0,41,3.9,0,0.673,Consolidação de dívidas,Alugada,0
2863.16,20551.37,36,1.1,694.44,24.25,617,0,23,3.2,0,0.598,Financiamento de veículo,Alugada,0
6393.02,34686.65,36,2.181,1400.84,21.91,636,0,8,4.1,0,0.452,Reforma ou serviços,Alugada,0
1500.0,11563.21,18,0.944,701.57,46.77,858,0,28,2.1,1,0.642,Crédito pessoal,Própria,0
5081.56,15462.02,36,2.329,639.17,12.58,660,0,46,4.0,0,0.254,Crédito pessoal,Própria,0
2762.39,6490.23,12,2.312,625.54,22.64,599,0,34,0.9,0,0.196,Crédito pessoal,Financiada,0
5537.09,4175.69,60,3.477,166.62,3.01,439,2,34,0.8,3,0.063,Consolidação de dívidas,Familiar,0
2665.69,19429.5,60,1.755,526.35,19.75,708,0,16,5.8,0,0.607,Crédito pessoal,Alugada,0
6764.53,21117.94,36,2.035,833.15,12.32,708,0,19,0.9,1,0.26,Crédito pessoal,Familiar,0
5262.69,5359.88,24,1.401,264.52,5.03,851,0,16,0.5,0,0.085,Reforma ou serviços,Alugada,0
12389.95,15305.99,24,1.362,751.97,6.07,640,0,47,2.8,0,0.103,Financiamento de veículo,Alugada,0
5221.76,8687.6,36,1.818,330.97,6.34,673,0,61,2.1,1,0.139,Reforma ou serviços,Financiada,1
3228.77,10218.21,12,0.709,891.29,27.6,834,0,48,0.7,3,0.264,Educação,Própria,0
4461.97,25528.64,18,1.559,1637.51,36.7,643,1,64,5.1,1,0.477,Financiamento de veículo,Alugada,0
2259.7,6655.63,24,2.774,383.51,16.97,598,0,19,2.6,1,0.245,Consolidação de dívidas,Financiada,0
6689.0,11890.22,36,2.218,482.98,7.22,544,0,44,3.0,2,0.148,Crédito pessoal,Familiar,1
7495.97,7185.1,12,1.836,672.59,8.97,523,1,30,2.1,2,0.08,Educação,Alugada,0
24036.18,16467.51,12,1.771,1535.38,6.39,738,0,39,5.0,2,0.057,Reforma ou serviços,Alugada,0
3536.44,17810.3,48,2.583,651.61,18.43,522,1,11,0.7,0,0.42,Reforma ou serviços,Financiada,0
4404.5,5536.97,60,2.81,191.99,4.36,559,0,16,0.2,2,0.105,Crédito pessoal,Alugada,0
3638.93,10949.94,24,1.789,565.19,15.53,658,1,46,1.6,0,0.251,Reforma ou serviços,Financiada,0
5930.86,12223.97,36,1.203,420.38,7.09,653,0,23,1.7,0,0.172,Educação,Própria,0
6588.38,15226.64,12,1.269,1376.01,20.89,830,0,25,1.3,2,0.193,Consolidação de dívidas,Familiar,0
5030.74,27708.53,48,1.722,853.01,16.96,689,0,37,0.8,1,0.459,Crédito pessoal,Própria,0
10197.89,7027.72,48,0.55,166.99,1.64,948,0,62,2.1,1,0.057,Financiamento de veículo,Alugada,0
3547.1,10437.33,12,0.96,925.02,26.08,818,0,79,3.4,1,0.245,Financiamento de veículo,Própria,0
9583.92,35967.56,36,0.976,1189.77,12.41,786,0,8,4.3,3,0.313,Reforma ou serviços,Alugada,0
7261.07,24591.46,12,2.409,2384.12,32.83,507,3,29,2.0,1,0.282,Reforma ou serviços,Própria,1
5161.36,7002.77,24,1.615,354.3,6.86,500,2,50,1.9,0,0.113,Financiamento de veículo,Familiar,0
4277.62,12894.92,18,2.152,871.65,20.38,542,1,60,1.5,1,0.251,Crédito pessoal,Familiar,0
23410.69,18882.37,48,1.505,555.25,2.37,673,0,74,4.1,1,0.067,Crédito pessoal,Alugada,0
3133.38,15004.93,24,1.47,746.48,23.82,764,0,56,1.5,1,0.399,Educação,Financiada,0
6254.98,17619.49,48,2.265,605.79,9.69,739,0,25,4.2,0,0.235,Crédito pessoal,Alugada,0
3265.86,13272.82,36,1.651,491.96,15.06,587,1,49,6.4,0,0.339,Financiamento de veículo,Financiada,0
15732.73,19123.79,24,1.538,958.92,6.1,835,0,45,6.7,0,0.101,Crédito pessoal,Alugada,0
9011.4,14456.97,36,1.136,491.55,5.45,814,0,15,1.1,1,0.134,Crédito pessoal,Alugada,0
3414.67,4478.65,6,2.377,809.77,23.71,673,0,23,1.6,2,0.109,Crédito pessoal,Alugada,0
7145.39,9745.84,24,0.616,438.09,6.13,921,0,53,1.9,1,0.114,Reforma ou serviços,Familiar,0
6100.86,34114.51,12,2.067,3239.24,53.09,400,0,75,7.2,0,0.466,Financiamento de veículo,Alugada,0
3774.81,15271.41,36,2.631,661.47,17.52,626,0,28,1.0,3,0.337,Consolidação de dívidas,Própria,0
8320.48,13848.26,48,3.318,580.66,6.98,514,1,144,5.8,0,0.139,Consolidação de dívidas,Financiada,0
6619.55,11750.05,36,1.428,419.72,6.34,897,0,3,2.9,1,0.148,Crédito pessoal,Financiada,0
5944.06,8207.01,60,1.532,210.15,3.54,672,0,42,0.0,1,0.115,Reforma ou serviços,Financiada,0
5066.59,7513.67,12,1.297,680.16,13.42,936,0,46,1.4,3,0.124,Crédito pessoal,Financiada,0
6793.13,27697.85,12,2.766,2743.91,40.39,457,0,85,0.6,4,0.34,Crédito pessoal,Alugada,1
5994.72,11147.55,36,3.365,538.78,8.99,519,1,25,1.4,1,0.155,Consolidação de dívidas,Financiada,0
5394.05,17317.66,12,1.864,1623.89,30.11,789,0,28,0.0,0,0.268,Crédito pessoal,Alugada,0
3494.63,9313.48,24,2.138,500.13,14.31,610,0,29,7.5,0,0.222,Consolidação de dívidas,Financiada,0
14861.79,15062.11,36,1.657,558.83,3.76,684,1,82,1.6,1,0.084,Reforma ou serviços,Financiada,1
2711.22,8138.25,12,0.55,702.68,25.92,856,0,92,1.4,0,0.25,Financiamento de veículo,Alugada,0
6778.75,26303.93,24,1.239,1273.72,18.79,764,0,32,7.0,1,0.323,Crédito pessoal,Familiar,0
4263.58,22108.75,48,3.011,876.82,20.57,510,0,20,0.4,2,0.432,Consolidação de dívidas,Própria,0
15480.45,3456.4,24,1.923,181.15,1.17,779,0,21,4.7,4,0.019,Consolidação de dívidas,Alugada,0
2969.81,11820.38,36,1.979,462.18,15.56,664,0,13,0.9,2,0.332,Crédito pessoal,Financiada,0
3296.28,7312.98,60,2.975,262.83,7.97,503,1,99,0.1,2,0.185,Crédito pessoal,Própria,0
2850.15,20297.72,36,1.905,784.2,27.51,675,0,43,3.4,2,0.593,Crédito pessoal,Própria,0
6354.78,29407.45,36,0.971,971.86,15.29,860,0,79,5.6,1,0.386,Crédito pessoal,Alugada,0
2219.69,15370.33,18,1.019,938.92,42.3,821,0,35,1.8,1,0.577,Crédito pessoal,Alugada,0
3865.04,7618.16,12,1.748,709.25,18.35,713,0,158,3.9,0,0.164,Consolidação de dívidas,Alugada,0
1500.0,12148.88,36,0.827,391.57,26.1,833,1,70,1.0,1,0.675,Reforma ou serviços,Familiar,0
6035.87,18934.85,24,0.933,884.29,14.65,602,0,54,3.2,0,0.261,Financiamento de veículo,Própria,0
3813.42,8019.1,36,3.004,367.54,9.64,520,0,62,2.0,3,0.175,Crédito pessoal,Alugada,0
2066.93,18614.07,18,0.706,1104.9,53.46,857,0,19,1.1,0,0.75,Educação,Familiar,0
10193.36,6210.53,12,2.997,623.82,6.12,469,4,29,0.9,2,0.051,Crédito pessoal,Própria,1
2311.52,5264.86,24,1.982,277.79,12.02,743,0,78,5.6,0,0.19,Crédito pessoal,Alugada,0
8522.96,17219.14,12,0.722,1503.13,17.64,899,0,44,2.9,0,0.168,Educação,Alugada,0
3366.97,19749.84,24,2.47,1100.58,32.69,555,1,65,1.3,0,0.489,Crédito pessoal,Alugada,0
14036.1,33472.51,18,1.869,2206.98,15.72,568,2,34,3.4,0,0.199,Financiamento de veículo,Financiada,0
8276.17,9802.72,12,2.09,932.06,11.26,730,0,39,3.3,2,0.099,Crédito pessoal,Alugada,0
2783.39,8832.56,24,1.466,439.24,15.78,794,0,94,3.8,0,0.264,Crédito pessoal,Financiada,0
2944.88,14276.56,36,1.365,504.59,17.13,540,0,49,2.0,1,0.404,Financiamento de veículo,Própria,0
7569.18,25180.76,36,1.472,906.09,11.97,491,0,51,3.0,1,0.277,Financiamento de veículo,Financiada,0
4419.31,12038.5,18,1.253,751.24,17.0,795,0,41,1.4,2,0.227,Reforma ou serviços,Financiada,0
4681.72,4402.01,24,0.912,205.05,4.38,793,0,31,1.6,2,0.078,Crédito pessoal,Própria,0
11443.78,11580.5,36,2.436,486.76,4.25,516,0,36,5.0,3,0.084,Reforma ou serviços,Própria,0
3268.96,15698.96,12,1.287,1420.26,43.45,850,0,44,1.3,1,0.4,Consolidação de dívidas,Familiar,1
5502.82,7997.42,6,1.852,1420.64,25.82,552,0,97,0.5,1,0.121,Reforma ou serviços,Própria,0
9398.29,2576.51,36,2.301,106.04,1.13,752,0,44,3.9,0,0.023,Crédito pessoal,Alugada,0
8587.53,17521.94,24,1.908,916.81,10.68,561,0,85,3.6,0,0.17,Reforma ou serviços,Alugada,0
4710.05,5458.31,60,1.67,144.74,3.07,673,0,21,4.3,1,0.097,Reforma ou serviços,Própria,0
4347.22,26148.79,36,2.333,1081.51,24.88,624,0,59,3.3,2,0.501,Crédito pessoal,Própria,0
1769.32,8081.91,12,2.143,770.94,43.57,669,0,7,2.7,1,0.381,Crédito pessoal,Financiada,0
2701.44,7354.91,36,0.796,235.79,8.73,663,0,24,0.4,3,0.227,Financiamento de veículo,Própria,0
6334.69,18035.54,6,1.592,3175.57,50.13,819,0,25,1.9,2,0.237,Crédito pessoal,Alugada,0
4773.94,9722.91,36,1.246,336.84,7.06,871,0,30,1.2,3,0.17,Crédito pessoal,Alugada,0
5447.26,4636.64,48,1.938,149.25,2.74,452,0,85,3.2,0,0.071,Reforma ou serviços,Familiar,0
9904.57,2445.31,12,0.55,211.13,2.13,784,0,8,9.2,0,0.021,Financiamento de veículo,Financiada,0
2490.59,5274.8,18,0.799,315.78,12.68,681,0,92,3.7,0,0.176,Financiamento de veículo,Alugada,0
4491.68,11251.7,12,2.403,1090.49,24.28,496,0,7,0.4,0,0.209,Reforma ou serviços,Financiada,1
5845.43,46385.05,12,0.938,4105.05,70.23,696,0,33,2.6,0,0.661,Financiamento de veículo,Familiar,0
3360.47,21146.75,18,0.55,1237.16,36.82,806,0,34,1.2,0,0.524,Financiamento de veículo,Financiada,0
12631.26,7406.54,18,0.55,433.31,3.43,912,0,112,5.5,0,0.049,Financiamento de veículo,Alugada,0
9133.81,7355.52,24,2.198,397.66,4.35,710,0,68,4.2,1,0.067,Consolidação de dívidas,Própria,0
6224.8,8550.91,60,2.557,280.24,4.5,590,1,137,1.9,0,0.114,Crédito pessoal,Própria,0
15816.95,3618.82,12,0.55,312.46,1.98,763,0,151,2.8,1,0.019,Financiamento de veículo,Própria,0
2053.09,7402.63,24,1.39,364.86,17.77,573,1,84,2.7,0,0.3,Financiamento de veículo,Familiar,0
5175.15,19510.44,12,1.247,1760.66,34.02,940,0,23,1.0,0,0.314,Crédito pessoal,Própria,0
6525.96,11893.92,36,1.839,454.63,6.97,729,0,57,4.2,2,0.152,Crédito pessoal,Própria,1
2949.5,10436.06,60,1.881,291.64,9.89,521,0,46,3.3,1,0.295,Reforma ou serviços,Financiada,0
6265.77,22591.88,24,1.727,1157.88,18.48,677,0,28,1.3,2,0.3,Crédito pessoal,Financiada,0
2618.44,6220.13,48,1.637,188.11,7.18,698,0,81,0.6,2,0.198,Educação,Familiar,0
7978.93,19058.75,48,1.408,548.95,6.88,523,0,13,2.5,1,0.199,Financiamento de veículo,Alugada,0
10019.33,6158.98,24,1.068,292.26,2.92,815,0,21,5.9,0,0.051,Crédito pessoal,Alugada,0
6156.48,16445.24,12,0.865,1448.74,23.53,730,0,8,3.9,2,0.223,Educação,Própria,0
1648.6,13683.84,60,0.55,268.38,16.28,718,0,19,0.5,2,0.692,Financiamento de veículo,Financiada,0
2855.5,7642.37,48,0.55,181.59,6.36,960,0,22,3.0,3,0.223,Crédito pessoal,Alugada,0
7380.04,12706.28,36,1.972,496.25,6.72,797,0,38,3.3,2,0.143,Consolidação de dívidas,Própria,0
5268.8,20716.67,24,0.742,945.47,17.94,824,1,86,1.6,1,0.328,Educação,Própria,0
1500.0,4499.3,12,1.187,404.5,26.97,630,0,29,2.1,0,0.25,Educação,Familiar,0
11237.02,28990.93,18,2.412,2004.52,17.84,691,1,87,5.4,1,0.215,Crédito pessoal,Própria,0
5659.78,11640.66,24,1.548,584.41,10.33,656,0,149,2.3,1,0.171,Reforma ou serviços,Própria,0
3129.37,17426.95,36,0.777,556.79,17.79,880,0,95,0.8,1,0.464,Reforma ou serviços,Alugada,0
9636.24,22511.52,12,1.321,2040.85,21.18,790,0,20,1.6,2,0.195,Reforma ou serviços,Própria,0
3416.39,8070.57,36,2.32,333.14,9.75,378,2,25,0.8,1,0.197,Educação,Alugada,0
3393.35,19983.41,36,0.55,613.38,18.08,815,0,87,4.1,2,0.491,Financiamento de veículo,Própria,0
6493.73,8191.97,60,0.965,180.49,2.78,680,1,25,2.9,2,0.105,Financiamento de veículo,Alugada,0
15688.1,4455.38,36,0.55,136.76,0.87,800,0,46,1.0,1,0.024,Reforma ou serviços,Financiada,0
14229.01,16089.75,60,0.828,341.37,2.4,831,0,60,3.4,1,0.094,Financiamento de veículo,Própria,0
6499.2,54999.76,12,1.547,5057.14,77.81,822,0,71,4.4,0,0.705,Crédito pessoal,Alugada,0
6926.38,8735.83,48,1.688,267.04,3.86,749,0,51,1.6,1,0.105,Crédito pessoal,Própria,0
8494.24,20234.59,36,2.421,848.55,9.99,464,1,16,3.5,1,0.199,Educação,Alugada,0
2385.31,17166.89,24,0.935,801.88,33.62,702,0,32,2.2,2,0.6,Financiamento de veículo,Alugada,0
7752.62,6074.77,24,1.258,294.81,3.8,777,0,95,0.6,0,0.065,Reforma ou serviços,Alugada,0
3298.72,8969.07,12,1.955,845.79,25.64,748,0,43,2.8,1,0.227,Crédito pessoal,Própria,0
6335.16,34423.7,12,3.523,3567.07,56.31,457,0,128,1.1,1,0.453,Consolidação de dívidas,Financiada,1
4516.01,13373.12,24,2.891,780.45,17.28,663,0,53,6.3,3,0.247,Consolidação de dívidas,Financiada,0
7095.12,14727.93,24,1.05,697.45,9.83,626,2,22,0.5,0,0.173,Financiamento de veículo,Própria,0
5595.05,4498.29,36,0.55,138.07,2.47,889,0,65,2.0,0,0.067,Educação,Financiada,0
1500.0,6175.51,18,0.55,361.29,24.09,765,0,98,4.6,0,0.343,Financiamento de veículo,Própria,0
5809.95,20367.71,18,0.55,1191.58,20.51,816,0,48,1.3,2,0.292,Financiamento de veículo,Alugada,0
7743.03,1456.04,12,0.786,127.63,1.65,690,0,48,2.8,1,0.016,Educação,Alugada,0
6856.07,25122.15,60,1.005,559.63,8.16,833,0,57,17.2,0,0.305,Crédito pessoal,Própria,0
4879.56,31625.74,12,0.57,2734.15,56.03,788,0,62,4.3,2,0.54,Financiamento de veículo,Própria,0
14393.82,51179.59,24,1.546,2568.87,17.85,759,0,26,3.2,1,0.296,Crédito pessoal,Própria,0
6307.31,35030.25,24,0.55,1562.05,24.77,894,0,8,3.9,0,0.463,Financiamento de veículo,Alugada,0
6821.07,18687.54,24,1.711,956.0,14.02,868,0,68,3.1,2,0.228,Crédito pessoal,Própria,0
9936.79,24523.33,6,1.564,4313.91,43.41,863,0,43,2.5,0,0.206,Crédito pessoal,Alugada,0
6510.83,10833.23,48,2.255,371.76,5.71,719,0,58,2.7,0,0.139,Consolidação de dívidas,Financiada,0
2979.89,9405.72,24,0.55,419.41,14.07,909,0,38,9.9,2,0.263,Educação,Própria,0
1500.0,12162.38,18,0.55,711.54,47.44,966,0,58,5.4,0,0.676,Reforma ou serviços,Financiada,0
3868.41,7738.94,18,1.386,488.76,12.63,567,3,20,1.5,2,0.167,Financiamento de veículo,Própria,0
8334.84,10292.31,60,3.449,408.37,4.9,433,2,33,3.6,0,0.103,Consolidação de dívidas,Familiar,0
4177.61,39888.76,24,0.55,1778.7,42.58,922,0,19,10.5,0,0.796,Reforma ou serviços,Própria,0
8545.37,8218.21,24,1.812,425.29,4.98,730,0,33,2.4,1,0.08,Crédito pessoal,Alugada,0
5702.3,16599.28,48,2.569,605.67,10.62,535,1,13,1.3,1,0.243,Crédito pessoal,Familiar,0
11556.63,4347.83,60,2.236,132.32,1.14,577,1,72,1.2,1,0.031,Crédito pessoal,Familiar,0
4330.25,7743.94,60,0.879,166.62,3.85,706,0,109,2.3,1,0.149,Educação,Financiada,0
6948.88,7793.0,12,1.836,729.48,10.5,536,0,14,1.2,1,0.093,Financiamento de veículo,Financiada,0
7115.73,12795.47,24,1.349,627.63,8.82,555,2,44,2.3,2,0.15,Financiamento de veículo,Própria,1
13192.54,7429.66,36,1.423,265.17,2.01,602,0,38,2.9,1,0.047,Financiamento de veículo,Alugada,0
1804.97,7653.04,36,1.081,257.78,14.28,904,0,112,6.0,0,0.353,Crédito pessoal,Alugada,0
3913.55,9689.84,24,0.55,432.08,11.04,920,0,46,1.7,2,0.206,Financiamento de veículo,Financiada,0
8799.88,12099.86,24,1.587,610.23,6.93,789,0,92,1.8,0,0.115,Crédito pessoal,Própria,0
13559.87,4203.59,24,0.55,187.44,1.38,844,0,69,3.0,0,0.026,Financiamento de veículo,Própria,0
6034.56,4525.42,36,2.004,177.67,2.94,534,1,53,1.6,2,0.062,Educação,Própria,0
4337.0,14980.33,36,1.174,512.66,11.82,759,0,28,1.5,0,0.288,Educação,Própria,0
8315.09,9192.32,60,0.55,180.29,2.17,798,0,54,2.4,2,0.092,Financiamento de veículo,Alugada,0
8910.71,16024.42,36,2.414,671.26,7.53,615,2,19,2.0,0,0.15,Crédito pessoal,Familiar,0
4160.64,11879.05,48,2.763,449.78,10.81,600,1,32,0.5,0,0.238,Consolidação de dívidas,Familiar,1
6381.79,14650.57,60,2.944,523.02,8.2,484,4,7,1.4,0,0.191,Reforma ou serviços,Financiada,0
10811.23,5270.44,6,1.313,919.23,8.5,822,0,102,4.8,1,0.041,Crédito pessoal,Própria,0
16789.32,3167.84,6,1.831,562.32,3.35,586,0,49,3.5,0,0.016,Reforma ou serviços,Própria,0
8240.6,10269.9,60,0.55,201.42,2.44,820,0,100,5.0,4,0.104,Financiamento de veículo,Própria,0
5344.27,14217.28,36,1.764,536.85,10.05,531,1,47,0.9,0,0.222,Reforma ou serviços,Alugada,0
5028.55,12486.73,18,2.158,844.49,16.79,714,0,50,0.4,1,0.207,Crédito pessoal,Alugada,0
7346.65,39342.38,24,0.55,1754.33,23.88,771,0,66,0.7,2,0.446,Financiamento de veículo,Alugada,0
4840.13,17787.96,24,2.879,1036.67,21.42,415,2,41,0.9,0,0.306,Educação,Financiada,0
5848.8,13008.32,12,1.799,1214.96,20.77,817,0,38,7.2,2,0.185,Crédito pessoal,Própria,0
2698.71,11895.55,48,1.602,357.09,13.23,582,0,34,0.4,1,0.367,Educação,Financiada,0
11621.24,13305.4,18,1.333,836.33,7.2,803,0,20,2.5,0,0.095,Reforma ou serviços,Financiada,0
2564.45,8406.76,24,2.839,487.82,19.02,551,1,34,1.0,0,0.273,Consolidação de dívidas,Própria,0
3977.88,31663.52,48,1.633,956.8,24.05,716,0,86,1.2,0,0.663,Crédito pessoal,Alugada,1
5524.35,10223.32,48,1.047,272.07,4.92,950,0,32,0.3,2,0.154,Crédito pessoal,Própria,0
17869.06,17627.65,12,1.707,1637.05,9.16,814,0,145,1.7,1,0.082,Crédito pessoal,Alugada,0
4001.2,17436.59,12,1.218,1570.64,39.25,807,0,8,3.5,2,0.363,Crédito pessoal,Financiada,1
3440.89,2561.06,12,1.655,237.07,6.89,468,0,89,1.7,0,0.062,Educação,Própria,0
3695.63,6576.69,18,2.275,449.34,12.16,709,0,36,2.8,2,0.148,Consolidação de dívidas,Própria,0
14543.95,17698.96,18,1.872,1167.26,8.03,710,0,61,1.2,0,0.101,Reforma ou serviços,Alugada,0
1500.0,12471.05,36,0.916,408.26,27.22,655,0,21,3.9,0,0.693,Financiamento de veículo,Alugada,0
2792.57,15900.7,12,3.069,1603.99,57.44,582,0,10,1.8,1,0.474,Consolidação de dívidas,Familiar,1
28277.25,22584.35,12,2.966,2264.33,8.01,535,1,77,2.4,1,0.067,Crédito pessoal,Familiar,0
7500.77,6286.43,24,2.218,340.64,4.54,774,0,100,1.4,2,0.07,Consolidação de dívidas,Própria,0
2619.41,9425.2,6,1.228,1639.09,62.57,596,1,45,2.1,3,0.3,Financiamento de veículo,Alugada,1
5066.6,6001.59,18,2.868,431.53,8.52,402,0,32,2.0,1,0.099,Crédito pessoal,Própria,0
5422.09,24456.14,24,1.114,1166.97,21.52,798,0,42,6.0,2,0.376,Reforma ou serviços,Financiada,0
8786.85,14438.41,24,0.55,643.83,7.33,841,0,42,3.8,0,0.137,Financiamento de veículo,Financiada,0
16267.18,48837.1,36,1.247,1692.0,10.4,815,0,36,3.3,1,0.25,Reforma ou serviços,Familiar,0
6616.46,13782.05,24,0.55,614.56,9.29,947,0,48,1.7,2,0.174,Financiamento de veículo,Própria,0
3720.99,4491.47,24,2.088,239.84,6.45,732,0,63,2.5,2,0.101,Consolidação de dívidas,Financiada,0
8471.02,17726.57,48,3.53,771.74,9.11,386,1,59,5.6,0,0.174,Consolidação de dívidas,Alugada,0
3372.8,6780.65,36,1.748,255.37,7.57,684,0,27,0.1,1,0.168,Crédito pessoal,Familiar,1
2740.09,12489.47,24,2.048,663.94,24.23,623,0,36,0.1,3,0.38,Crédito pessoal,Financiada,0
1746.33,5820.19,36,1.686,216.99,12.43,785,0,18,1.6,0,0.278,Crédito pessoal,Própria,0
1970.48,8335.76,18,1.861,549.25,27.87,719,0,58,0.8,1,0.353,Consolidação de dívidas,Financiada,0
2982.8,5149.53,60,1.567,133.03,4.46,708,0,23,2.0,2,0.144,Crédito pessoal,Familiar,0
2505.35,11917.04,36,2.775,527.68,21.06,564,2,4,2.0,1,0.396,Consolidação de dívidas,Própria,1
6314.61,5211.45,36,3.049,240.44,3.81,530,1,29,1.6,3,0.069,Consolidação de dívidas,Alugada,1
2472.0,7940.02,36,2.637,344.27,13.93,514,1,60,5.2,3,0.268,Consolidação de dívidas,Alugada,0
1500.0,9852.96,6,0.577,1675.47,111.7,824,0,63,0.7,0,0.547,Educação,Própria,1
2722.18,23851.76,12,1.302,2159.79,79.34,571,0,87,0.9,2,0.73,Reforma ou serviços,Familiar,1
3881.05,14878.45,24,0.615,668.73,17.23,749,0,161,6.5,0,0.319,Educação,Própria,0
3572.55,5095.25,36,0.787,163.08,4.56,843,0,43,0.4,2,0.119,Reforma ou serviços,Alugada,0
13339.96,2600.98,48,0.55,61.8,0.46,864,0,38,1.8,1,0.016,Financiamento de veículo,Financiada,0
3554.67,27789.18,24,2.464,1547.53,43.54,653,0,47,1.3,1,0.651,Consolidação de dívidas,Alugada,1
8978.49,19928.03,18,2.182,1350.55,15.04,627,0,32,3.7,0,0.185,Crédito pessoal,Própria,0
5139.16,19330.87,24,1.742,992.4,19.31,701,0,16,1.8,0,0.313,Crédito pessoal,Alugada,1
5065.38,15804.32,18,1.159,977.86,19.3,980,0,15,0.3,1,0.26,Crédito pessoal,Financiada,0
3097.89,8075.98,36,2.35,334.93,10.81,550,0,40,1.1,1,0.217,Crédito pessoal,Financiada,0
5013.9,20243.95,36,0.962,668.04,13.32,722,0,106,1.0,1,0.336,Reforma ou serviços,Financiada,0
3235.87,18006.75,12,2.943,1802.89,55.72,625,3,31,3.5,0,0.464,Crédito pessoal,Alugada,1
5778.09,47220.71,24,1.66,2401.4,41.56,614,1,70,6.4,0,0.681,Reforma ou serviços,Familiar,0
4491.49,20306.69,36,1.981,794.25,17.68,751,0,94,5.2,1,0.377,Consolidação de dívidas,Financiada,0
2895.01,6820.19,60,0.768,142.31,4.92,768,0,69,1.7,0,0.196,Financiamento de veículo,Alugada,0
9617.97,12837.06,24,0.998,604.12,6.28,920,1,75,6.0,0,0.111,Crédito pessoal,Familiar,0
6775.41,6872.14,36,0.837,221.9,3.28,760,0,16,4.5,1,0.085,Financiamento de veículo,Própria,0
3938.74,13589.44,24,1.213,656.07,16.66,889,0,36,7.6,1,0.288,Crédito pessoal,Própria,0
5690.88,2449.41,24,1.728,125.55,2.21,646,1,11,1.2,0,0.036,Educação,Própria,0
4936.66,13787.85,36,2.556,590.42,11.96,549,0,27,3.3,2,0.233,Crédito pessoal,Própria,0
3036.64,11531.09,60,1.365,282.74,9.31,706,0,15,0.9,0,0.316,Reforma ou serviços,Própria,0
5432.32,9341.6,18,0.991,569.19,10.48,753,0,61,0.3,0,0.143,Financiamento de veículo,Própria,0
3538.25,18053.67,24,1.137,863.81,24.41,787,0,15,0.5,3,0.425,Educação,Financiada,0
2894.46,8950.92,12,1.682,829.95,28.67,632,0,15,2.6,1,0.258,Crédito pessoal,Alugada,0
1901.31,7604.54,36,2.343,315.04,16.57,385,0,41,1.0,1,0.333,Educação,Própria,0
4163.36,13036.71,24,2.521,730.59,17.55,598,0,8,0.5,0,0.261,Crédito pessoal,Familiar,0
7390.39,10530.4,12,0.55,909.22,12.3,776,0,152,6.6,0,0.119,Educação,Própria,0
3380.32,11615.67,36,0.95,382.52,11.32,889,0,35,2.6,2,0.286,Crédito pessoal,Própria,0
24816.23,57979.82,36,2.528,2471.88,9.96,531,1,92,7.6,1,0.195,Reforma ou serviços,Financiada,0
9005.03,7888.2,12,1.771,735.47,8.17,759,0,16,1.8,0,0.073,Crédito pessoal,Própria,0
11673.76,8853.06,36,0.831,285.57,2.45,773,0,54,5.7,1,0.063,Educação,Alugada,0
8513.98,27631.18,48,2.344,965.03,11.33,639,0,62,2.4,1,0.27,Crédito pessoal,Alugada,0
16402.52,8026.29,24,1.911,420.1,2.56,590,1,19,2.2,0,0.041,Financiamento de veículo,Financiada,0
3192.22,26346.52,36,1.817,1003.55,31.44,656,0,73,1.2,3,0.688,Crédito pessoal,Própria,0
1500.0,7132.11,24,1.883,372.09,24.81,532,1,26,1.0,0,0.396,Reforma ou serviços,Própria,0
3943.47,13889.72,18,3.527,1055.42,26.76,436,1,31,0.4,2,0.294,Crédito pessoal,Financiada,0
7350.4,27312.23,12,1.477,2500.39,34.02,587,0,19,1.1,3,0.31,Financiamento de veículo,Familiar,1
5712.17,5785.1,18,1.036,353.95,6.2,790,0,75,0.2,2,0.084,Reforma ou serviços,Financiada,0
6168.48,23722.41,36,0.828,764.73,12.4,687,0,53,2.0,0,0.32,Financiamento de veículo,Própria,0
11794.38,26776.34,18,2.539,1871.81,15.87,689,0,51,6.3,1,0.189,Consolidação de dívidas,Própria,0
6589.87,11562.88,24,1.411,571.3,8.67,775,0,50,0.8,0,0.146,Reforma ou serviços,Alugada,0
8533.37,20788.73,48,1.735,641.74,7.52,812,0,52,1.6,1,0.203,Crédito pessoal,Alugada,0
2904.12,7412.16,12,0.885,653.79,22.51,639,1,25,4.5,1,0.213,Financiamento de veículo,Alugada,0
2636.66,8134.47,12,0.55,702.35,26.64,736,0,69,6.7,1,0.257,Financiamento de veículo,Própria,0
14145.68,23432.24,36,2.873,1053.07,7.44,683,0,22,4.6,1,0.138,Consolidação de dívidas,Própria,0
5535.7,34039.16,6,1.755,6026.66,108.87,671,0,50,2.0,2,0.512,Reforma ou serviços,Alugada,1
3533.39,1829.11,12,1.835,171.21,4.85,704,1,39,3.0,0,0.043,Educação,Própria,0
3537.41,3125.08,24,1.045,147.89,4.18,823,0,29,3.3,0,0.074,Reforma ou serviços,Financiada,0
3477.11,5538.98,60,0.997,123.11,3.54,901,0,39,3.1,0,0.133,Crédito pessoal,Familiar,0
3350.48,7864.93,24,0.557,351.03,10.48,866,0,51,0.9,0,0.196,Reforma ou serviços,Familiar,0
2346.93,5713.4,12,0.736,499.2,21.27,806,0,69,3.8,1,0.203,Educação,Familiar,0
2051.14,3606.61,36,2.925,163.35,7.96,617,0,45,4.8,2,0.147,Consolidação de dívidas,Alugada,1
4607.82,41350.49,24,1.43,2047.59,44.44,864,1,81,0.0,2,0.748,Crédito pessoal,Própria,0
3600.4,21090.75,12,1.615,1947.43,54.09,671,0,26,1.2,0,0.488,Crédito pessoal,Própria,0
10330.47,11620.82,24,0.733,529.84,5.13,935,0,35,2.9,2,0.094,Crédito pessoal,Alugada,0
6236.17,20109.17,36,2.801,893.98,14.34,730,0,62,2.3,2,0.269,Consolidação de dívidas,Familiar,0
6129.76,11187.75,60,1.384,275.71,4.5,508,1,16,2.8,0,0.152,Financiamento de veículo,Financiada,0
3280.26,19017.34,36,1.52,689.78,21.03,585,2,74,0.5,1,0.483,Financiamento de veículo,Financiada,0
4824.08,36981.6,36,1.969,1443.75,29.93,750,0,17,0.0,0,0.639,Crédito pessoal,Alugada,0
6504.4,43274.64,48,1.629,1306.42,20.09,634,0,128,2.1,1,0.554,Reforma ou serviços,Financiada,0
8106.77,19877.64,18,1.043,1216.91,15.01,753,0,26,1.8,0,0.204,Crédito pessoal,Própria,0
4905.93,15168.5,24,0.83,699.65,14.26,593,0,121,4.7,0,0.258,Financiamento de veículo,Alugada,0
10152.45,29492.09,60,0.55,578.43,5.7,792,0,71,3.0,0,0.242,Financiamento de veículo,Financiada,0
5225.82,10527.12,24,2.534,590.8,11.31,557,1,13,0.0,0,0.168,Consolidação de dívidas,Familiar,0
8501.34,11606.18,12,2.685,1144.14,13.46,694,0,21,3.7,1,0.114,Consolidação de dívidas,Alugada,0
3838.0,35959.84,60,1.871,1002.34,26.12,769,0,15,5.9,2,0.781,Crédito pessoal,Própria,0
1690.21,9430.69,24,1.882,491.98,29.11,889,0,34,4.5,1,0.465,Consolidação de dívidas,Familiar,0
6141.33,7956.45,18,1.629,513.55,8.36,622,1,81,2.8,0,0.108,Reforma ou serviços,Familiar,0
8152.78,18310.75,36,3.053,845.3,10.37,508,1,111,1.4,1,0.187,Consolidação de dívidas,Financiada,0
7428.87,8243.63,24,1.736,422.91,5.69,703,0,19,1.5,0,0.092,Reforma ou serviços,Alugada,0
6755.89,3574.07,24,0.634,161.01,2.38,636,1,17,1.5,1,0.044,Financiamento de veículo,Própria,0
4189.3,12214.66,12,1.425,1114.63,26.61,844,0,56,3.3,1,0.243,Reforma ou serviços,Alugada,0
3153.38,23255.39,6,3.038,4298.26,136.31,522,1,14,3.1,0,0.615,Crédito pessoal,Própria,1
7320.88,3680.69,12,0.664,320.13,4.37,756,0,80,2.0,1,0.042,Financiamento de veículo,Alugada,0
6773.76,26190.31,18,2.334,1798.68,26.55,607,2,66,4.3,1,0.322,Crédito pessoal,Própria,0
3672.6,11691.88,24,0.664,528.63,14.39,759,0,46,0.8,1,0.265,Educação,Financiada,0
10344.98,8459.2,48,1.413,243.9,2.36,611,1,78,4.8,0,0.068,Financiamento de veículo,Financiada,0
3008.02,7642.6,12,3.15,774.69,25.75,551,2,76,6.8,2,0.212,Crédito pessoal,Própria,0
3621.45,15049.16,36,2.078,597.8,16.51,567,0,21,5.4,1,0.346,Reforma ou serviços,Própria,0
14342.72,11454.87,48,3.711,514.56,3.59,464,3,16,4.2,1,0.067,Consolidação de dívidas,Alugada,1
8910.05,21685.56,24,2.577,1222.8,13.72,667,0,42,2.1,0,0.203,Consolidação de dívidas,Própria,0
4164.9,21569.32,60,1.414,535.63,12.86,725,0,79,2.5,2,0.432,Reforma ou serviços,Alugada,0
6214.19,16575.39,36,1.705,619.93,9.98,673,0,20,3.3,0,0.222,Reforma ou serviços,Familiar,0
5723.78,9041.64,60,2.389,285.15,4.98,602,1,17,2.4,0,0.132,Reforma ou serviços,Própria,0
1500.0,12695.22,18,0.666,750.74,50.05,767,0,18,3.2,1,0.705,Financiamento de veículo,Financiada,0
2964.31,8831.62,36,0.55,271.08,9.14,841,0,31,8.4,1,0.248,Financiamento de veículo,Própria,0
5038.63,10063.66,12,2.146,960.16,19.06,612,1,3,5.2,1,0.166,Crédito pessoal,Familiar,0
4168.51,8577.5,48,0.902,220.97,5.3,724,0,22,7.3,0,0.171,Financiamento de veículo,Financiada,0
6060.92,22550.77,18,0.55,1319.3,21.77,785,0,59,5.0,0,0.31,Financiamento de veículo,Própria,0
10474.44,26290.04,12,2.974,2636.98,25.18,522,0,79,2.6,2,0.209,Consolidação de dívidas,Familiar,0
4260.16,12365.63,24,1.759,636.07,14.93,663,0,152,0.6,0,0.242,Reforma ou serviços,Própria,0
2699.08,4897.01,12,0.939,433.43,16.06,786,0,40,1.5,1,0.151,Educação,Alugada,0
6360.24,7384.78,18,0.55,432.04,6.79,932,0,28,2.3,1,0.097,Financiamento de veículo,Alugada,0
4246.74,13583.47,24,1.943,713.52,16.8,438,1,132,4.8,1,0.267,Financiamento de veículo,Familiar,1
4720.43,32612.29,12,2.657,3209.64,67.99,481,0,44,4.1,0,0.576,Crédito pessoal,Própria,0
4339.5,1586.39,6,1.743,280.76,6.47,899,0,45,0.8,0,0.03,Consolidação de dívidas,Própria,0
20875.96,16721.17,24,0.55,745.62,3.57,737,0,97,3.0,3,0.067,Financiamento de veículo,Financiada,0
1500.0,5591.93,12,2.458,543.77,36.25,484,0,10,5.9,2,0.311,Reforma ou serviços,Própria,0
4087.33,12595.7,36,2.161,507.05,12.41,592,1,46,0.8,1,0.257,Crédito pessoal,Própria,0
5188.12,23486.42,6,0.684,4008.68,77.27,804,0,15,1.8,4,0.377,Financiamento de veículo,Familiar,0
3203.84,24514.53,36,2.555,1049.49,32.76,490,0,8,1.4,0,0.638,Consolidação de dívidas,Alugada,1
9084.33,11926.51,24,1.151,571.57,6.29,690,0,21,6.0,2,0.109,Educação,Familiar,0
8609.6,24079.68,24,2.56,1355.38,15.74,561,0,117,8.2,0,0.233,Crédito pessoal,Financiada,0
5048.3,3704.87,24,1.705,189.4,3.75,575,0,10,1.3,2,0.061,Educação,Financiada,0
4396.64,10168.76,24,1.968,535.68,12.18,634,0,31,1.0,1,0.193,Crédito pessoal,Própria,0
4851.29,17975.15,24,2.737,1031.56,21.26,687,1,74,0.4,1,0.309,Consolidação de dívidas,Própria,0
4872.91,9828.74,24,2.114,526.41,10.8,642,0,22,2.2,1,0.168,Consolidação de dívidas,Própria,0
4953.37,6753.99,18,1.525,431.92,8.72,839,1,151,4.6,2,0.114,Crédito pessoal,Financiada,0
4627.88,8818.86,24,0.72,401.43,8.67,847,0,43,0.2,1,0.159,Reforma ou serviços,Alugada,0
6081.05,22593.85,12,0.55,1950.81,32.08,870,0,9,1.9,1,0.31,Financiamento de veículo,Alugada,0
8294.98,12945.55,24,1.427,640.79,7.73,667,0,21,3.2,0,0.13,Reforma ou serviços,Alugada,0
2425.16,5512.37,24,0.647,248.71,10.26,730,0,10,4.1,1,0.189,Financiamento de veículo,Alugada,0
2710.81,18114.37,36,1.686,675.29,24.91,568,0,23,2.7,0,0.557,Educação,Familiar,0
1758.7,6231.74,24,0.55,277.88,15.8,893,0,34,0.6,0,0.295,Financiamento de veículo,Alugada,0
8897.99,40335.58,36,1.538,1467.41,16.49,808,0,75,2.2,1,0.378,Crédito pessoal,Alugada,0
6073.04,32769.78,36,1.738,1232.25,20.29,748,0,171,6.4,2,0.45,Crédito pessoal,Própria,0
7113.0,19071.97,18,1.619,1229.94,17.29,603,0,35,3.6,1,0.223,Educação,Própria,0
2143.35,11491.29,24,0.947,537.52,25.08,900,0,67,1.3,0,0.447,Crédito pessoal,Familiar,0
15726.17,37272.83,18,1.872,2458.34,15.63,584,5,39,3.5,2,0.198,Financiamento de veículo,Financiada,0
3565.02,14492.36,12,1.003,1287.87,36.13,850,0,20,0.7,0,0.339,Crédito pessoal,Própria,0
5771.58,4664.48,48,1.894,148.8,2.58,732,0,25,0.2,1,0.067,Crédito pessoal,Familiar,0
8831.96,13326.71,48,0.55,316.66,3.59,769,0,110,2.5,1,0.126,Financiamento de veículo,Alugada,0
2819.98,12368.19,12,1.558,1138.02,40.36,491,1,30,1.0,2,0.365,Educação,Familiar,0
3705.94,7083.28,36,2.631,306.83,8.28,527,0,123,2.9,1,0.159,Crédito pessoal,Financiada,0
5810.96,9902.33,48,1.45,287.76,4.95,944,0,45,9.0,0,0.142,Crédito pessoal,Própria,0
30578.34,10792.7,6,0.55,1833.57,6.0,926,0,48,3.6,1,0.029,Financiamento de veículo,Financiada,0
6267.36,30552.09,24,0.55,1362.36,21.74,785,0,95,2.8,0,0.406,Financiamento de veículo,Própria,0
14077.85,5204.37,18,2.089,349.85,2.49,602,0,51,5.5,2,0.031,Crédito pessoal,Própria,0
10981.1,16901.26,24,1.02,797.52,7.26,806,0,2,1.7,0,0.128,Financiamento de veículo,Alugada,0
6532.73,8110.95,12,1.229,731.13,11.19,742,0,23,3.3,0,0.103,Financiamento de veículo,Própria,0
2816.11,11400.22,6,0.611,1940.89,68.92,865,0,48,0.7,0,0.337,Financiamento de veículo,Financiada,0
10031.26,15275.23,6,3.144,2833.22,28.24,532,0,52,6.1,1,0.127,Crédito pessoal,Própria,0
2054.08,5811.22,60,0.863,124.49,6.06,791,0,51,2.8,2,0.236,Reforma ou serviços,Familiar,0
14030.05,15172.11,12,0.761,1327.72,9.46,639,1,40,1.0,1,0.09,Financiamento de veículo,Financiada,0
5886.5,4406.55,12,4.318,478.22,8.12,437,5,47,2.8,1,0.062,Crédito pessoal,Alugada,1
1500.0,9667.47,36,1.914,374.07,24.94,571,0,101,0.3,1,0.537,Reforma ou serviços,Alugada,0
4210.35,9014.44,36,1.079,303.5,7.21,557,0,32,0.5,1,0.178,Financiamento de veículo,Própria,0
7799.86,18429.75,12,1.644,1704.88,21.86,803,0,40,0.3,1,0.197,Crédito pessoal,Alugada,0
4489.33,35678.8,24,1.266,1733.11,38.6,701,1,81,4.7,0,0.662,Reforma ou serviços,Alugada,0
8100.8,42819.63,24,0.653,1933.36,23.87,748,0,83,4.5,2,0.44,Financiamento de veículo,Financiada,0
3069.9,6984.4,18,1.746,455.53,14.84,714,1,16,2.3,0,0.19,Crédito pessoal,Alugada,1
2313.94,5479.05,48,0.684,134.29,5.8,916,0,6,0.8,2,0.197,Educação,Financiada,0
4974.69,31517.57,60,3.291,1210.79,24.34,400,1,72,3.3,1,0.528,Consolidação de dívidas,Financiada,1
5302.77,24160.31,18,2.3,1654.41,31.2,544,1,58,2.4,1,0.38,Crédito pessoal,Alugada,0
4189.83,14456.48,12,0.55,1248.21,29.79,887,0,43,1.2,0,0.288,Educação,Própria,0
11129.28,4939.53,24,2.041,262.38,2.36,691,0,76,3.0,2,0.037,Crédito pessoal,Alugada,1
3069.55,9557.39,48,1.361,272.49,8.88,798,0,37,3.0,2,0.259,Crédito pessoal,Alugada,0
6314.33,15880.0,36,2.208,644.07,10.2,687,0,56,0.5,2,0.21,Crédito pessoal,Alugada,0
5423.82,23600.52,36,1.614,869.55,16.03,775,0,30,5.8,0,0.363,Crédito pessoal,Alugada,0
1980.79,6866.18,48,0.913,177.3,8.95,705,0,23,1.7,1,0.289,Financiamento de veículo,Alugada,0
2295.29,20951.08,18,1.649,1354.74,59.02,790,0,36,3.2,1,0.761,Consolidação de dívidas,Própria,0
5238.54,24979.39,48,2.564,910.56,17.38,550,1,11,1.6,0,0.397,Crédito pessoal,Financiada,1
17760.96,25230.59,48,2.832,967.85,5.45,490,1,21,4.4,3,0.118,Crédito pessoal,Alugada,0
7446.96,20633.88,36,1.366,729.37,9.79,546,2,42,1.4,0,0.231,Financiamento de veículo,Financiada,0
1783.83,2944.47,24,1.6,148.71,8.34,836,0,57,1.5,1,0.138,Consolidação de dívidas,Própria,0
1500.0,9774.5,48,0.55,232.25,15.48,824,0,94,1.3,0,0.543,Financiamento de veículo,Financiada,0
8191.95,10635.91,6,0.573,1808.39,22.08,924,0,40,2.5,0,0.108,Crédito pessoal,Própria,0
4898.88,21303.79,18,0.55,1246.35,25.44,818,0,22,3.7,2,0.362,Financiamento de veículo,Alugada,0
10551.24,4456.12,12,0.987,395.61,3.75,814,0,15,4.6,3,0.035,Reforma ou serviços,Familiar,0
3012.03,3279.97,24,0.55,146.26,4.86,968,0,89,3.6,3,0.091,Financiamento de veículo,Financiada,0
6461.04,21501.49,36,0.55,659.98,10.21,940,0,48,2.5,1,0.277,Financiamento de veículo,Familiar,0
8787.11,7377.44,24,2.329,404.76,4.61,617,1,39,1.4,1,0.07,Crédito pessoal,Financiada,0
3940.2,3025.52,24,2.533,169.79,4.31,619,2,50,3.7,0,0.064,Consolidação de dívidas,Financiada,0
3992.77,6539.18,24,1.577,329.38,8.25,662,0,77,2.2,0,0.136,Crédito pessoal,Própria,0
5282.09,12437.31,6,1.346,2171.66,41.11,518,1,113,1.0,0,0.196,Financiamento de veículo,Financiada,0
7279.91,29363.16,12,0.967,2603.46,35.76,665,0,13,1.7,1,0.336,Financiamento de veículo,Familiar,0
5153.99,14395.32,6,2.733,2633.86,51.1,609,3,37,4.0,3,0.233,Crédito pessoal,Alugada,1
9511.83,9240.5,48,0.966,241.47,2.54,629,0,72,2.1,1,0.081,Financiamento de veículo,Financiada,0
3905.0,11622.75,12,0.55,1003.54,25.7,955,0,14,6.0,0,0.248,Financiamento de veículo,Financiada,0
2282.0,19079.34,18,2.094,1283.2,56.23,584,0,140,9.7,1,0.697,Reforma ou serviços,Própria,1
17714.5,20816.44,24,0.55,928.24,5.24,972,0,36,2.4,1,0.098,Reforma ou serviços,Própria,0
3574.36,13727.04,24,2.375,756.98,21.18,536,0,153,1.4,1,0.32,Crédito pessoal,Própria,0
3655.47,16279.97,36,1.61,599.4,16.4,537,1,12,1.6,2,0.371,Reforma ou serviços,Familiar,0
4992.12,14489.25,24,1.75,744.53,14.91,840,0,87,1.1,1,0.242,Crédito pessoal,Financiada,0
5421.17,23291.66,24,0.885,1081.43,19.95,763,0,25,7.7,2,0.358,Educação,Alugada,0
4091.51,2991.33,36,1.307,104.7,2.56,846,0,44,1.6,2,0.061,Educação,Própria,0
5144.1,15943.13,18,1.431,1010.95,19.65,792,0,67,0.5,1,0.258,Crédito pessoal,Financiada,0
5073.37,5296.54,24,1.052,250.87,4.94,610,0,82,2.4,3,0.087,Financiamento de veículo,Própria,0
5795.3,8891.36,24,1.965,468.22,8.08,558,0,60,0.8,0,0.128,Educação,Própria,0
1500.0,3195.52,24,1.438,158.38,10.56,653,0,43,0.4,1,0.178,Financiamento de veículo,Alugada,0
16689.87,13960.55,60,1.115,320.34,1.92,749,0,49,1.2,0,0.07,Financiamento de veículo,Alugada,0
4746.18,9202.61,48,3.772,417.76,8.8,338,1,211,1.0,0,0.162,Consolidação de dívidas,Financiada,0
7453.21,10629.81,36,1.556,387.86,5.2,786,0,91,1.6,0,0.119,Crédito pessoal,Alugada,0
2212.75,16285.93,36,1.076,548.06,24.77,873,0,19,0.2,0,0.613,Crédito pessoal,Alugada,0
3883.12,14916.41,48,1.861,472.61,12.17,849,0,48,7.2,0,0.32,Crédito pessoal,Financiada,0
3427.47,13338.68,24,1.177,641.19,18.71,641,0,62,2.7,1,0.324,Financiamento de veículo,Própria,0
12934.36,13953.13,24,2.806,806.8,6.24,516,3,4,4.3,2,0.09,Crédito pessoal,Alugada,0
3616.31,11869.46,24,1.702,606.55,16.77,914,0,99,2.2,0,0.274,Consolidação de dívidas,Própria,0
8320.05,28568.03,48,1.721,879.22,10.57,889,0,21,5.6,1,0.286,Consolidação de dívidas,Familiar,0
3474.32,13107.04,36,1.501,473.95,13.64,639,0,27,1.4,1,0.314,Reforma ou serviços,Própria,0
3927.62,13986.03,24,1.28,680.49,17.33,709,0,16,2.2,0,0.297,Reforma ou serviços,Alugada,0
4465.66,19430.68,24,1.31,948.75,21.25,802,1,87,0.7,3,0.363,Crédito pessoal,Alugada,0
11526.43,23969.9,24,2.845,1391.84,12.08,663,1,69,3.2,1,0.173,Consolidação de dívidas,Financiada,0
1611.15,4610.56,18,1.602,296.88,18.43,741,0,91,2.0,0,0.238,Crédito pessoal,Própria,0
2300.09,19468.72,24,1.856,1012.58,44.02,540,1,119,0.8,0,0.705,Reforma ou serviços,Própria,0
1554.77,11997.26,12,1.849,1123.94,72.29,654,0,53,2.6,1,0.643,Educação,Alugada,0
2649.6,11028.07,18,2.182,747.42,28.21,653,0,30,2.8,1,0.347,Crédito pessoal,Financiada,0
3143.91,9673.14,12,2.035,916.66,29.16,511,0,53,3.5,0,0.256,Crédito pessoal,Financiada,0
1911.1,18851.78,12,1.175,1693.55,88.62,826,0,27,2.8,0,0.822,Reforma ou serviços,Financiada,1
3298.56,30784.92,24,1.979,1623.82,49.23,631,0,66,1.8,2,0.778,Consolidação de dívidas,Própria,1
1500.0,4792.17,12,1.176,430.53,28.7,714,0,101,4.0,1,0.266,Reforma ou serviços,Familiar,0
2766.29,9948.15,18,1.624,641.81,23.2,539,1,22,2.1,1,0.3,Financiamento de veículo,Financiada,1
10945.4,13552.5,24,1.328,663.19,6.06,712,0,54,0.6,0,0.103,Educação,Alugada,0
6678.43,10801.03,12,0.55,932.59,13.96,789,0,42,0.4,0,0.135,Financiamento de veículo,Alugada,1
5840.92,13393.45,24,0.55,597.23,10.22,924,0,44,0.7,2,0.191,Financiamento de veículo,Financiada,0
2792.5,6799.48,24,0.625,305.97,10.96,866,0,86,0.9,1,0.203,Financiamento de veículo,Própria,0
2006.29,5403.27,48,2.82,206.82,10.31,572,0,63,2.6,0,0.224,Crédito pessoal,Familiar,0
2566.09,14272.03,18,1.549,914.68,35.65,535,2,37,5.3,0,0.463,Financiamento de veículo,Própria,0
5062.54,16753.33,6,1.412,2931.82,57.91,708,0,40,3.1,0,0.276,Reforma ou serviços,Própria,0
8907.81,11404.74,36,1.658,423.24,4.75,594,0,49,4.5,2,0.107,Reforma ou serviços,Própria,0
9098.65,8518.29,60,1.836,235.43,2.59,697,0,46,2.1,0,0.078,Crédito pessoal,Familiar,0
7687.83,8708.74,60,1.999,250.48,3.26,621,2,48,0.1,1,0.094,Reforma ou serviços,Própria,0
3291.6,12584.45,24,2.771,724.9,22.02,621,0,77,5.9,0,0.319,Consolidação de dívidas,Financiada,0
5279.75,6897.17,12,1.66,638.64,12.1,641,0,16,1.3,0,0.109,Crédito pessoal,Alugada,0
4260.67,10528.14,36,0.841,340.16,7.98,707,0,63,2.7,0,0.206,Financiamento de veículo,Própria,0
4590.19,3803.56,48,1.12,102.86,2.24,718,0,68,3.0,0,0.069,Financiamento de veículo,Alugada,0
18387.63,19824.62,24,2.278,1081.46,5.88,577,0,148,10.2,2,0.09,Crédito pessoal,Alugada,0
1744.06,11136.42,24,1.595,562.12,32.23,798,0,42,7.3,2,0.532,Consolidação de dívidas,Financiada,0
4495.87,3964.82,18,2.319,271.93,6.05,794,1,63,10.7,0,0.073,Consolidação de dívidas,Financiada,0
11022.55,8316.5,24,0.722,378.67,3.44,809,0,86,4.1,3,0.063,Reforma ou serviços,Alugada,0
2095.53,7901.49,12,1.83,739.39,35.28,622,0,62,6.4,1,0.314,Crédito pessoal,Familiar,0
3488.72,10831.6,24,0.55,483.0,13.84,767,0,7,0.5,0,0.259,Financiamento de veículo,Alugada,0
3745.87,13817.33,48,1.108,372.7,9.95,825,0,8,9.5,0,0.307,Reforma ou serviços,Alugada,0
4527.72,13734.19,24,1.327,672.0,14.84,639,0,40,3.9,0,0.253,Reforma ou serviços,Própria,0
1933.18,8917.46,18,2.079,598.97,30.98,561,1,46,1.5,3,0.384,Crédito pessoal,Alugada,0
7521.28,5016.92,36,0.963,165.57,2.2,655,0,57,4.3,1,0.056,Financiamento de veículo,Financiada,0
7859.77,13579.07,24,0.55,605.51,7.7,870,0,15,5.4,0,0.144,Educação,Alugada,0
7126.72,27813.25,12,0.55,2401.46,33.7,846,0,70,3.2,1,0.325,Financiamento de veículo,Própria,0
3031.41,7036.76,12,0.55,607.57,20.04,931,0,15,5.6,1,0.193,Educação,Alugada,0
5486.53,3303.27,48,1.42,95.39,1.74,713,0,61,1.9,1,0.05,Reforma ou serviços,Alugada,0
2977.27,28690.37,24,0.55,1279.35,42.97,894,0,20,3.2,3,0.803,Financiamento de veículo,Financiada,0
4231.04,24900.11,6,0.819,4269.79,100.92,871,0,67,0.7,0,0.49,Educação,Alugada,0
19762.95,21067.14,24,0.601,945.29,4.78,816,0,86,2.8,2,0.089,Reforma ou serviços,Alugada,0
5517.86,27401.99,18,2.524,1913.03,34.67,566,2,24,1.2,1,0.414,Reforma ou serviços,Alugada,0
2490.27,10572.75,18,1.902,699.14,28.07,682,0,60,0.5,1,0.354,Crédito pessoal,Financiada,1
5815.15,22497.58,48,1.592,673.96,11.59,505,1,51,0.1,0,0.322,Financiamento de veículo,Própria,0
2249.13,5022.85,60,0.716,103.27,4.59,917,0,23,1.6,0,0.186,Reforma ou serviços,Financiada,0
2472.6,17146.32,36,1.796,650.89,26.32,704,0,14,0.7,0,0.578,Reforma ou serviços,Própria,0
2726.89,2794.44,18,1.702,181.55,6.66,656,0,71,2.4,0,0.085,Reforma ou serviços,Própria,0
3947.91,12482.54,12,0.55,1077.77,27.3,839,0,134,2.8,0,0.263,Financiamento de veículo,Própria,0
9295.96,27048.61,12,1.792,2525.22,27.16,770,0,37,9.2,0,0.242,Crédito pessoal,Própria,0
7442.94,40195.64,6,2.476,7291.59,97.97,633,0,7,2.3,1,0.45,Crédito pessoal,Própria,0
7191.61,18901.13,60,2.638,630.85,8.77,614,1,4,0.5,0,0.219,Crédito pessoal,Alugada,0
2630.9,23070.02,12,2.13,2198.98,83.58,419,2,48,4.3,0,0.731,Financiamento de veículo,Alugada,1
3717.47,13463.49,36,0.705,424.74,11.43,911,0,11,2.1,0,0.302,Reforma ou serviços,Alugada,0
6155.21,22182.22,18,1.508,1416.37,23.01,922,0,9,0.2,0,0.3,Consolidação de dívidas,Familiar,0
3522.25,23397.16,36,0.55,718.17,20.39,943,0,23,5.4,0,0.554,Financiamento de veículo,Financiada,0
4375.72,2557.34,48,1.869,81.16,1.85,530,0,70,0.5,0,0.049,Educação,Financiada,0
6836.67,24568.77,18,1.654,1589.29,23.25,778,0,66,0.5,0,0.299,Crédito pessoal,Própria,0
4188.82,15246.1,18,2.048,1021.26,24.38,764,0,73,0.8,1,0.303,Consolidação de dívidas,Alugada,1
5982.36,16399.24,24,1.476,816.47,13.65,800,0,30,2.7,1,0.228,Consolidação de dívidas,Própria,0
13959.36,26681.94,12,0.55,2303.78,16.5,724,0,32,1.3,0,0.159,Financiamento de veículo,Financiada,0
4674.43,9530.44,6,0.733,1629.41,34.86,779,0,90,0.3,0,0.17,Financiamento de veículo,Familiar,0
10803.26,14265.52,48,1.336,404.51,3.74,823,0,35,1.1,1,0.11,Educação,Alugada,0
7355.65,14725.04,24,0.789,675.9,9.19,879,0,14,5.2,1,0.167,Reforma ou serviços,Alugada,0
2093.77,5854.22,24,1.099,278.85,13.32,902,0,24,0.9,2,0.233,Crédito pessoal,Financiada,0
2625.66,2976.0,36,1.117,100.85,3.84,598,1,73,7.0,1,0.094,Financiamento de veículo,Própria,0
3101.32,19154.82,18,1.761,1250.96,40.34,563,0,60,4.6,1,0.515,Crédito pessoal,Própria,0
3060.75,16010.29,36,2.302,659.04,21.53,802,0,39,2.0,0,0.436,Consolidação de dívidas,Própria,0
4916.9,5471.74,6,1.826,971.11,19.75,397,1,10,2.6,0,0.093,Financiamento de veículo,Financiada,0
7612.09,8215.63,12,0.55,709.36,9.32,848,1,59,0.3,1,0.09,Educação,Familiar,0
11323.24,31683.69,48,0.636,767.97,6.78,754,0,34,1.3,2,0.233,Financiamento de veículo,Financiada,0
6294.82,6916.41,48,0.55,164.34,2.61,895,0,14,2.4,0,0.092,Educação,Alugada,0
3944.56,14111.15,12,2.737,1395.47,35.38,641,0,72,2.0,0,0.298,Crédito pessoal,Financiada,0
1500.0,7160.08,24,1.703,365.95,24.4,672,0,35,5.8,0,0.398,Reforma ou serviços,Alugada,0
5432.63,28202.15,36,1.626,1041.11,19.16,622,1,47,1.7,0,0.433,Financiamento de veículo,Própria,0
5283.75,6995.85,18,1.03,427.79,8.1,682,0,99,3.7,1,0.11,Financiamento de veículo,Própria,0
5824.51,24214.51,6,1.83,4298.13,73.79,561,0,55,0.7,1,0.346,Reforma ou serviços,Própria,1
19192.65,16497.83,36,1.767,623.28,3.25,653,1,68,4.0,2,0.072,Financiamento de veículo,Financiada,1
11221.47,16662.53,36,1.781,630.91,5.62,853,0,44,0.5,1,0.124,Crédito pessoal,Familiar,0
8460.4,6655.35,36,0.55,204.28,2.41,886,1,78,7.2,1,0.066,Financiamento de veículo,Própria,0
2863.86,6563.46,12,2.194,628.07,21.93,539,0,17,3.4,0,0.191,Educação,Familiar,0
3783.32,7971.35,24,3.074,474.44,12.54,486,2,10,1.9,0,0.176,Crédito pessoal,Alugada,1
4903.04,7402.02,18,0.55,433.04,8.83,922,0,15,0.9,1,0.126,Financiamento de veículo,Financiada,0
3215.25,7668.36,36,0.799,245.95,7.65,726,0,32,3.3,1,0.199,Financiamento de veículo,Financiada,0
7091.85,52120.5,24,2.535,2925.38,41.25,523,0,68,1.1,2,0.612,Educação,Própria,1
6487.92,8063.87,24,2.126,432.44,6.67,735,0,29,1.3,1,0.104,Crédito pessoal,Própria,0
2648.27,14989.5,18,1.044,917.81,34.66,627,0,67,2.2,2,0.472,Financiamento de veículo,Familiar,0
10920.97,27619.92,24,2.704,1579.3,14.46,542,1,48,5.3,0,0.211,Crédito pessoal,Alugada,0
5540.53,8892.64,24,1.459,441.86,7.97,704,0,150,3.0,0,0.134,Crédito pessoal,Financiada,0
1780.04,7405.22,12,0.734,646.95,36.35,718,0,49,6.6,1,0.347,Financiamento de veículo,Própria,0
5037.08,14002.98,6,1.445,2453.24,48.7,698,0,26,2.8,0,0.232,Educação,Alugada,0
6190.44,14174.31,36,0.663,443.88,7.17,756,0,62,9.3,1,0.191,Financiamento de veículo,Própria,0
9504.73,2272.66,18,1.812,149.1,1.57,832,0,46,2.5,0,0.02,Consolidação de dívidas,Alugada,0
4218.26,16827.43,24,0.615,756.34,17.93,820,0,17,0.1,0,0.332,Educação,Própria,0
8688.33,23059.16,6,2.018,4119.13,47.41,739,0,39,6.4,0,0.221,Crédito pessoal,Própria,0
5839.74,19163.56,18,2.231,1304.38,22.34,692,0,38,6.5,3,0.273,Crédito pessoal,Própria,0
2300.96,11604.36,6,1.432,2032.15,88.32,714,0,40,3.1,0,0.42,Reforma ou serviços,Financiada,1
2162.48,4913.95,18,1.934,325.87,15.07,732,1,18,2.7,0,0.189,Crédito pessoal,Própria,0
10429.58,19477.67,36,1.069,654.64,6.28,619,0,136,3.5,1,0.156,Financiamento de veículo,Financiada,0
10915.34,8020.3,36,0.981,265.5,2.43,796,0,11,7.8,2,0.061,Educação,Alugada,0
6352.59,11144.55,12,1.752,1037.82,16.34,780,0,100,0.5,2,0.146,Crédito pessoal,Financiada,0
13144.41,14068.6,12,1.571,1295.51,9.86,668,0,43,9.0,1,0.089,Crédito pessoal,Própria,0
10011.72,24969.96,12,1.41,2276.41,22.74,796,0,21,3.0,0,0.208,Crédito pessoal,Alugada,0
7944.73,29577.93,48,1.156,806.31,10.15,635,0,122,4.0,0,0.31,Educação,Financiada,0
2955.43,15335.51,18,3.043,1119.04,37.86,520,2,2,0.2,0,0.432,Consolidação de dívidas,Familiar,1
15212.91,14326.03,60,1.086,326.16,2.14,887,0,20,1.3,2,0.078,Reforma ou serviços,Própria,0
7251.19,24316.19,24,1.848,1263.6,17.43,644,0,37,1.8,0,0.279,Crédito pessoal,Alugada,0
4093.66,7439.68,60,1.307,179.68,4.39,832,0,23,4.2,2,0.151,Consolidação de dívidas,Alugada,0
3436.08,8549.34,18,1.021,522.35,15.2,835,0,40,2.2,2,0.207,Crédito pessoal,Alugada,0
6097.41,14344.45,60,1.219,338.48,5.55,601,0,65,2.5,1,0.196,Financiamento de veículo,Familiar,0
1845.23,11905.93,48,2.367,417.75,22.64,665,1,14,2.2,0,0.538,Crédito pessoal,Familiar,0
8024.15,3928.56,12,0.55,339.2,4.23,811,0,51,1.4,1,0.041,Financiamento de veículo,Financiada,0
2879.0,9772.49,60,0.55,191.67,6.66,759,0,69,2.2,2,0.283,Financiamento de veículo,Financiada,0
6543.26,21793.99,24,1.706,1114.2,17.03,585,0,16,1.3,1,0.278,Reforma ou serviços,Financiada,0
3763.14,18414.66,12,2.417,1786.18,47.47,688,0,48,1.7,1,0.408,Crédito pessoal,Alugada,0
4413.73,12574.69,24,0.55,560.72,12.7,845,0,38,0.3,0,0.237,Financiamento de veículo,Alugada,0
3252.34,5850.21,12,1.103,523.19,16.09,758,0,19,4.3,0,0.15,Crédito pessoal,Financiada,0
4705.33,9690.94,36,1.656,359.55,7.64,706,0,20,1.6,2,0.172,Crédito pessoal,Própria,0
16778.09,7624.52,36,1.93,295.77,1.76,551,4,20,6.7,0,0.038,Reforma ou serviços,Financiada,0
12272.92,37311.04,18,0.756,2224.81,18.13,848,0,29,4.0,1,0.253,Reforma ou serviços,Financiada,0
6478.15,8111.84,18,1.252,506.13,7.81,880,0,30,4.8,0,0.104,Crédito pessoal,Própria,0
5119.09,15356.32,6,0.55,2608.88,50.96,949,0,103,2.6,0,0.25,Financiamento de veículo,Financiada,0
8776.37,18925.42,36,0.55,580.91,6.62,805,0,54,3.3,0,0.18,Financiamento de veículo,Alugada,0
10477.61,12945.0,18,3.131,951.7,9.08,657,1,55,6.4,0,0.103,Consolidação de dívidas,Financiada,0
3108.6,13598.39,24,2.456,756.67,24.34,606,1,47,0.6,1,0.365,Crédito pessoal,Alugada,0
4956.24,5580.58,24,1.928,292.64,5.9,402,1,49,4.6,2,0.094,Financiamento de veículo,Própria,1
1680.42,8200.53,36,1.844,313.73,18.67,605,0,58,1.5,3,0.407,Educação,Própria,0
10433.08,11086.91,36,1.478,399.37,3.83,870,0,16,1.8,1,0.089,Crédito pessoal,Alugada,0
18708.42,9061.06,60,2.441,289.22,1.55,624,1,39,1.7,0,0.04,Crédito pessoal,Financiada,0
5464.7,38058.68,36,1.927,1475.59,27.0,779,0,21,3.3,1,0.58,Reforma ou serviços,Alugada,0
1500.0,4084.01,24,2.212,221.14,14.74,658,0,81,0.8,0,0.227,Consolidação de dívidas,Alugada,0
7584.99,28453.39,48,1.119,769.4,10.14,829,0,27,0.6,2,0.313,Educação,Alugada,0
2968.7,12447.44,24,2.875,725.12,24.43,566,1,58,2.0,1,0.349,Crédito pessoal,Alugada,1
3446.58,8886.07,12,1.121,795.55,23.08,800,0,66,1.0,2,0.215,Crédito pessoal,Familiar,1
7668.61,12018.29,24,1.934,630.66,8.22,825,0,52,2.0,0,0.131,Consolidação de dívidas,Financiada,0
6088.99,7536.02,12,2.206,721.66,11.85,585,1,48,3.2,0,0.103,Crédito pessoal,Familiar,0
3842.15,15204.53,24,2.515,851.56,22.16,580,1,43,1.7,1,0.33,Crédito pessoal,Própria,0
3476.07,7376.94,6,1.94,1314.32,37.81,783,0,68,1.9,0,0.177,Crédito pessoal,Própria,1
5621.94,6527.58,12,0.55,563.61,10.03,885,0,22,2.8,3,0.097,Financiamento de veículo,Alugada,0
4034.13,1958.56,12,1.572,180.37,4.47,629,0,55,7.2,1,0.04,Crédito pessoal,Financiada,0
2614.13,7062.97,36,1.215,243.41,9.31,822,0,8,1.4,2,0.225,Reforma ou serviços,Própria,0
4231.13,32736.77,24,0.902,1523.17,36.0,731,0,26,2.7,0,0.645,Reforma ou serviços,Própria,0
6418.64,15412.95,24,2.808,891.36,13.89,586,2,29,1.9,2,0.2,Consolidação de dívidas,Própria,1
4656.36,15925.24,24,0.55,710.13,15.25,968,0,12,0.6,0,0.285,Financiamento de veículo,Alugada,0
2164.7,18242.92,12,1.58,1680.85,77.65,701,0,48,3.7,3,0.702,Crédito pessoal,Financiada,0
9601.11,11206.35,36,1.581,410.6,4.28,913,0,23,7.0,3,0.097,Consolidação de dívidas,Alugada,0
1500.0,4487.23,24,1.248,217.52,14.5,911,0,92,3.2,0,0.249,Consolidação de dívidas,Alugada,0
3942.88,6447.64,12,0.55,556.71,14.12,857,0,35,0.1,1,0.136,Reforma ou serviços,Alugada,0
3540.03,10562.13,24,1.444,523.9,14.8,859,0,65,1.4,3,0.249,Consolidação de dívidas,Familiar,0
5700.36,2932.28,12,2.587,287.37,5.04,507,1,82,3.2,2,0.043,Crédito pessoal,Própria,0
7366.1,20998.62,36,0.733,665.81,9.04,613,0,59,4.6,3,0.238,Financiamento de veículo,Financiada,0
10456.8,18896.1,18,1.707,1228.22,11.75,456,0,32,1.8,1,0.151,Financiamento de veículo,Própria,0
3343.33,18106.18,6,2.618,3300.2,98.71,644,1,42,0.6,0,0.451,Consolidação de dívidas,Própria,1
7480.8,27007.05,12,0.74,2360.32,31.55,674,0,12,2.7,0,0.301,Financiamento de veículo,Financiada,0
5871.24,3819.12,24,0.55,170.3,2.9,857,0,65,2.2,0,0.054,Financiamento de veículo,Própria,0
1799.49,3839.96,36,1.779,145.37,8.08,784,0,154,2.0,0,0.178,Crédito pessoal,Alugada,0
16894.59,6078.32,24,0.806,279.57,1.65,887,0,78,7.1,2,0.03,Crédito pessoal,Financiada,0
2131.06,9275.46,24,1.457,460.74,21.62,608,0,31,7.4,5,0.363,Financiamento de veículo,Alugada,0
6744.63,8400.83,24,0.875,389.58,5.78,655,1,33,0.7,1,0.104,Financiamento de veículo,Própria,0
6622.24,2944.35,48,2.407,104.12,1.57,545,0,80,0.2,0,0.037,Crédito pessoal,Alugada,0
6169.1,23021.03,48,2.356,805.96,13.06,547,1,14,1.8,0,0.311,Crédito pessoal,Alugada,0
3826.77,8301.74,48,1.509,244.33,6.38,718,0,24,3.6,2,0.181,Crédito pessoal,Própria,0
8684.63,8243.55,36,1.248,285.67,3.29,830,0,26,5.1,1,0.079,Reforma ou serviços,Própria,0
1976.31,8878.12,24,0.92,413.94,20.95,728,0,8,1.4,0,0.374,Educação,Própria,0
4992.04,25654.93,24,1.636,1301.11,26.06,641,0,57,1.0,1,0.428,Educação,Financiada,0
3665.84,13265.9,24,1.995,700.97,19.12,708,0,31,2.9,1,0.302,Crédito pessoal,Própria,0
3416.9,9861.95,60,2.07,288.56,8.44,731,0,31,1.6,0,0.241,Consolidação de dívidas,Alugada,0
6783.43,6740.44,36,2.048,266.49,3.93,630,0,46,2.1,1,0.083,Reforma ou serviços,Alugada,0
10142.1,21707.91,24,2.279,1184.33,11.68,557,2,11,4.9,0,0.178,Reforma ou serviços,Alugada,0
4203.17,17899.52,36,1.896,690.57,16.43,406,1,40,1.7,1,0.355,Educação,Alugada,0
8437.46,10113.67,60,1.762,274.42,3.25,575,0,10,2.3,2,0.1,Reforma ou serviços,Familiar,0
5362.86,13528.73,12,2.5,1318.85,24.59,841,0,56,1.0,1,0.21,Consolidação de dívidas,Própria,0
2989.67,3027.67,60,1.215,71.37,2.39,585,0,87,1.0,1,0.084,Financiamento de veículo,Familiar,0
